{"frames":{"moped-couple-asset-147.png":{"frame":{"x":2,"y":2,"w":716,"h":381},"rotated":false,"trimmed":false,"spriteSourceSize":{"x":0,"y":0,"w":716,"h":381},"sourceSize":{"w":716,"h":381},"pivot":{"x":0.5,"y":0.5}},"moped-couple-asset-148.png":{"frame":{"x":2,"y":387,"w":315,"h":199},"rotated":false,"trimmed":false,"spriteSourceSize":{"x":0,"y":0,"w":315,"h":199},"sourceSize":{"w":315,"h":199},"pivot":{"x":0.5,"y":0.5}},"moped-couple-asset-153.png":{"frame":{"x":2,"y":590,"w":212,"h":315},"rotated":false,"trimmed":false,"spriteSourceSize":{"x":0,"y":0,"w":212,"h":315},"sourceSize":{"w":212,"h":315},"pivot":{"x":0.5,"y":0.5}},"moped-couple-asset-149.png":{"frame":{"x":321,"y":387,"w":299,"h":84},"rotated":false,"trimmed":false,"spriteSourceSize":{"x":0,"y":0,"w":299,"h":84},"sourceSize":{"w":299,"h":84},"pivot":{"x":0.5,"y":0.5}},"moped-couple-asset-154.png":{"frame":{"x":218,"y":590,"w":169,"h":286},"rotated":false,"trimmed":false,"spriteSourceSize":{"x":0,"y":0,"w":169,"h":286},"sourceSize":{"w":169,"h":286},"pivot":{"x":0.5,"y":0.5}},"moped-couple-asset-151.png":{"frame":{"x":391,"y":475,"w":277,"h":214},"rotated":false,"trimmed":false,"spriteSourceSize":{"x":0,"y":0,"w":277,"h":214},"sourceSize":{"w":277,"h":214},"pivot":{"x":0.5,"y":0.5}},"moped-couple-asset-161.png":{"frame":{"x":722,"y":2,"w":168,"h":275},"rotated":false,"trimmed":false,"spriteSourceSize":{"x":0,"y":0,"w":168,"h":275},"sourceSize":{"w":168,"h":275},"pivot":{"x":0.5,"y":0.5}},"moped-couple-asset-157.png":{"frame":{"x":894,"y":2,"w":270,"h":270},"rotated":false,"trimmed":false,"spriteSourceSize":{"x":0,"y":0,"w":270,"h":270},"sourceSize":{"w":270,"h":270},"pivot":{"x":0.5,"y":0.5}},"moped-couple-asset-159.png":{"frame":{"x":894,"y":276,"w":270,"h":270},"rotated":false,"trimmed":false,"spriteSourceSize":{"x":0,"y":0,"w":270,"h":270},"sourceSize":{"w":270,"h":270},"pivot":{"x":0.5,"y":0.5}},"moped-couple-asset-113.png":{"frame":{"x":391,"y":693,"w":259,"h":93},"rotated":false,"trimmed":false,"spriteSourceSize":{"x":0,"y":0,"w":259,"h":93},"sourceSize":{"w":259,"h":93},"pivot":{"x":0.5,"y":0.5}},"moped-couple-asset-116.png":{"frame":{"x":391,"y":790,"w":258,"h":93},"rotated":false,"trimmed":false,"spriteSourceSize":{"x":0,"y":0,"w":258,"h":93},"sourceSize":{"w":258,"h":93},"pivot":{"x":0.5,"y":0.5}},"moped-couple-asset-122.png":{"frame":{"x":624,"y":387,"w":257,"h":83},"rotated":false,"trimmed":false,"spriteSourceSize":{"x":0,"y":0,"w":257,"h":83},"sourceSize":{"w":257,"h":83},"pivot":{"x":0.5,"y":0.5}},"moped-couple-asset-110.png":{"frame":{"x":653,"y":790,"w":255,"h":82},"rotated":false,"trimmed":false,"spriteSourceSize":{"x":0,"y":0,"w":255,"h":82},"sourceSize":{"w":255,"h":82},"pivot":{"x":0.5,"y":0.5}},"moped-couple-asset-118.png":{"frame":{"x":654,"y":693,"w":255,"h":83},"rotated":false,"trimmed":false,"spriteSourceSize":{"x":0,"y":0,"w":255,"h":83},"sourceSize":{"w":255,"h":83},"pivot":{"x":0.5,"y":0.5}},"moped-couple-asset-114.png":{"frame":{"x":672,"y":550,"w":254,"h":82},"rotated":false,"trimmed":false,"spriteSourceSize":{"x":0,"y":0,"w":254,"h":82},"sourceSize":{"w":254,"h":82},"pivot":{"x":0.5,"y":0.5}},"moped-couple-asset-150.png":{"frame":{"x":912,"y":780,"w":252,"h":116},"rotated":false,"trimmed":false,"spriteSourceSize":{"x":0,"y":0,"w":252,"h":116},"sourceSize":{"w":252,"h":116},"pivot":{"x":0.5,"y":0.5}},"moped-couple-asset-121.png":{"frame":{"x":913,"y":636,"w":250,"h":90},"rotated":false,"trimmed":false,"spriteSourceSize":{"x":0,"y":0,"w":250,"h":90},"sourceSize":{"w":250,"h":90},"pivot":{"x":0.5,"y":0.5}},"moped-couple-asset-124.png":{"frame":{"x":2,"y":909,"w":248,"h":90},"rotated":false,"trimmed":false,"spriteSourceSize":{"x":0,"y":0,"w":248,"h":90},"sourceSize":{"w":248,"h":90},"pivot":{"x":0.5,"y":0.5}},"moped-couple-asset-75.png":{"frame":{"x":2,"y":1003,"w":90,"h":245},"rotated":false,"trimmed":false,"spriteSourceSize":{"x":0,"y":0,"w":90,"h":245},"sourceSize":{"w":90,"h":245},"pivot":{"x":0.5,"y":0.5}},"moped-couple-asset-74.png":{"frame":{"x":96,"y":1003,"w":90,"h":242},"rotated":false,"trimmed":false,"spriteSourceSize":{"x":0,"y":0,"w":90,"h":242},"sourceSize":{"w":90,"h":242},"pivot":{"x":0.5,"y":0.5}},"moped-couple-asset-78.png":{"frame":{"x":190,"y":1003,"w":91,"h":242},"rotated":false,"trimmed":false,"spriteSourceSize":{"x":0,"y":0,"w":91,"h":242},"sourceSize":{"w":91,"h":242},"pivot":{"x":0.5,"y":0.5}},"moped-couple-asset-172.png":{"frame":{"x":653,"y":876,"w":238,"h":125},"rotated":false,"trimmed":false,"spriteSourceSize":{"x":0,"y":0,"w":238,"h":125},"sourceSize":{"w":238,"h":125},"pivot":{"x":0.5,"y":0.5}},"moped-couple-asset-79.png":{"frame":{"x":285,"y":1005,"w":91,"h":237},"rotated":false,"trimmed":false,"spriteSourceSize":{"x":0,"y":0,"w":91,"h":237},"sourceSize":{"w":91,"h":237},"pivot":{"x":0.5,"y":0.5}},"moped-couple-asset-52.png":{"frame":{"x":380,"y":1005,"w":78,"h":225},"rotated":false,"trimmed":false,"spriteSourceSize":{"x":0,"y":0,"w":78,"h":225},"sourceSize":{"w":78,"h":225},"pivot":{"x":0.5,"y":0.5}},"moped-couple-asset-36.png":{"frame":{"x":462,"y":1005,"w":78,"h":223},"rotated":false,"trimmed":false,"spriteSourceSize":{"x":0,"y":0,"w":78,"h":223},"sourceSize":{"w":78,"h":223},"pivot":{"x":0.5,"y":0.5}},"moped-couple-asset-48.png":{"frame":{"x":544,"y":1005,"w":78,"h":223},"rotated":false,"trimmed":false,"spriteSourceSize":{"x":0,"y":0,"w":78,"h":223},"sourceSize":{"w":78,"h":223},"pivot":{"x":0.5,"y":0.5}},"moped-couple-asset-54.png":{"frame":{"x":626,"y":1005,"w":77,"h":223},"rotated":false,"trimmed":false,"spriteSourceSize":{"x":0,"y":0,"w":77,"h":223},"sourceSize":{"w":77,"h":223},"pivot":{"x":0.5,"y":0.5}},"moped-couple-asset-156.png":{"frame":{"x":707,"y":1005,"w":219,"h":222},"rotated":false,"trimmed":true,"spriteSourceSize":{"x":0,"y":0,"w":219,"h":222},"sourceSize":{"w":220,"h":223},"pivot":{"x":0.5,"y":0.5}},"moped-couple-asset-160.png":{"frame":{"x":930,"y":900,"w":219,"h":222},"rotated":false,"trimmed":true,"spriteSourceSize":{"x":0,"y":0,"w":219,"h":222},"sourceSize":{"w":220,"h":223},"pivot":{"x":0.5,"y":0.5}},"moped-couple-asset-51.png":{"frame":{"x":1168,"y":2,"w":77,"h":222},"rotated":false,"trimmed":false,"spriteSourceSize":{"x":0,"y":0,"w":77,"h":222},"sourceSize":{"w":77,"h":222},"pivot":{"x":0.5,"y":0.5}},"moped-couple-asset-138.png":{"frame":{"x":1249,"y":2,"w":109,"h":221},"rotated":false,"trimmed":false,"spriteSourceSize":{"x":0,"y":0,"w":109,"h":221},"sourceSize":{"w":109,"h":221},"pivot":{"x":0.5,"y":0.5}},"moped-couple-asset-140.png":{"frame":{"x":1167,"y":550,"w":117,"h":221},"rotated":false,"trimmed":false,"spriteSourceSize":{"x":0,"y":0,"w":117,"h":221},"sourceSize":{"w":117,"h":221},"pivot":{"x":0.5,"y":0.5}},"moped-couple-asset-40.png":{"frame":{"x":1249,"y":227,"w":78,"h":220},"rotated":false,"trimmed":false,"spriteSourceSize":{"x":0,"y":0,"w":78,"h":220},"sourceSize":{"w":78,"h":220},"pivot":{"x":0.5,"y":0.5}},"moped-couple-asset-41.png":{"frame":{"x":1168,"y":775,"w":78,"h":220},"rotated":false,"trimmed":false,"spriteSourceSize":{"x":0,"y":0,"w":78,"h":220},"sourceSize":{"w":78,"h":220},"pivot":{"x":0.5,"y":0.5}},"moped-couple-asset-43.png":{"frame":{"x":1250,"y":775,"w":78,"h":216},"rotated":false,"trimmed":false,"spriteSourceSize":{"x":0,"y":0,"w":78,"h":216},"sourceSize":{"w":78,"h":216},"pivot":{"x":0.5,"y":0.5}},"moped-couple-asset-152.png":{"frame":{"x":2,"y":1252,"w":210,"h":165},"rotated":false,"trimmed":false,"spriteSourceSize":{"x":0,"y":0,"w":210,"h":165},"sourceSize":{"w":210,"h":165},"pivot":{"x":0.5,"y":0.5}},"moped-couple-asset-163.png":{"frame":{"x":1168,"y":228,"w":73,"h":209},"rotated":false,"trimmed":false,"spriteSourceSize":{"x":0,"y":0,"w":73,"h":209},"sourceSize":{"w":73,"h":209},"pivot":{"x":0.5,"y":0.5}},"moped-couple-asset-62.png":{"frame":{"x":1250,"y":995,"w":89,"h":206},"rotated":false,"trimmed":false,"spriteSourceSize":{"x":0,"y":0,"w":89,"h":206},"sourceSize":{"w":89,"h":206},"pivot":{"x":0.5,"y":0.5}},"moped-couple-asset-158.png":{"frame":{"x":930,"y":1205,"w":176,"h":205},"rotated":false,"trimmed":false,"spriteSourceSize":{"x":0,"y":0,"w":176,"h":205},"sourceSize":{"w":176,"h":205},"pivot":{"x":0.5,"y":0.5}},"moped-couple-asset-63.png":{"frame":{"x":1153,"y":999,"w":92,"h":203},"rotated":false,"trimmed":false,"spriteSourceSize":{"x":0,"y":0,"w":92,"h":203},"sourceSize":{"w":92,"h":203},"pivot":{"x":0.5,"y":0.5}},"moped-couple-asset-37.png":{"frame":{"x":1288,"y":451,"w":70,"h":201},"rotated":false,"trimmed":false,"spriteSourceSize":{"x":0,"y":0,"w":70,"h":201},"sourceSize":{"w":70,"h":201},"pivot":{"x":0.5,"y":0.5}},"moped-couple-asset-164.png":{"frame":{"x":1110,"y":1206,"w":75,"h":200},"rotated":false,"trimmed":false,"spriteSourceSize":{"x":0,"y":0,"w":75,"h":200},"sourceSize":{"w":75,"h":200},"pivot":{"x":0.5,"y":0.5}},"moped-couple-asset-119.png":{"frame":{"x":707,"y":1231,"w":198,"h":83},"rotated":false,"trimmed":false,"spriteSourceSize":{"x":0,"y":0,"w":198,"h":83},"sourceSize":{"w":198,"h":83},"pivot":{"x":0.5,"y":0.5}},"moped-couple-asset-80.png":{"frame":{"x":1189,"y":1206,"w":62,"h":195},"rotated":false,"trimmed":false,"spriteSourceSize":{"x":0,"y":0,"w":62,"h":195},"sourceSize":{"w":62,"h":195},"pivot":{"x":0.5,"y":0.5}},"moped-couple-asset-85.png":{"frame":{"x":930,"y":550,"w":193,"h":80},"rotated":false,"trimmed":true,"spriteSourceSize":{"x":0,"y":0,"w":193,"h":80},"sourceSize":{"w":194,"h":80},"pivot":{"x":0.5,"y":0.5}},"moped-couple-asset-125.png":{"frame":{"x":216,"y":1318,"w":193,"h":90},"rotated":false,"trimmed":false,"spriteSourceSize":{"x":0,"y":0,"w":193,"h":90},"sourceSize":{"w":193,"h":90},"pivot":{"x":0.5,"y":0.5}},"moped-couple-asset-165.png":{"frame":{"x":1255,"y":1205,"w":75,"h":192},"rotated":false,"trimmed":true,"spriteSourceSize":{"x":0,"y":0,"w":75,"h":192},"sourceSize":{"w":75,"h":209},"pivot":{"x":0.5,"y":0.5}},"moped-couple-asset-81.png":{"frame":{"x":1362,"y":2,"w":60,"h":189},"rotated":false,"trimmed":false,"spriteSourceSize":{"x":0,"y":0,"w":60,"h":189},"sourceSize":{"w":60,"h":189},"pivot":{"x":0.5,"y":0.5}},"moped-couple-asset-77.png":{"frame":{"x":1343,"y":656,"w":72,"h":189},"rotated":false,"trimmed":false,"spriteSourceSize":{"x":0,"y":0,"w":72,"h":189},"sourceSize":{"w":72,"h":189},"pivot":{"x":0.5,"y":0.5}},"moped-couple-asset-76.png":{"frame":{"x":1343,"y":849,"w":62,"h":186},"rotated":false,"trimmed":false,"spriteSourceSize":{"x":0,"y":0,"w":62,"h":186},"sourceSize":{"w":62,"h":186},"pivot":{"x":0.5,"y":0.5}},"moped-couple-asset-117.png":{"frame":{"x":413,"y":1318,"w":185,"h":93},"rotated":false,"trimmed":false,"spriteSourceSize":{"x":0,"y":0,"w":185,"h":93},"sourceSize":{"w":185,"h":93},"pivot":{"x":0.5,"y":0.5}},"moped-couple-asset-133.png":{"frame":{"x":602,"y":1232,"w":86,"h":184},"rotated":false,"trimmed":false,"spriteSourceSize":{"x":0,"y":0,"w":86,"h":184},"sourceSize":{"w":86,"h":184},"pivot":{"x":0.5,"y":0.5}},"moped-couple-asset-166.png":{"frame":{"x":1343,"y":1039,"w":78,"h":183},"rotated":false,"trimmed":true,"spriteSourceSize":{"x":0,"y":0,"w":78,"h":183},"sourceSize":{"w":78,"h":200},"pivot":{"x":0.5,"y":0.5}},"moped-couple-asset-111.png":{"frame":{"x":692,"y":1318,"w":181,"h":87},"rotated":false,"trimmed":false,"spriteSourceSize":{"x":0,"y":0,"w":181,"h":87},"sourceSize":{"w":181,"h":87},"pivot":{"x":0.5,"y":0.5}},"moped-couple-asset-38.png":{"frame":{"x":1334,"y":1226,"w":79,"h":181},"rotated":false,"trimmed":false,"spriteSourceSize":{"x":0,"y":0,"w":79,"h":181},"sourceSize":{"w":79,"h":181},"pivot":{"x":0.5,"y":0.5}},"moped-couple-asset-49.png":{"frame":{"x":1331,"y":227,"w":79,"h":181},"rotated":false,"trimmed":false,"spriteSourceSize":{"x":0,"y":0,"w":79,"h":181},"sourceSize":{"w":79,"h":181},"pivot":{"x":0.5,"y":0.5}},"moped-couple-asset-55.png":{"frame":{"x":2,"y":1421,"w":77,"h":180},"rotated":false,"trimmed":false,"spriteSourceSize":{"x":0,"y":0,"w":77,"h":180},"sourceSize":{"w":77,"h":180},"pivot":{"x":0.5,"y":0.5}},"moped-couple-asset-132.png":{"frame":{"x":83,"y":1421,"w":99,"h":179},"rotated":false,"trimmed":false,"spriteSourceSize":{"x":0,"y":0,"w":99,"h":179},"sourceSize":{"w":99,"h":179},"pivot":{"x":0.5,"y":0.5}},"moped-couple-asset-44.png":{"frame":{"x":186,"y":1421,"w":78,"h":177},"rotated":false,"trimmed":false,"spriteSourceSize":{"x":0,"y":0,"w":78,"h":177},"sourceSize":{"w":78,"h":177},"pivot":{"x":0.5,"y":0.5}},"moped-couple-asset-88.png":{"frame":{"x":380,"y":1234,"w":172,"h":80},"rotated":false,"trimmed":true,"spriteSourceSize":{"x":0,"y":0,"w":172,"h":80},"sourceSize":{"w":173,"h":80},"pivot":{"x":0.5,"y":0.5}},"moped-couple-asset-93.png":{"frame":{"x":722,"y":281,"w":168,"h":58},"rotated":false,"trimmed":false,"spriteSourceSize":{"x":0,"y":0,"w":168,"h":58},"sourceSize":{"w":168,"h":58},"pivot":{"x":0.5,"y":0.5}},"moped-couple-asset-134.png":{"frame":{"x":268,"y":1420,"w":92,"h":167},"rotated":false,"trimmed":false,"spriteSourceSize":{"x":0,"y":0,"w":92,"h":167},"sourceSize":{"w":92,"h":167},"pivot":{"x":0.5,"y":0.5}},"moped-couple-asset-82.png":{"frame":{"x":672,"y":474,"w":165,"h":60},"rotated":false,"trimmed":false,"spriteSourceSize":{"x":0,"y":0,"w":165,"h":60},"sourceSize":{"w":165,"h":60},"pivot":{"x":0.5,"y":0.5}},"moped-couple-asset-90.png":{"frame":{"x":216,"y":1249,"w":157,"h":58},"rotated":false,"trimmed":false,"spriteSourceSize":{"x":0,"y":0,"w":157,"h":58},"sourceSize":{"w":157,"h":58},"pivot":{"x":0.5,"y":0.5}},"moped-couple-asset-96.png":{"frame":{"x":930,"y":1126,"w":154,"h":58},"rotated":false,"trimmed":false,"spriteSourceSize":{"x":0,"y":0,"w":154,"h":58},"sourceSize":{"w":154,"h":58},"pivot":{"x":0.5,"y":0.5}},"moped-couple-asset-86.png":{"frame":{"x":254,"y":887,"w":145,"h":67},"rotated":false,"trimmed":false,"spriteSourceSize":{"x":0,"y":0,"w":145,"h":67},"sourceSize":{"w":145,"h":67},"pivot":{"x":0.5,"y":0.5}},"moped-couple-asset-89.png":{"frame":{"x":403,"y":887,"w":145,"h":84},"rotated":false,"trimmed":true,"spriteSourceSize":{"x":0,"y":0,"w":145,"h":84},"sourceSize":{"w":146,"h":84},"pivot":{"x":0.5,"y":0.5}},"moped-couple-asset-20.png":{"frame":{"x":1362,"y":412,"w":52,"h":144},"rotated":false,"trimmed":false,"spriteSourceSize":{"x":0,"y":0,"w":52,"h":144},"sourceSize":{"w":52,"h":144},"pivot":{"x":0.5,"y":0.5}},"moped-couple-asset-94.png":{"frame":{"x":1110,"y":1410,"w":144,"h":58},"rotated":false,"trimmed":false,"spriteSourceSize":{"x":0,"y":0,"w":144,"h":58},"sourceSize":{"w":144,"h":58},"pivot":{"x":0.5,"y":0.5}},"moped-couple-asset-23.png":{"frame":{"x":1258,"y":1401,"w":52,"h":143},"rotated":false,"trimmed":false,"spriteSourceSize":{"x":0,"y":0,"w":52,"h":143},"sourceSize":{"w":52,"h":143},"pivot":{"x":0.5,"y":0.5}},"moped-couple-asset-28.png":{"frame":{"x":364,"y":1412,"w":44,"h":138},"rotated":false,"trimmed":false,"spriteSourceSize":{"x":0,"y":0,"w":44,"h":138},"sourceSize":{"w":44,"h":138},"pivot":{"x":0.5,"y":0.5}},"moped-couple-asset-167.png":{"frame":{"x":412,"y":1420,"w":52,"h":137},"rotated":false,"trimmed":false,"spriteSourceSize":{"x":0,"y":0,"w":52,"h":137},"sourceSize":{"w":52,"h":137},"pivot":{"x":0.5,"y":0.5}},"moped-couple-asset-31.png":{"frame":{"x":877,"y":1318,"w":44,"h":136},"rotated":false,"trimmed":false,"spriteSourceSize":{"x":0,"y":0,"w":44,"h":136},"sourceSize":{"w":44,"h":136},"pivot":{"x":0.5,"y":0.5}},"moped-couple-asset-127.png":{"frame":{"x":468,"y":1458,"w":53,"h":135},"rotated":false,"trimmed":false,"spriteSourceSize":{"x":0,"y":0,"w":53,"h":135},"sourceSize":{"w":53,"h":135},"pivot":{"x":0.5,"y":0.5}},"moped-couple-asset-168.png":{"frame":{"x":525,"y":1458,"w":61,"h":135},"rotated":false,"trimmed":false,"spriteSourceSize":{"x":0,"y":0,"w":61,"h":135},"sourceSize":{"w":61,"h":135},"pivot":{"x":0.5,"y":0.5}},"moped-couple-asset-128.png":{"frame":{"x":590,"y":1458,"w":57,"h":134},"rotated":false,"trimmed":false,"spriteSourceSize":{"x":0,"y":0,"w":57,"h":134},"sourceSize":{"w":57,"h":134},"pivot":{"x":0.5,"y":0.5}},"moped-couple-asset-17.png":{"frame":{"x":651,"y":1458,"w":44,"h":133},"rotated":false,"trimmed":false,"spriteSourceSize":{"x":0,"y":0,"w":44,"h":133},"sourceSize":{"w":44,"h":133},"pivot":{"x":0.5,"y":0.5}},"moped-couple-asset-25.png":{"frame":{"x":699,"y":1458,"w":44,"h":133},"rotated":false,"trimmed":false,"spriteSourceSize":{"x":0,"y":0,"w":44,"h":133},"sourceSize":{"w":44,"h":133},"pivot":{"x":0.5,"y":0.5}},"moped-couple-asset-97.png":{"frame":{"x":925,"y":1414,"w":133,"h":64},"rotated":false,"trimmed":false,"spriteSourceSize":{"x":0,"y":0,"w":133,"h":64},"sourceSize":{"w":133,"h":64},"pivot":{"x":0.5,"y":0.5}},"moped-couple-asset-139.png":{"frame":{"x":747,"y":1482,"w":132,"h":82},"rotated":false,"trimmed":false,"spriteSourceSize":{"x":0,"y":0,"w":132,"h":82},"sourceSize":{"w":132,"h":82},"pivot":{"x":0.5,"y":0.5}},"moped-couple-asset-21.png":{"frame":{"x":1314,"y":1411,"w":45,"h":132},"rotated":false,"trimmed":false,"spriteSourceSize":{"x":0,"y":0,"w":45,"h":132},"sourceSize":{"w":45,"h":132},"pivot":{"x":0.5,"y":0.5}},"moped-couple-asset-29.png":{"frame":{"x":1062,"y":1414,"w":44,"h":131},"rotated":false,"trimmed":false,"spriteSourceSize":{"x":0,"y":0,"w":44,"h":131},"sourceSize":{"w":44,"h":131},"pivot":{"x":0.5,"y":0.5}},"moped-couple-asset-70.png":{"frame":{"x":1363,"y":1411,"w":39,"h":130},"rotated":false,"trimmed":false,"spriteSourceSize":{"x":0,"y":0,"w":39,"h":130},"sourceSize":{"w":39,"h":130},"pivot":{"x":0.5,"y":0.5}},"moped-couple-asset-67.png":{"frame":{"x":1110,"y":1472,"w":39,"h":124},"rotated":false,"trimmed":false,"spriteSourceSize":{"x":0,"y":0,"w":39,"h":124},"sourceSize":{"w":39,"h":124},"pivot":{"x":0.5,"y":0.5}},"moped-couple-asset-34.png":{"frame":{"x":1153,"y":1472,"w":90,"h":122},"rotated":false,"trimmed":false,"spriteSourceSize":{"x":0,"y":0,"w":90,"h":122},"sourceSize":{"w":90,"h":122},"pivot":{"x":0.5,"y":0.5}},"moped-couple-asset-35.png":{"frame":{"x":1426,"y":2,"w":90,"h":122},"rotated":false,"trimmed":false,"spriteSourceSize":{"x":0,"y":0,"w":90,"h":122},"sourceSize":{"w":90,"h":122},"pivot":{"x":0.5,"y":0.5}},"moped-couple-asset-8.png":{"frame":{"x":1426,"y":128,"w":61,"h":122},"rotated":false,"trimmed":false,"spriteSourceSize":{"x":0,"y":0,"w":61,"h":122},"sourceSize":{"w":61,"h":122},"pivot":{"x":0.5,"y":0.5}},"moped-couple-asset-91.png":{"frame":{"x":747,"y":1409,"w":122,"h":64},"rotated":false,"trimmed":false,"spriteSourceSize":{"x":0,"y":0,"w":122,"h":64},"sourceSize":{"w":122,"h":64},"pivot":{"x":0.5,"y":0.5}},"moped-couple-asset-46.png":{"frame":{"x":1425,"y":254,"w":91,"h":121},"rotated":false,"trimmed":false,"spriteSourceSize":{"x":0,"y":0,"w":91,"h":121},"sourceSize":{"w":91,"h":121},"pivot":{"x":0.5,"y":0.5}},"moped-couple-asset-47.png":{"frame":{"x":1425,"y":379,"w":91,"h":121},"rotated":false,"trimmed":false,"spriteSourceSize":{"x":0,"y":0,"w":91,"h":121},"sourceSize":{"w":91,"h":121},"pivot":{"x":0.5,"y":0.5}},"moped-couple-asset-179.png":{"frame":{"x":1425,"y":504,"w":69,"h":120},"rotated":false,"trimmed":false,"spriteSourceSize":{"x":0,"y":0,"w":69,"h":120},"sourceSize":{"w":69,"h":120},"pivot":{"x":0.5,"y":0.5}},"moped-couple-asset-33.png":{"frame":{"x":883,"y":1482,"w":79,"h":118},"rotated":false,"trimmed":false,"spriteSourceSize":{"x":0,"y":0,"w":79,"h":118},"sourceSize":{"w":79,"h":118},"pivot":{"x":0.5,"y":0.5}},"moped-couple-asset-45.png":{"frame":{"x":966,"y":1482,"w":79,"h":118},"rotated":false,"trimmed":false,"spriteSourceSize":{"x":0,"y":0,"w":79,"h":118},"sourceSize":{"w":79,"h":118},"pivot":{"x":0.5,"y":0.5}},"moped-couple-asset-126.png":{"frame":{"x":1520,"y":2,"w":117,"h":72},"rotated":false,"trimmed":false,"spriteSourceSize":{"x":0,"y":0,"w":117,"h":72},"sourceSize":{"w":117,"h":72},"pivot":{"x":0.5,"y":0.5}},"moped-couple-asset-131.png":{"frame":{"x":1520,"y":78,"w":117,"h":63},"rotated":false,"trimmed":false,"spriteSourceSize":{"x":0,"y":0,"w":117,"h":63},"sourceSize":{"w":117,"h":63},"pivot":{"x":0.5,"y":0.5}},"moped-couple-asset-83.png":{"frame":{"x":1520,"y":145,"w":117,"h":73},"rotated":false,"trimmed":false,"spriteSourceSize":{"x":0,"y":0,"w":117,"h":73},"sourceSize":{"w":117,"h":73},"pivot":{"x":0.5,"y":0.5}},"moped-couple-asset-10.png":{"frame":{"x":552,"y":887,"w":66,"h":114},"rotated":false,"trimmed":false,"spriteSourceSize":{"x":0,"y":0,"w":66,"h":114},"sourceSize":{"w":66,"h":114},"pivot":{"x":0.5,"y":0.5}},"moped-couple-asset-112.png":{"frame":{"x":1168,"y":451,"w":112,"h":79},"rotated":false,"trimmed":true,"spriteSourceSize":{"x":0,"y":0,"w":112,"h":79},"sourceSize":{"w":179,"h":81},"pivot":{"x":0.5,"y":0.5}},"moped-couple-asset-115.png":{"frame":{"x":1520,"y":222,"w":111,"h":74},"rotated":false,"trimmed":false,"spriteSourceSize":{"x":0,"y":0,"w":111,"h":74},"sourceSize":{"w":111,"h":74},"pivot":{"x":0.5,"y":0.5}},"moped-couple-asset-123.png":{"frame":{"x":1520,"y":300,"w":110,"h":73},"rotated":false,"trimmed":false,"spriteSourceSize":{"x":0,"y":0,"w":110,"h":73},"sourceSize":{"w":110,"h":73},"pivot":{"x":0.5,"y":0.5}},"moped-couple-asset-120.png":{"frame":{"x":1520,"y":377,"w":109,"h":78},"rotated":false,"trimmed":false,"spriteSourceSize":{"x":0,"y":0,"w":109,"h":78},"sourceSize":{"w":109,"h":78},"pivot":{"x":0.5,"y":0.5}},"moped-couple-asset-176.png":{"frame":{"x":1520,"y":459,"w":93,"h":109},"rotated":false,"trimmed":false,"spriteSourceSize":{"x":0,"y":0,"w":93,"h":109},"sourceSize":{"w":93,"h":109},"pivot":{"x":0.5,"y":0.5}},"moped-couple-asset-144.png":{"frame":{"x":1498,"y":572,"w":91,"h":107},"rotated":false,"trimmed":false,"spriteSourceSize":{"x":0,"y":0,"w":91,"h":107},"sourceSize":{"w":91,"h":107},"pivot":{"x":0.5,"y":0.5}},"moped-couple-asset-7.png":{"frame":{"x":1419,"y":628,"w":73,"h":107},"rotated":false,"trimmed":false,"spriteSourceSize":{"x":0,"y":0,"w":73,"h":107},"sourceSize":{"w":73,"h":107},"pivot":{"x":0.5,"y":0.5}},"moped-couple-asset-137.png":{"frame":{"x":1496,"y":683,"w":102,"h":105},"rotated":false,"trimmed":false,"spriteSourceSize":{"x":0,"y":0,"w":102,"h":105},"sourceSize":{"w":102,"h":105},"pivot":{"x":0.5,"y":0.5}},"moped-couple-asset-24.png":{"frame":{"x":321,"y":475,"w":53,"h":104},"rotated":false,"trimmed":false,"spriteSourceSize":{"x":0,"y":0,"w":53,"h":104},"sourceSize":{"w":53,"h":104},"pivot":{"x":0.5,"y":0.5}},"moped-couple-asset-84.png":{"frame":{"x":1425,"y":792,"w":103,"h":64},"rotated":false,"trimmed":false,"spriteSourceSize":{"x":0,"y":0,"w":103,"h":64},"sourceSize":{"w":103,"h":64},"pivot":{"x":0.5,"y":0.5}},"moped-couple-asset-136.png":{"frame":{"x":1532,"y":792,"w":102,"h":100},"rotated":false,"trimmed":false,"spriteSourceSize":{"x":0,"y":0,"w":102,"h":100},"sourceSize":{"w":102,"h":100},"pivot":{"x":0.5,"y":0.5}},"moped-couple-asset-177.png":{"frame":{"x":1425,"y":860,"w":83,"h":97},"rotated":false,"trimmed":false,"spriteSourceSize":{"x":0,"y":0,"w":83,"h":97},"sourceSize":{"w":83,"h":97},"pivot":{"x":0.5,"y":0.5}},"moped-couple-asset-178.png":{"frame":{"x":1512,"y":896,"w":78,"h":97},"rotated":false,"trimmed":false,"spriteSourceSize":{"x":0,"y":0,"w":78,"h":97},"sourceSize":{"w":78,"h":97},"pivot":{"x":0.5,"y":0.5}},"moped-couple-asset-135.png":{"frame":{"x":1425,"y":961,"w":78,"h":96},"rotated":false,"trimmed":false,"spriteSourceSize":{"x":0,"y":0,"w":78,"h":96},"sourceSize":{"w":78,"h":96},"pivot":{"x":0.5,"y":0.5}},"moped-couple-asset-173.png":{"frame":{"x":1507,"y":997,"w":84,"h":93},"rotated":false,"trimmed":false,"spriteSourceSize":{"x":0,"y":0,"w":84,"h":93},"sourceSize":{"w":84,"h":93},"pivot":{"x":0.5,"y":0.5}},"moped-couple-asset-18.png":{"frame":{"x":1288,"y":656,"w":51,"h":93},"rotated":false,"trimmed":false,"spriteSourceSize":{"x":0,"y":0,"w":51,"h":93},"sourceSize":{"w":51,"h":93},"pivot":{"x":0.5,"y":0.5}},"moped-couple-asset-61.png":{"frame":{"x":1425,"y":1061,"w":71,"h":93},"rotated":false,"trimmed":false,"spriteSourceSize":{"x":0,"y":0,"w":71,"h":93},"sourceSize":{"w":71,"h":93},"pivot":{"x":0.5,"y":0.5}},"moped-couple-asset-58.png":{"frame":{"x":1500,"y":1094,"w":92,"h":86},"rotated":false,"trimmed":false,"spriteSourceSize":{"x":0,"y":0,"w":92,"h":86},"sourceSize":{"w":92,"h":86},"pivot":{"x":0.5,"y":0.5}},"moped-couple-asset-92.png":{"frame":{"x":1425,"y":1184,"w":91,"h":58},"rotated":false,"trimmed":false,"spriteSourceSize":{"x":0,"y":0,"w":91,"h":58},"sourceSize":{"w":91,"h":58},"pivot":{"x":0.5,"y":0.5}},"moped-couple-asset-32.png":{"frame":{"x":1362,"y":560,"w":48,"h":90},"rotated":false,"trimmed":false,"spriteSourceSize":{"x":0,"y":0,"w":48,"h":90},"sourceSize":{"w":48,"h":90},"pivot":{"x":0.5,"y":0.5}},"moped-couple-asset-56.png":{"frame":{"x":672,"y":636,"w":89,"h":51},"rotated":false,"trimmed":false,"spriteSourceSize":{"x":0,"y":0,"w":89,"h":51},"sourceSize":{"w":89,"h":51},"pivot":{"x":0.5,"y":0.5}},"moped-couple-asset-71.png":{"frame":{"x":1520,"y":1184,"w":88,"h":89},"rotated":false,"trimmed":false,"spriteSourceSize":{"x":0,"y":0,"w":88,"h":89},"sourceSize":{"w":88,"h":89},"pivot":{"x":0.5,"y":0.5}},"moped-couple-asset-53.png":{"frame":{"x":1417,"y":1246,"w":57,"h":88},"rotated":false,"trimmed":false,"spriteSourceSize":{"x":0,"y":0,"w":57,"h":88},"sourceSize":{"w":57,"h":88},"pivot":{"x":0.5,"y":0.5}},"moped-couple-asset-180.png":{"frame":{"x":254,"y":975,"w":87,"h":22},"rotated":false,"trimmed":false,"spriteSourceSize":{"x":0,"y":0,"w":87,"h":22},"sourceSize":{"w":87,"h":22},"pivot":{"x":0.5,"y":0.5}},"moped-couple-asset-39.png":{"frame":{"x":1478,"y":1277,"w":59,"h":87},"rotated":false,"trimmed":false,"spriteSourceSize":{"x":0,"y":0,"w":59,"h":87},"sourceSize":{"w":59,"h":87},"pivot":{"x":0.5,"y":0.5}},"moped-couple-asset-50.png":{"frame":{"x":1417,"y":1338,"w":57,"h":86},"rotated":false,"trimmed":false,"spriteSourceSize":{"x":0,"y":0,"w":57,"h":86},"sourceSize":{"w":57,"h":86},"pivot":{"x":0.5,"y":0.5}},"moped-couple-asset-59.png":{"frame":{"x":1541,"y":1277,"w":61,"h":86},"rotated":false,"trimmed":false,"spriteSourceSize":{"x":0,"y":0,"w":61,"h":86},"sourceSize":{"w":61,"h":86},"pivot":{"x":0.5,"y":0.5}},"moped-couple-asset-72.png":{"frame":{"x":1541,"y":1367,"w":86,"h":81},"rotated":false,"trimmed":false,"spriteSourceSize":{"x":0,"y":0,"w":86,"h":81},"sourceSize":{"w":86,"h":81},"pivot":{"x":0.5,"y":0.5}},"moped-couple-asset-26.png":{"frame":{"x":1478,"y":1368,"w":48,"h":85},"rotated":false,"trimmed":false,"spriteSourceSize":{"x":0,"y":0,"w":48,"h":85},"sourceSize":{"w":48,"h":85},"pivot":{"x":0.5,"y":0.5}},"moped-couple-asset-3.png":{"frame":{"x":1406,"y":1428,"w":51,"h":85},"rotated":false,"trimmed":false,"spriteSourceSize":{"x":0,"y":0,"w":51,"h":85},"sourceSize":{"w":51,"h":85},"pivot":{"x":0.5,"y":0.5}},"moped-couple-asset-9.png":{"frame":{"x":1406,"y":1517,"w":81,"h":84},"rotated":false,"trimmed":false,"spriteSourceSize":{"x":0,"y":0,"w":81,"h":84},"sourceSize":{"w":81,"h":84},"pivot":{"x":0.5,"y":0.5}},"moped-couple-asset-42.png":{"frame":{"x":1530,"y":1452,"w":60,"h":83},"rotated":false,"trimmed":false,"spriteSourceSize":{"x":0,"y":0,"w":60,"h":83},"sourceSize":{"w":60,"h":83},"pivot":{"x":0.5,"y":0.5}},"moped-couple-asset-87.png":{"frame":{"x":2,"y":1605,"w":83,"h":69},"rotated":false,"trimmed":false,"spriteSourceSize":{"x":0,"y":0,"w":83,"h":69},"sourceSize":{"w":83,"h":69},"pivot":{"x":0.5,"y":0.5}},"moped-couple-asset-141.png":{"frame":{"x":268,"y":1591,"w":82,"h":82},"rotated":false,"trimmed":false,"spriteSourceSize":{"x":0,"y":0,"w":82,"h":82},"sourceSize":{"w":82,"h":82},"pivot":{"x":0.5,"y":0.5}},"moped-couple-asset-142.png":{"frame":{"x":590,"y":1596,"w":82,"h":78},"rotated":false,"trimmed":false,"spriteSourceSize":{"x":0,"y":0,"w":82,"h":78},"sourceSize":{"w":82,"h":78},"pivot":{"x":0.5,"y":0.5}},"moped-couple-asset-1.png":{"frame":{"x":676,"y":1605,"w":80,"h":68},"rotated":false,"trimmed":false,"spriteSourceSize":{"x":0,"y":0,"w":80,"h":68},"sourceSize":{"w":80,"h":68},"pivot":{"x":0.5,"y":0.5}},"moped-couple-asset-13.png":{"frame":{"x":1049,"y":1549,"w":55,"h":78},"rotated":false,"trimmed":false,"spriteSourceSize":{"x":0,"y":0,"w":55,"h":78},"sourceSize":{"w":55,"h":78},"pivot":{"x":0.5,"y":0.5}},"moped-couple-asset-16.png":{"frame":{"x":186,"y":1602,"w":78,"h":20},"rotated":false,"trimmed":false,"spriteSourceSize":{"x":0,"y":0,"w":78,"h":20},"sourceSize":{"w":78,"h":20},"pivot":{"x":0.5,"y":0.5}},"moped-couple-asset-95.png":{"frame":{"x":765,"y":636,"w":78,"h":49},"rotated":false,"trimmed":false,"spriteSourceSize":{"x":0,"y":0,"w":78,"h":49},"sourceSize":{"w":78,"h":49},"pivot":{"x":0.5,"y":0.5}},"moped-couple-asset-174.png":{"frame":{"x":1153,"y":1598,"w":70,"h":76},"rotated":false,"trimmed":false,"spriteSourceSize":{"x":0,"y":0,"w":70,"h":76},"sourceSize":{"w":70,"h":76},"pivot":{"x":0.5,"y":0.5}},"moped-couple-asset-73.png":{"frame":{"x":722,"y":343,"w":76,"h":40},"rotated":false,"trimmed":false,"spriteSourceSize":{"x":0,"y":0,"w":76,"h":40},"sourceSize":{"w":76,"h":40},"pivot":{"x":0.5,"y":0.5}},"moped-couple-asset-4.png":{"frame":{"x":1314,"y":1547,"w":75,"h":56},"rotated":false,"trimmed":false,"spriteSourceSize":{"x":0,"y":0,"w":75,"h":56},"sourceSize":{"w":75,"h":56},"pivot":{"x":0.5,"y":0.5}},"moped-couple-asset-130.png":{"frame":{"x":1088,"y":1126,"w":48,"h":74},"rotated":false,"trimmed":false,"spriteSourceSize":{"x":0,"y":0,"w":48,"h":74},"sourceSize":{"w":48,"h":74},"pivot":{"x":0.5,"y":0.5}},"moped-couple-asset-175.png":{"frame":{"x":1227,"y":1598,"w":71,"h":73},"rotated":false,"trimmed":false,"spriteSourceSize":{"x":0,"y":0,"w":71,"h":73},"sourceSize":{"w":71,"h":73},"pivot":{"x":0.5,"y":0.5}},"moped-couple-asset-2.png":{"frame":{"x":354,"y":1597,"w":51,"h":73},"rotated":false,"trimmed":false,"spriteSourceSize":{"x":0,"y":0,"w":51,"h":73},"sourceSize":{"w":51,"h":73},"pivot":{"x":0.5,"y":0.5}},"heart-asset-2.png":{"frame":{"x":409,"y":1561,"w":52,"h":71},"rotated":false,"trimmed":false,"spriteSourceSize":{"x":0,"y":0,"w":52,"h":71},"sourceSize":{"w":52,"h":71},"pivot":{"x":0.5,"y":0.5}},"heart-asset-3.png":{"frame":{"x":465,"y":1597,"w":53,"h":71},"rotated":false,"trimmed":false,"spriteSourceSize":{"x":0,"y":0,"w":53,"h":71},"sourceSize":{"w":53,"h":71},"pivot":{"x":0.5,"y":0.5}},"heart-asset-4.png":{"frame":{"x":522,"y":1597,"w":53,"h":71},"rotated":false,"trimmed":false,"spriteSourceSize":{"x":0,"y":0,"w":53,"h":71},"sourceSize":{"w":53,"h":71},"pivot":{"x":0.5,"y":0.5}},"heart-asset-5.png":{"frame":{"x":760,"y":1568,"w":53,"h":71},"rotated":false,"trimmed":false,"spriteSourceSize":{"x":0,"y":0,"w":53,"h":71},"sourceSize":{"w":53,"h":71},"pivot":{"x":0.5,"y":0.5}},"moped-couple-asset-185.png":{"frame":{"x":913,"y":730,"w":71,"h":46},"rotated":false,"trimmed":false,"spriteSourceSize":{"x":0,"y":0,"w":71,"h":46},"sourceSize":{"w":71,"h":46},"pivot":{"x":0.5,"y":0.5}},"heart-asset-1.png":{"frame":{"x":89,"y":1604,"w":51,"h":70},"rotated":false,"trimmed":false,"spriteSourceSize":{"x":0,"y":0,"w":51,"h":70},"sourceSize":{"w":51,"h":70},"pivot":{"x":0.5,"y":0.5}},"moped-couple-asset-11.png":{"frame":{"x":988,"y":730,"w":70,"h":45},"rotated":false,"trimmed":false,"spriteSourceSize":{"x":0,"y":0,"w":70,"h":45},"sourceSize":{"w":70,"h":45},"pivot":{"x":0.5,"y":0.5}},"moped-couple-asset-19.png":{"frame":{"x":817,"y":1604,"w":45,"h":70},"rotated":false,"trimmed":false,"spriteSourceSize":{"x":0,"y":0,"w":45,"h":70},"sourceSize":{"w":45,"h":70},"pivot":{"x":0.5,"y":0.5}},"moped-couple-asset-27.png":{"frame":{"x":1596,"y":896,"w":41,"h":70},"rotated":false,"trimmed":false,"spriteSourceSize":{"x":0,"y":0,"w":41,"h":70},"sourceSize":{"w":41,"h":70},"pivot":{"x":0.5,"y":0.5}},"moped-couple-asset-22.png":{"frame":{"x":1393,"y":1605,"w":45,"h":69},"rotated":false,"trimmed":false,"spriteSourceSize":{"x":0,"y":0,"w":45,"h":69},"sourceSize":{"w":45,"h":69},"pivot":{"x":0.5,"y":0.5}},"moped-couple-asset-30.png":{"frame":{"x":1594,"y":1452,"w":43,"h":68},"rotated":false,"trimmed":false,"spriteSourceSize":{"x":0,"y":0,"w":43,"h":68},"sourceSize":{"w":43,"h":68},"pivot":{"x":0.5,"y":0.5}},"moped-couple-asset-170.png":{"frame":{"x":1302,"y":1607,"w":47,"h":66},"rotated":false,"trimmed":false,"spriteSourceSize":{"x":0,"y":0,"w":47,"h":66},"sourceSize":{"w":47,"h":66},"pivot":{"x":0.5,"y":0.5}},"moped-couple-asset-57.png":{"frame":{"x":468,"y":1420,"w":62,"h":34},"rotated":false,"trimmed":false,"spriteSourceSize":{"x":0,"y":0,"w":62,"h":34},"sourceSize":{"w":62,"h":34},"pivot":{"x":0.5,"y":0.5}},"moped-couple-asset-12.png":{"frame":{"x":841,"y":474,"w":49,"h":60},"rotated":false,"trimmed":false,"spriteSourceSize":{"x":0,"y":0,"w":49,"h":60},"sourceSize":{"w":49,"h":60},"pivot":{"x":0.5,"y":0.5}},"moped-couple-asset-184.png":{"frame":{"x":1593,"y":572,"w":44,"h":59},"rotated":false,"trimmed":false,"spriteSourceSize":{"x":0,"y":0,"w":44,"h":59},"sourceSize":{"w":44,"h":59},"pivot":{"x":0.5,"y":0.5}},"moped-couple-asset-66.png":{"frame":{"x":144,"y":1604,"w":37,"h":59},"rotated":false,"trimmed":false,"spriteSourceSize":{"x":0,"y":0,"w":37,"h":59},"sourceSize":{"w":37,"h":59},"pivot":{"x":0.5,"y":0.5}},"moped-couple-asset-182.png":{"frame":{"x":1442,"y":1605,"w":52,"h":58},"rotated":false,"trimmed":false,"spriteSourceSize":{"x":0,"y":0,"w":52,"h":58},"sourceSize":{"w":52,"h":58},"pivot":{"x":0.5,"y":0.5}},"moped-couple-asset-60.png":{"frame":{"x":1491,"y":1539,"w":51,"h":58},"rotated":false,"trimmed":false,"spriteSourceSize":{"x":0,"y":0,"w":51,"h":58},"sourceSize":{"w":51,"h":58},"pivot":{"x":0.5,"y":0.5}},"moped-couple-asset-64.png":{"frame":{"x":1461,"y":1457,"w":50,"h":56},"rotated":false,"trimmed":false,"spriteSourceSize":{"x":0,"y":0,"w":50,"h":56},"sourceSize":{"w":50,"h":56},"pivot":{"x":0.5,"y":0.5}},"moped-couple-asset-129.png":{"frame":{"x":866,"y":1604,"w":44,"h":54},"rotated":false,"trimmed":false,"spriteSourceSize":{"x":0,"y":0,"w":44,"h":54},"sourceSize":{"w":44,"h":54},"pivot":{"x":0.5,"y":0.5}},"moped-couple-asset-14.png":{"frame":{"x":1247,"y":1548,"w":53,"h":44},"rotated":false,"trimmed":false,"spriteSourceSize":{"x":0,"y":0,"w":53,"h":44},"sourceSize":{"w":53,"h":44},"pivot":{"x":0.5,"y":0.5}},"moped-couple-asset-183.png":{"frame":{"x":847,"y":636,"w":52,"h":52},"rotated":false,"trimmed":false,"spriteSourceSize":{"x":0,"y":0,"w":52,"h":52},"sourceSize":{"w":52,"h":52},"pivot":{"x":0.5,"y":0.5}},"moped-couple-asset-69.png":{"frame":{"x":1127,"y":550,"w":36,"h":52},"rotated":false,"trimmed":false,"spriteSourceSize":{"x":0,"y":0,"w":36,"h":52},"sourceSize":{"w":36,"h":52},"pivot":{"x":0.5,"y":0.5}},"moped-couple-asset-143.png":{"frame":{"x":692,"y":1409,"w":50,"h":37},"rotated":false,"trimmed":false,"spriteSourceSize":{"x":0,"y":0,"w":50,"h":37},"sourceSize":{"w":50,"h":37},"pivot":{"x":0.5,"y":0.5}},"moped-couple-asset-169.png":{"frame":{"x":1108,"y":1600,"w":41,"h":45},"rotated":false,"trimmed":false,"spriteSourceSize":{"x":0,"y":0,"w":41,"h":45},"sourceSize":{"w":41,"h":45},"pivot":{"x":0.5,"y":0.5}},"moped-couple-asset-145.png":{"frame":{"x":409,"y":1636,"w":44,"h":38},"rotated":false,"trimmed":false,"spriteSourceSize":{"x":0,"y":0,"w":44,"h":38},"sourceSize":{"w":44,"h":38},"pivot":{"x":0.5,"y":0.5}},"moped-couple-asset-65.png":{"frame":{"x":345,"y":958,"w":34,"h":42},"rotated":false,"trimmed":false,"spriteSourceSize":{"x":0,"y":0,"w":34,"h":42},"sourceSize":{"w":34,"h":42},"pivot":{"x":0.5,"y":0.5}},"moped-couple-asset-68.png":{"frame":{"x":364,"y":1554,"w":32,"h":36},"rotated":false,"trimmed":false,"spriteSourceSize":{"x":0,"y":0,"w":32,"h":36},"sourceSize":{"w":32,"h":36},"pivot":{"x":0.5,"y":0.5}},"moped-couple-asset-99.png":{"frame":{"x":1153,"y":900,"w":11,"h":32},"rotated":false,"trimmed":false,"spriteSourceSize":{"x":0,"y":0,"w":11,"h":32},"sourceSize":{"w":11,"h":32},"pivot":{"x":0.5,"y":0.5}},"moped-couple-asset-103.png":{"frame":{"x":895,"y":900,"w":31,"h":11},"rotated":false,"trimmed":false,"spriteSourceSize":{"x":0,"y":0,"w":31,"h":11},"sourceSize":{"w":31,"h":11},"pivot":{"x":0.5,"y":0.5}},"moped-couple-asset-181.png":{"frame":{"x":1498,"y":504,"w":18,"h":30},"rotated":false,"trimmed":false,"spriteSourceSize":{"x":0,"y":0,"w":18,"h":30},"sourceSize":{"w":18,"h":30},"pivot":{"x":0.5,"y":0.5}},"moped-couple-asset-102.png":{"frame":{"x":1478,"y":1246,"w":24,"h":27},"rotated":false,"trimmed":false,"spriteSourceSize":{"x":0,"y":0,"w":24,"h":27},"sourceSize":{"w":24,"h":27},"pivot":{"x":0.5,"y":0.5}},"moped-couple-asset-15.png":{"frame":{"x":1512,"y":860,"w":16,"h":27},"rotated":false,"trimmed":false,"spriteSourceSize":{"x":0,"y":0,"w":16,"h":27},"sourceSize":{"w":16,"h":27},"pivot":{"x":0.5,"y":0.5}},"moped-couple-asset-104.png":{"frame":{"x":1491,"y":128,"w":24,"h":21},"rotated":false,"trimmed":false,"spriteSourceSize":{"x":0,"y":0,"w":24,"h":21},"sourceSize":{"w":24,"h":21},"pivot":{"x":0.5,"y":0.5}},"moped-couple-asset-108.png":{"frame":{"x":218,"y":880,"w":21,"h":24},"rotated":false,"trimmed":false,"spriteSourceSize":{"x":0,"y":0,"w":21,"h":24},"sourceSize":{"w":21,"h":24},"pivot":{"x":0.5,"y":0.5}},"moped-couple-asset-98.png":{"frame":{"x":1425,"y":1158,"w":24,"h":21},"rotated":false,"trimmed":false,"spriteSourceSize":{"x":0,"y":0,"w":24,"h":21},"sourceSize":{"w":24,"h":21},"pivot":{"x":0.5,"y":0.5}},"moped-couple-asset-106.png":{"frame":{"x":873,"y":1458,"w":23,"h":20},"rotated":false,"trimmed":false,"spriteSourceSize":{"x":0,"y":0,"w":23,"h":20},"sourceSize":{"w":23,"h":20},"pivot":{"x":0.5,"y":0.5}},"moped-couple-asset-107.png":{"frame":{"x":1594,"y":970,"w":23,"h":23},"rotated":false,"trimmed":false,"spriteSourceSize":{"x":0,"y":0,"w":23,"h":23},"sourceSize":{"w":23,"h":23},"pivot":{"x":0.5,"y":0.5}},"moped-couple-asset-105.png":{"frame":{"x":1453,"y":1158,"w":22,"h":22},"rotated":false,"trimmed":false,"spriteSourceSize":{"x":0,"y":0,"w":22,"h":22},"sourceSize":{"w":22,"h":22},"pivot":{"x":0.5,"y":0.5}},"moped-couple-asset-109.png":{"frame":{"x":914,"y":1649,"w":22,"h":22},"rotated":false,"trimmed":false,"spriteSourceSize":{"x":0,"y":0,"w":22,"h":22},"sourceSize":{"w":22,"h":22},"pivot":{"x":0.5,"y":0.5}},"moped-couple-asset-100.png":{"frame":{"x":1617,"y":459,"w":20,"h":17},"rotated":false,"trimmed":false,"spriteSourceSize":{"x":0,"y":0,"w":20,"h":17},"sourceSize":{"w":20,"h":17},"pivot":{"x":0.5,"y":0.5}},"moped-couple-asset-101.png":{"frame":{"x":1288,"y":753,"w":18,"h":18},"rotated":false,"trimmed":false,"spriteSourceSize":{"x":0,"y":0,"w":18,"h":18},"sourceSize":{"w":18,"h":18},"pivot":{"x":0.5,"y":0.5}},"moped-couple-asset-171.png":{"frame":{"x":1506,"y":1246,"w":10,"h":10},"rotated":false,"trimmed":false,"spriteSourceSize":{"x":0,"y":0,"w":10,"h":10},"sourceSize":{"w":10,"h":10},"pivot":{"x":0.5,"y":0.5}},"moped-couple-asset-5.png":{"frame":{"x":1506,"y":1260,"w":10,"h":10},"rotated":false,"trimmed":false,"spriteSourceSize":{"x":0,"y":0,"w":10,"h":10},"sourceSize":{"w":10,"h":10},"pivot":{"x":0.5,"y":0.5}},"heart-asset-6.png":{"frame":{"x":89,"y":1604,"w":51,"h":70},"rotated":false,"trimmed":false,"spriteSourceSize":{"x":0,"y":0,"w":51,"h":70},"sourceSize":{"w":51,"h":70},"pivot":{"x":0.5,"y":0.5}},"moped-couple-asset-6.png":{"frame":{"x":1506,"y":1246,"w":10,"h":10},"rotated":false,"trimmed":false,"spriteSourceSize":{"x":0,"y":0,"w":10,"h":10},"sourceSize":{"w":10,"h":10},"pivot":{"x":0.5,"y":0.5}}},"meta":{"app":"http://github.com/odrick/free-tex-packer-core","version":"0.1.9","image":"character5.png","format":"RGBA8888","size":{"w":2048,"h":2048},"scale":1}}