{"frames":{"santa-asset-179.png":{"frame":{"x":2,"y":2,"w":1037,"h":495},"rotated":false,"trimmed":false,"spriteSourceSize":{"x":0,"y":0,"w":1037,"h":495},"sourceSize":{"w":1037,"h":495},"pivot":{"x":0.5,"y":0.5}},"santa-asset-189.png":{"frame":{"x":2,"y":501,"w":769,"h":62},"rotated":false,"trimmed":false,"spriteSourceSize":{"x":0,"y":0,"w":769,"h":62},"sourceSize":{"w":769,"h":62},"pivot":{"x":0.5,"y":0.5}},"santa-asset-180.png":{"frame":{"x":2,"y":567,"w":639,"h":186},"rotated":false,"trimmed":false,"spriteSourceSize":{"x":0,"y":0,"w":639,"h":186},"sourceSize":{"w":639,"h":186},"pivot":{"x":0.5,"y":0.5}},"santa-asset-191.png":{"frame":{"x":2,"y":757,"w":531,"h":266},"rotated":false,"trimmed":false,"spriteSourceSize":{"x":0,"y":0,"w":531,"h":266},"sourceSize":{"w":531,"h":266},"pivot":{"x":0.5,"y":0.5}},"santa-asset-169.png":{"frame":{"x":537,"y":757,"w":467,"h":192},"rotated":false,"trimmed":true,"spriteSourceSize":{"x":0,"y":0,"w":467,"h":192},"sourceSize":{"w":467,"h":193},"pivot":{"x":0.5,"y":0.5}},"santa-asset-181.png":{"frame":{"x":645,"y":567,"w":379,"h":179},"rotated":false,"trimmed":false,"spriteSourceSize":{"x":0,"y":0,"w":379,"h":179},"sourceSize":{"w":379,"h":179},"pivot":{"x":0.5,"y":0.5}},"santa-asset-184.png":{"frame":{"x":2,"y":1027,"w":365,"h":253},"rotated":false,"trimmed":false,"spriteSourceSize":{"x":0,"y":0,"w":365,"h":253},"sourceSize":{"w":365,"h":253},"pivot":{"x":0.5,"y":0.5}},"santa-asset-167.png":{"frame":{"x":371,"y":1027,"w":352,"h":201},"rotated":false,"trimmed":false,"spriteSourceSize":{"x":0,"y":0,"w":352,"h":201},"sourceSize":{"w":352,"h":201},"pivot":{"x":0.5,"y":0.5}},"santa-asset-183.png":{"frame":{"x":1043,"y":2,"w":348,"h":286},"rotated":false,"trimmed":false,"spriteSourceSize":{"x":0,"y":0,"w":348,"h":286},"sourceSize":{"w":348,"h":286},"pivot":{"x":0.5,"y":0.5}},"santa-asset-186.png":{"frame":{"x":1043,"y":292,"w":334,"h":237},"rotated":false,"trimmed":false,"spriteSourceSize":{"x":0,"y":0,"w":334,"h":237},"sourceSize":{"w":334,"h":237},"pivot":{"x":0.5,"y":0.5}},"santa-asset-185.png":{"frame":{"x":727,"y":953,"w":284,"h":322},"rotated":false,"trimmed":false,"spriteSourceSize":{"x":0,"y":0,"w":284,"h":322},"sourceSize":{"w":284,"h":322},"pivot":{"x":0.5,"y":0.5}},"santa-asset-188.png":{"frame":{"x":1008,"y":750,"w":296,"h":186},"rotated":false,"trimmed":false,"spriteSourceSize":{"x":0,"y":0,"w":296,"h":186},"sourceSize":{"w":296,"h":186},"pivot":{"x":0.5,"y":0.5}},"santa-asset-187.png":{"frame":{"x":1015,"y":940,"w":228,"h":287},"rotated":false,"trimmed":false,"spriteSourceSize":{"x":0,"y":0,"w":228,"h":287},"sourceSize":{"w":228,"h":287},"pivot":{"x":0.5,"y":0.5}},"santa-asset-182.png":{"frame":{"x":1028,"y":533,"w":254,"h":171},"rotated":false,"trimmed":false,"spriteSourceSize":{"x":0,"y":0,"w":254,"h":171},"sourceSize":{"w":254,"h":171},"pivot":{"x":0.5,"y":0.5}},"santa-asset-172.png":{"frame":{"x":537,"y":953,"w":180,"h":55},"rotated":false,"trimmed":false,"spriteSourceSize":{"x":0,"y":0,"w":180,"h":55},"sourceSize":{"w":180,"h":55},"pivot":{"x":0.5,"y":0.5}},"santa-asset-173.png":{"frame":{"x":775,"y":501,"w":180,"h":55},"rotated":false,"trimmed":false,"spriteSourceSize":{"x":0,"y":0,"w":180,"h":55},"sourceSize":{"w":180,"h":55},"pivot":{"x":0.5,"y":0.5}},"santa-asset-170.png":{"frame":{"x":1308,"y":533,"w":38,"h":155},"rotated":false,"trimmed":true,"spriteSourceSize":{"x":0,"y":1,"w":38,"h":155},"sourceSize":{"w":38,"h":156},"pivot":{"x":0.5,"y":0.5}},"santa-asset-175.png":{"frame":{"x":1308,"y":692,"w":75,"h":153},"rotated":false,"trimmed":false,"spriteSourceSize":{"x":0,"y":0,"w":75,"h":153},"sourceSize":{"w":75,"h":153},"pivot":{"x":0.5,"y":0.5}},"santa-asset-192.png":{"frame":{"x":1247,"y":940,"w":113,"h":151},"rotated":false,"trimmed":false,"spriteSourceSize":{"x":0,"y":0,"w":113,"h":151},"sourceSize":{"w":113,"h":151},"pivot":{"x":0.5,"y":0.5}},"santa-asset-176.png":{"frame":{"x":2,"y":1284,"w":150,"h":104},"rotated":false,"trimmed":false,"spriteSourceSize":{"x":0,"y":0,"w":150,"h":104},"sourceSize":{"w":150,"h":104},"pivot":{"x":0.5,"y":0.5}},"santa-asset-177.png":{"frame":{"x":156,"y":1284,"w":150,"h":104},"rotated":false,"trimmed":false,"spriteSourceSize":{"x":0,"y":0,"w":150,"h":104},"sourceSize":{"w":150,"h":104},"pivot":{"x":0.5,"y":0.5}},"santa-asset-171.png":{"frame":{"x":371,"y":1232,"w":75,"h":149},"rotated":false,"trimmed":false,"spriteSourceSize":{"x":0,"y":0,"w":75,"h":149},"sourceSize":{"w":75,"h":149},"pivot":{"x":0.5,"y":0.5}},"santa-asset-156.png":{"frame":{"x":1247,"y":1095,"w":135,"h":84},"rotated":false,"trimmed":false,"spriteSourceSize":{"x":0,"y":0,"w":135,"h":84},"sourceSize":{"w":135,"h":84},"pivot":{"x":0.5,"y":0.5}},"santa-asset-178.png":{"frame":{"x":450,"y":1232,"w":90,"h":112},"rotated":false,"trimmed":false,"spriteSourceSize":{"x":0,"y":0,"w":90,"h":112},"sourceSize":{"w":90,"h":112},"pivot":{"x":0.5,"y":0.5}},"santa-asset-190.png":{"frame":{"x":544,"y":1232,"w":95,"h":110},"rotated":false,"trimmed":false,"spriteSourceSize":{"x":0,"y":0,"w":95,"h":110},"sourceSize":{"w":95,"h":110},"pivot":{"x":0.5,"y":0.5}},"santa-asset-174.png":{"frame":{"x":643,"y":1279,"w":90,"h":107},"rotated":false,"trimmed":false,"spriteSourceSize":{"x":0,"y":0,"w":90,"h":107},"sourceSize":{"w":90,"h":107},"pivot":{"x":0.5,"y":0.5}},"santa-asset-168.png":{"frame":{"x":737,"y":1279,"w":102,"h":102},"rotated":false,"trimmed":false,"spriteSourceSize":{"x":0,"y":0,"w":102,"h":102},"sourceSize":{"w":102,"h":102},"pivot":{"x":0.5,"y":0.5}},"santa-asset-166.png":{"frame":{"x":843,"y":1279,"w":101,"h":101},"rotated":false,"trimmed":true,"spriteSourceSize":{"x":0,"y":0,"w":101,"h":101},"sourceSize":{"w":102,"h":102},"pivot":{"x":0.5,"y":0.5}},"santa-asset-148.png":{"frame":{"x":948,"y":1279,"w":83,"h":97},"rotated":false,"trimmed":false,"spriteSourceSize":{"x":0,"y":0,"w":83,"h":97},"sourceSize":{"w":83,"h":97},"pivot":{"x":0.5,"y":0.5}},"santa-asset-155.png":{"frame":{"x":1028,"y":708,"w":87,"h":36},"rotated":false,"trimmed":false,"spriteSourceSize":{"x":0,"y":0,"w":87,"h":36},"sourceSize":{"w":87,"h":36},"pivot":{"x":0.5,"y":0.5}},"santa-asset-149.png":{"frame":{"x":1308,"y":849,"w":62,"h":72},"rotated":false,"trimmed":false,"spriteSourceSize":{"x":0,"y":0,"w":62,"h":72},"sourceSize":{"w":62,"h":72},"pivot":{"x":0.5,"y":0.5}},"santa-asset-159.png":{"frame":{"x":1350,"y":533,"w":30,"h":63},"rotated":false,"trimmed":false,"spriteSourceSize":{"x":0,"y":0,"w":30,"h":63},"sourceSize":{"w":30,"h":63},"pivot":{"x":0.5,"y":0.5}},"santa-asset-163.png":{"frame":{"x":959,"y":501,"w":38,"h":59},"rotated":false,"trimmed":false,"spriteSourceSize":{"x":0,"y":0,"w":38,"h":59},"sourceSize":{"w":38,"h":59},"pivot":{"x":0.5,"y":0.5}},"santa-asset-147.png":{"frame":{"x":1350,"y":600,"w":41,"h":48},"rotated":false,"trimmed":false,"spriteSourceSize":{"x":0,"y":0,"w":41,"h":48},"sourceSize":{"w":41,"h":48},"pivot":{"x":0.5,"y":0.5}},"santa-asset-150.png":{"frame":{"x":310,"y":1284,"w":45,"h":48},"rotated":false,"trimmed":false,"spriteSourceSize":{"x":0,"y":0,"w":45,"h":48},"sourceSize":{"w":45,"h":48},"pivot":{"x":0.5,"y":0.5}},"santa-asset-152.png":{"frame":{"x":544,"y":1346,"w":48,"h":42},"rotated":false,"trimmed":false,"spriteSourceSize":{"x":0,"y":0,"w":48,"h":42},"sourceSize":{"w":48,"h":42},"pivot":{"x":0.5,"y":0.5}},"santa-asset-151.png":{"frame":{"x":310,"y":1336,"w":47,"h":45},"rotated":false,"trimmed":false,"spriteSourceSize":{"x":0,"y":0,"w":47,"h":45},"sourceSize":{"w":47,"h":45},"pivot":{"x":0.5,"y":0.5}},"santa-asset-153.png":{"frame":{"x":1247,"y":1183,"w":47,"h":45},"rotated":false,"trimmed":false,"spriteSourceSize":{"x":0,"y":0,"w":47,"h":45},"sourceSize":{"w":47,"h":45},"pivot":{"x":0.5,"y":0.5}},"santa-asset-157.png":{"frame":{"x":1298,"y":1183,"w":29,"h":47},"rotated":false,"trimmed":false,"spriteSourceSize":{"x":0,"y":0,"w":29,"h":47},"sourceSize":{"w":29,"h":47},"pivot":{"x":0.5,"y":0.5}},"santa-asset-162.png":{"frame":{"x":1119,"y":708,"w":47,"h":37},"rotated":false,"trimmed":false,"spriteSourceSize":{"x":0,"y":0,"w":47,"h":37},"sourceSize":{"w":47,"h":37},"pivot":{"x":0.5,"y":0.5}},"santa-asset-160.png":{"frame":{"x":1170,"y":708,"w":45,"h":37},"rotated":false,"trimmed":false,"spriteSourceSize":{"x":0,"y":0,"w":45,"h":37},"sourceSize":{"w":45,"h":37},"pivot":{"x":0.5,"y":0.5}},"santa-asset-161.png":{"frame":{"x":1219,"y":708,"w":45,"h":33},"rotated":false,"trimmed":false,"spriteSourceSize":{"x":0,"y":0,"w":45,"h":33},"sourceSize":{"w":45,"h":33},"pivot":{"x":0.5,"y":0.5}},"santa-asset-158.png":{"frame":{"x":596,"y":1346,"w":36,"h":42},"rotated":false,"trimmed":false,"spriteSourceSize":{"x":0,"y":0,"w":36,"h":42},"sourceSize":{"w":36,"h":42},"pivot":{"x":0.5,"y":0.5}},"santa-asset-164.png":{"frame":{"x":1350,"y":652,"w":35,"h":35},"rotated":false,"trimmed":false,"spriteSourceSize":{"x":0,"y":0,"w":35,"h":35},"sourceSize":{"w":35,"h":35},"pivot":{"x":0.5,"y":0.5}},"santa-asset-154.png":{"frame":{"x":1286,"y":533,"w":18,"h":30},"rotated":false,"trimmed":false,"spriteSourceSize":{"x":0,"y":0,"w":18,"h":30},"sourceSize":{"w":18,"h":30},"pivot":{"x":0.5,"y":0.5}},"santa-asset-165.png":{"frame":{"x":1381,"y":292,"w":10,"h":10},"rotated":false,"trimmed":false,"spriteSourceSize":{"x":0,"y":0,"w":10,"h":10},"sourceSize":{"w":10,"h":10},"pivot":{"x":0.5,"y":0.5}}},"meta":{"app":"http://github.com/odrick/free-tex-packer-core","version":"0.1.9","image":"c.png","format":"RGBA8888","size":{"w":2048,"h":2048},"scale":1}}