{"frames":{"i-beam-body.png":{"frame":{"x":2,"y":2,"w":800,"h":64},"rotated":false,"trimmed":false,"spriteSourceSize":{"x":0,"y":0,"w":800,"h":64},"sourceSize":{"w":800,"h":64},"pivot":{"x":0.5,"y":0.5}},"log-full.png":{"frame":{"x":2,"y":70,"w":72,"h":800},"rotated":false,"trimmed":false,"spriteSourceSize":{"x":0,"y":0,"w":72,"h":800},"sourceSize":{"w":72,"h":800},"pivot":{"x":0.5,"y":0.5}},"log-half-2.png":{"frame":{"x":78,"y":70,"w":72,"h":424},"rotated":false,"trimmed":false,"spriteSourceSize":{"x":0,"y":0,"w":72,"h":424},"sourceSize":{"w":72,"h":424},"pivot":{"x":0.5,"y":0.5}},"NPC-176.png":{"frame":{"x":154,"y":70,"w":321,"h":424},"rotated":false,"trimmed":false,"spriteSourceSize":{"x":0,"y":0,"w":321,"h":424},"sourceSize":{"w":321,"h":424},"pivot":{"x":0.5,"y":0.5}},"harpoon.png":{"frame":{"x":78,"y":498,"w":420,"h":58},"rotated":false,"trimmed":false,"spriteSourceSize":{"x":0,"y":0,"w":420,"h":58},"sourceSize":{"w":420,"h":58},"pivot":{"x":0.5,"y":0.5}},"log-half-1.png":{"frame":{"x":479,"y":70,"w":73,"h":416},"rotated":false,"trimmed":false,"spriteSourceSize":{"x":0,"y":0,"w":73,"h":416},"sourceSize":{"w":73,"h":416},"pivot":{"x":0.5,"y":0.5}},"meteor.png":{"frame":{"x":806,"y":2,"w":407,"h":401},"rotated":false,"trimmed":false,"spriteSourceSize":{"x":0,"y":0,"w":407,"h":401},"sourceSize":{"w":407,"h":401},"pivot":{"x":0.5,"y":0.5}},"NPC-175.png":{"frame":{"x":502,"y":490,"w":304,"h":368},"rotated":false,"trimmed":false,"spriteSourceSize":{"x":0,"y":0,"w":304,"h":368},"sourceSize":{"w":304,"h":368},"pivot":{"x":0.5,"y":0.5}},"harpoon-blood-3.png":{"frame":{"x":556,"y":407,"w":327,"h":46},"rotated":false,"trimmed":false,"spriteSourceSize":{"x":0,"y":0,"w":327,"h":46},"sourceSize":{"w":327,"h":46},"pivot":{"x":0.5,"y":0.5}},"harpoon-blood-2.png":{"frame":{"x":887,"y":407,"w":311,"h":40},"rotated":false,"trimmed":true,"spriteSourceSize":{"x":0,"y":0,"w":311,"h":40},"sourceSize":{"w":311,"h":58},"pivot":{"x":0.5,"y":0.5}},"harpoon-blood-5.png":{"frame":{"x":887,"y":451,"w":297,"h":58},"rotated":false,"trimmed":false,"spriteSourceSize":{"x":0,"y":0,"w":297,"h":58},"sourceSize":{"w":297,"h":58},"pivot":{"x":0.5,"y":0.5}},"NPC-556.png":{"frame":{"x":78,"y":560,"w":182,"h":268},"rotated":false,"trimmed":false,"spriteSourceSize":{"x":0,"y":0,"w":182,"h":268},"sourceSize":{"w":182,"h":268},"pivot":{"x":0.5,"y":0.5}},"NPC-155.png":{"frame":{"x":264,"y":560,"w":180,"h":264},"rotated":false,"trimmed":false,"spriteSourceSize":{"x":0,"y":0,"w":180,"h":264},"sourceSize":{"w":180,"h":264},"pivot":{"x":0.5,"y":0.5}},"NPC-310.png":{"frame":{"x":556,"y":70,"w":172,"h":264},"rotated":false,"trimmed":false,"spriteSourceSize":{"x":0,"y":0,"w":172,"h":264},"sourceSize":{"w":172,"h":264},"pivot":{"x":0.5,"y":0.5}},"NPC-154.png":{"frame":{"x":810,"y":513,"w":164,"h":259},"rotated":false,"trimmed":false,"spriteSourceSize":{"x":0,"y":0,"w":164,"h":259},"sourceSize":{"w":164,"h":259},"pivot":{"x":0.5,"y":0.5}},"NPC-3.png":{"frame":{"x":978,"y":513,"w":118,"h":259},"rotated":false,"trimmed":false,"spriteSourceSize":{"x":0,"y":0,"w":118,"h":259},"sourceSize":{"w":118,"h":259},"pivot":{"x":0.5,"y":0.5}},"NPC-157.png":{"frame":{"x":2,"y":874,"w":180,"h":259},"rotated":false,"trimmed":false,"spriteSourceSize":{"x":0,"y":0,"w":180,"h":259},"sourceSize":{"w":180,"h":259},"pivot":{"x":0.5,"y":0.5}},"NPC-562.png":{"frame":{"x":186,"y":862,"w":82,"h":258},"rotated":false,"trimmed":false,"spriteSourceSize":{"x":0,"y":0,"w":82,"h":258},"sourceSize":{"w":82,"h":258},"pivot":{"x":0.5,"y":0.5}},"NPC-309.png":{"frame":{"x":272,"y":862,"w":165,"h":256},"rotated":false,"trimmed":false,"spriteSourceSize":{"x":0,"y":0,"w":165,"h":256},"sourceSize":{"w":165,"h":256},"pivot":{"x":0.5,"y":0.5}},"NPC-560.png":{"frame":{"x":441,"y":862,"w":82,"h":255},"rotated":false,"trimmed":false,"spriteSourceSize":{"x":0,"y":0,"w":82,"h":255},"sourceSize":{"w":82,"h":255},"pivot":{"x":0.5,"y":0.5}},"NPC-156.png":{"frame":{"x":527,"y":862,"w":164,"h":254},"rotated":false,"trimmed":false,"spriteSourceSize":{"x":0,"y":0,"w":164,"h":254},"sourceSize":{"w":164,"h":254},"pivot":{"x":0.5,"y":0.5}},"NPC-312.png":{"frame":{"x":695,"y":862,"w":172,"h":254},"rotated":false,"trimmed":false,"spriteSourceSize":{"x":0,"y":0,"w":172,"h":254},"sourceSize":{"w":172,"h":254},"pivot":{"x":0.5,"y":0.5}},"NPC-563.png":{"frame":{"x":1100,"y":513,"w":89,"h":252},"rotated":false,"trimmed":false,"spriteSourceSize":{"x":0,"y":0,"w":89,"h":252},"sourceSize":{"w":89,"h":252},"pivot":{"x":0.5,"y":0.5}},"NPC-561.png":{"frame":{"x":1100,"y":769,"w":89,"h":249},"rotated":false,"trimmed":false,"spriteSourceSize":{"x":0,"y":0,"w":89,"h":249},"sourceSize":{"w":89,"h":249},"pivot":{"x":0.5,"y":0.5}},"NPC-311.png":{"frame":{"x":871,"y":776,"w":165,"h":246},"rotated":false,"trimmed":false,"spriteSourceSize":{"x":0,"y":0,"w":165,"h":246},"sourceSize":{"w":165,"h":246},"pivot":{"x":0.5,"y":0.5}},"harpoon-blood-1.png":{"frame":{"x":556,"y":338,"w":235,"h":54},"rotated":false,"trimmed":true,"spriteSourceSize":{"x":0,"y":0,"w":235,"h":54},"sourceSize":{"w":242,"h":54},"pivot":{"x":0.5,"y":0.5}},"harpoon-blood-4.png":{"frame":{"x":264,"y":828,"w":226,"h":30},"rotated":false,"trimmed":false,"spriteSourceSize":{"x":0,"y":0,"w":226,"h":30},"sourceSize":{"w":226,"h":30},"pivot":{"x":0.5,"y":0.5}},"NPC-184.png":{"frame":{"x":2,"y":1137,"w":220,"h":159},"rotated":false,"trimmed":false,"spriteSourceSize":{"x":0,"y":0,"w":220,"h":159},"sourceSize":{"w":220,"h":159},"pivot":{"x":0.5,"y":0.5}},"NPC-185.png":{"frame":{"x":226,"y":1124,"w":220,"h":170},"rotated":false,"trimmed":false,"spriteSourceSize":{"x":0,"y":0,"w":220,"h":170},"sourceSize":{"w":220,"h":170},"pivot":{"x":0.5,"y":0.5}},"harpoon-gun-body.png":{"frame":{"x":871,"y":1026,"w":74,"h":216},"rotated":false,"trimmed":false,"spriteSourceSize":{"x":0,"y":0,"w":74,"h":216},"sourceSize":{"w":74,"h":216},"pivot":{"x":0.5,"y":0.5}},"NPC-104.png":{"frame":{"x":949,"y":1026,"w":93,"h":214},"rotated":false,"trimmed":false,"spriteSourceSize":{"x":0,"y":0,"w":93,"h":214},"sourceSize":{"w":93,"h":214},"pivot":{"x":0.5,"y":0.5}},"NPC-124.png":{"frame":{"x":1046,"y":1022,"w":93,"h":214},"rotated":false,"trimmed":false,"spriteSourceSize":{"x":0,"y":0,"w":93,"h":214},"sourceSize":{"w":93,"h":214},"pivot":{"x":0.5,"y":0.5}},"NPC-91.png":{"frame":{"x":1217,"y":2,"w":84,"h":209},"rotated":false,"trimmed":false,"spriteSourceSize":{"x":0,"y":0,"w":84,"h":209},"sourceSize":{"w":84,"h":209},"pivot":{"x":0.5,"y":0.5}},"NPC-120.png":{"frame":{"x":1202,"y":407,"w":86,"h":208},"rotated":false,"trimmed":false,"spriteSourceSize":{"x":0,"y":0,"w":86,"h":208},"sourceSize":{"w":86,"h":208},"pivot":{"x":0.5,"y":0.5}},"NPC-182.png":{"frame":{"x":450,"y":1121,"w":204,"h":88},"rotated":false,"trimmed":false,"spriteSourceSize":{"x":0,"y":0,"w":204,"h":88},"sourceSize":{"w":204,"h":88},"pivot":{"x":0.5,"y":0.5}},"NPC-319.png":{"frame":{"x":1193,"y":619,"w":107,"h":202},"rotated":false,"trimmed":false,"spriteSourceSize":{"x":0,"y":0,"w":107,"h":202},"sourceSize":{"w":107,"h":202},"pivot":{"x":0.5,"y":0.5}},"NPC-321.png":{"frame":{"x":1193,"y":825,"w":107,"h":201},"rotated":false,"trimmed":false,"spriteSourceSize":{"x":0,"y":0,"w":107,"h":201},"sourceSize":{"w":107,"h":201},"pivot":{"x":0.5,"y":0.5}},"harpoon-gun-base-2.png":{"frame":{"x":2,"y":1300,"w":200,"h":197},"rotated":false,"trimmed":false,"spriteSourceSize":{"x":0,"y":0,"w":200,"h":197},"sourceSize":{"w":200,"h":197},"pivot":{"x":0.5,"y":0.5}},"NPC-564.png":{"frame":{"x":226,"y":1298,"w":71,"h":199},"rotated":false,"trimmed":false,"spriteSourceSize":{"x":0,"y":0,"w":71,"h":199},"sourceSize":{"w":71,"h":199},"pivot":{"x":0.5,"y":0.5}},"NPC-126.png":{"frame":{"x":301,"y":1298,"w":104,"h":193},"rotated":false,"trimmed":false,"spriteSourceSize":{"x":0,"y":0,"w":104,"h":193},"sourceSize":{"w":104,"h":193},"pivot":{"x":0.5,"y":0.5}},"NPC-318.png":{"frame":{"x":409,"y":1298,"w":93,"h":190},"rotated":false,"trimmed":false,"spriteSourceSize":{"x":0,"y":0,"w":93,"h":190},"sourceSize":{"w":93,"h":190},"pivot":{"x":0.5,"y":0.5}},"NPC-125.png":{"frame":{"x":506,"y":1246,"w":93,"h":190},"rotated":false,"trimmed":false,"spriteSourceSize":{"x":0,"y":0,"w":93,"h":190},"sourceSize":{"w":93,"h":190},"pivot":{"x":0.5,"y":0.5}},"NPC-128.png":{"frame":{"x":1143,"y":1030,"w":104,"h":190},"rotated":false,"trimmed":false,"spriteSourceSize":{"x":0,"y":0,"w":104,"h":190},"sourceSize":{"w":104,"h":190},"pivot":{"x":0.5,"y":0.5}},"NPC-130.png":{"frame":{"x":1143,"y":1224,"w":99,"h":189},"rotated":false,"trimmed":false,"spriteSourceSize":{"x":0,"y":0,"w":99,"h":189},"sourceSize":{"w":99,"h":189},"pivot":{"x":0.5,"y":0.5}},"NPC-320.png":{"frame":{"x":1046,"y":1240,"w":93,"h":189},"rotated":false,"trimmed":false,"spriteSourceSize":{"x":0,"y":0,"w":93,"h":189},"sourceSize":{"w":93,"h":189},"pivot":{"x":0.5,"y":0.5}},"NPC-296.png":{"frame":{"x":1217,"y":215,"w":84,"h":188},"rotated":false,"trimmed":false,"spriteSourceSize":{"x":0,"y":0,"w":84,"h":188},"sourceSize":{"w":84,"h":188},"pivot":{"x":0.5,"y":0.5}},"NPC-298.png":{"frame":{"x":949,"y":1244,"w":88,"h":188},"rotated":false,"trimmed":false,"spriteSourceSize":{"x":0,"y":0,"w":88,"h":188},"sourceSize":{"w":88,"h":188},"pivot":{"x":0.5,"y":0.5}},"NPC-299.png":{"frame":{"x":603,"y":1246,"w":85,"h":187},"rotated":false,"trimmed":false,"spriteSourceSize":{"x":0,"y":0,"w":85,"h":187},"sourceSize":{"w":85,"h":187},"pivot":{"x":0.5,"y":0.5}},"NPC-127.png":{"frame":{"x":692,"y":1246,"w":93,"h":187},"rotated":false,"trimmed":false,"spriteSourceSize":{"x":0,"y":0,"w":93,"h":187},"sourceSize":{"w":93,"h":187},"pivot":{"x":0.5,"y":0.5}},"NPC-308.png":{"frame":{"x":789,"y":1246,"w":89,"h":186},"rotated":false,"trimmed":false,"spriteSourceSize":{"x":0,"y":0,"w":89,"h":186},"sourceSize":{"w":89,"h":186},"pivot":{"x":0.5,"y":0.5}},"NPC-316.png":{"frame":{"x":1305,"y":2,"w":96,"h":184},"rotated":false,"trimmed":false,"spriteSourceSize":{"x":0,"y":0,"w":96,"h":184},"sourceSize":{"w":96,"h":184},"pivot":{"x":0.5,"y":0.5}},"NPC-164.png":{"frame":{"x":732,"y":70,"w":69,"h":183},"rotated":false,"trimmed":false,"spriteSourceSize":{"x":0,"y":0,"w":69,"h":183},"sourceSize":{"w":69,"h":183},"pivot":{"x":0.5,"y":0.5}},"NPC-162.png":{"frame":{"x":1292,"y":407,"w":102,"h":183},"rotated":false,"trimmed":false,"spriteSourceSize":{"x":0,"y":0,"w":102,"h":183},"sourceSize":{"w":102,"h":183},"pivot":{"x":0.5,"y":0.5}},"NPC-158.png":{"frame":{"x":1251,"y":1030,"w":99,"h":181},"rotated":false,"trimmed":false,"spriteSourceSize":{"x":0,"y":0,"w":99,"h":181},"sourceSize":{"w":99,"h":181},"pivot":{"x":0.5,"y":0.5}},"NPC-172.png":{"frame":{"x":1251,"y":1215,"w":132,"h":181},"rotated":false,"trimmed":false,"spriteSourceSize":{"x":0,"y":0,"w":132,"h":181},"sourceSize":{"w":132,"h":181},"pivot":{"x":0.5,"y":0.5}},"NPC-565.png":{"frame":{"x":1305,"y":190,"w":78,"h":181},"rotated":false,"trimmed":false,"spriteSourceSize":{"x":0,"y":0,"w":78,"h":181},"sourceSize":{"w":78,"h":181},"pivot":{"x":0.5,"y":0.5}},"NPC-566.png":{"frame":{"x":1304,"y":594,"w":71,"h":180},"rotated":false,"trimmed":false,"spriteSourceSize":{"x":0,"y":0,"w":71,"h":180},"sourceSize":{"w":71,"h":180},"pivot":{"x":0.5,"y":0.5}},"NPC-315.png":{"frame":{"x":1405,"y":2,"w":102,"h":178},"rotated":false,"trimmed":false,"spriteSourceSize":{"x":0,"y":0,"w":102,"h":178},"sourceSize":{"w":102,"h":178},"pivot":{"x":0.5,"y":0.5}},"NPC-161.png":{"frame":{"x":1405,"y":184,"w":102,"h":176},"rotated":false,"trimmed":false,"spriteSourceSize":{"x":0,"y":0,"w":102,"h":176},"sourceSize":{"w":102,"h":176},"pivot":{"x":0.5,"y":0.5}},"NPC-165.png":{"frame":{"x":1398,"y":364,"w":71,"h":174},"rotated":false,"trimmed":false,"spriteSourceSize":{"x":0,"y":0,"w":71,"h":174},"sourceSize":{"w":71,"h":174},"pivot":{"x":0.5,"y":0.5}},"NPC-160.png":{"frame":{"x":1398,"y":542,"w":102,"h":171},"rotated":false,"trimmed":false,"spriteSourceSize":{"x":0,"y":0,"w":102,"h":171},"sourceSize":{"w":102,"h":171},"pivot":{"x":0.5,"y":0.5}},"NPC-314.png":{"frame":{"x":1387,"y":717,"w":96,"h":169},"rotated":false,"trimmed":false,"spriteSourceSize":{"x":0,"y":0,"w":96,"h":169},"sourceSize":{"w":96,"h":169},"pivot":{"x":0.5,"y":0.5}},"NPC-173.png":{"frame":{"x":1354,"y":890,"w":136,"h":166},"rotated":false,"trimmed":false,"spriteSourceSize":{"x":0,"y":0,"w":136,"h":166},"sourceSize":{"w":136,"h":166},"pivot":{"x":0.5,"y":0.5}},"jet-flame.png":{"frame":{"x":1304,"y":778,"w":36,"h":164},"rotated":false,"trimmed":true,"spriteSourceSize":{"x":0,"y":0,"w":36,"h":164},"sourceSize":{"w":36,"h":183},"pivot":{"x":0.5,"y":0.5}},"NPC-159.png":{"frame":{"x":1387,"y":1060,"w":102,"h":163},"rotated":false,"trimmed":false,"spriteSourceSize":{"x":0,"y":0,"w":102,"h":163},"sourceSize":{"w":102,"h":163},"pivot":{"x":0.5,"y":0.5}},"NPC-313.png":{"frame":{"x":1387,"y":1227,"w":102,"h":163},"rotated":false,"trimmed":false,"spriteSourceSize":{"x":0,"y":0,"w":102,"h":163},"sourceSize":{"w":102,"h":163},"pivot":{"x":0.5,"y":0.5}},"NPC-567.png":{"frame":{"x":2,"y":1501,"w":78,"h":162},"rotated":false,"trimmed":false,"spriteSourceSize":{"x":0,"y":0,"w":78,"h":162},"sourceSize":{"w":78,"h":162},"pivot":{"x":0.5,"y":0.5}},"mouse-click-asset-13.png":{"frame":{"x":84,"y":1501,"w":160,"h":160},"rotated":false,"trimmed":false,"spriteSourceSize":{"x":0,"y":0,"w":160,"h":160},"sourceSize":{"w":160,"h":160},"pivot":{"x":0.5,"y":0.5}},"mouse-click-asset-15.png":{"frame":{"x":248,"y":1501,"w":160,"h":160},"rotated":false,"trimmed":false,"spriteSourceSize":{"x":0,"y":0,"w":160,"h":160},"sourceSize":{"w":160,"h":160},"pivot":{"x":0.5,"y":0.5}},"mouse-click-asset-12.png":{"frame":{"x":412,"y":1492,"w":158,"h":158},"rotated":false,"trimmed":false,"spriteSourceSize":{"x":0,"y":0,"w":158,"h":158},"sourceSize":{"w":158,"h":158},"pivot":{"x":0.5,"y":0.5}},"mouse-click-asset-14.png":{"frame":{"x":574,"y":1440,"w":156,"h":156},"rotated":false,"trimmed":false,"spriteSourceSize":{"x":0,"y":0,"w":156,"h":156},"sourceSize":{"w":156,"h":156},"pivot":{"x":0.5,"y":0.5}},"NPC-324.png":{"frame":{"x":1387,"y":1394,"w":74,"h":156},"rotated":false,"trimmed":false,"spriteSourceSize":{"x":0,"y":0,"w":74,"h":156},"sourceSize":{"w":74,"h":156},"pivot":{"x":0.5,"y":0.5}},"NPC-132.png":{"frame":{"x":1246,"y":1400,"w":74,"h":155},"rotated":false,"trimmed":false,"spriteSourceSize":{"x":0,"y":0,"w":74,"h":155},"sourceSize":{"w":74,"h":155},"pivot":{"x":0.5,"y":0.5}},"mouse-click-asset-10.png":{"frame":{"x":1041,"y":1433,"w":154,"h":154},"rotated":false,"trimmed":false,"spriteSourceSize":{"x":0,"y":0,"w":154,"h":154},"sourceSize":{"w":154,"h":154},"pivot":{"x":0.5,"y":0.5}},"NPC-133.png":{"frame":{"x":734,"y":1437,"w":74,"h":151},"rotated":false,"trimmed":false,"spriteSourceSize":{"x":0,"y":0,"w":74,"h":151},"sourceSize":{"w":74,"h":151},"pivot":{"x":0.5,"y":0.5}},"mouse-click-asset-11.png":{"frame":{"x":812,"y":1436,"w":150,"h":150},"rotated":false,"trimmed":false,"spriteSourceSize":{"x":0,"y":0,"w":150,"h":150},"sourceSize":{"w":150,"h":150},"pivot":{"x":0.5,"y":0.5}},"NPC-325.png":{"frame":{"x":1511,"y":2,"w":77,"h":150},"rotated":false,"trimmed":false,"spriteSourceSize":{"x":0,"y":0,"w":77,"h":150},"sourceSize":{"w":77,"h":150},"pivot":{"x":0.5,"y":0.5}},"NPC-181.png":{"frame":{"x":1324,"y":1400,"w":57,"h":149},"rotated":false,"trimmed":false,"spriteSourceSize":{"x":0,"y":0,"w":57,"h":149},"sourceSize":{"w":57,"h":149},"pivot":{"x":0.5,"y":0.5}},"mouse-click-asset-8.png":{"frame":{"x":1592,"y":2,"w":145,"h":145},"rotated":false,"trimmed":false,"spriteSourceSize":{"x":0,"y":0,"w":145,"h":145},"sourceSize":{"w":145,"h":145},"pivot":{"x":0.5,"y":0.5}},"NPC-170.png":{"frame":{"x":882,"y":1246,"w":57,"h":145},"rotated":false,"trimmed":false,"spriteSourceSize":{"x":0,"y":0,"w":57,"h":145},"sourceSize":{"w":57,"h":145},"pivot":{"x":0.5,"y":0.5}},"NPC-174.png":{"frame":{"x":1592,"y":151,"w":140,"h":145},"rotated":false,"trimmed":false,"spriteSourceSize":{"x":0,"y":0,"w":140,"h":145},"sourceSize":{"w":140,"h":145},"pivot":{"x":0.5,"y":0.5}},"NPC-171.png":{"frame":{"x":1040,"y":776,"w":51,"h":141},"rotated":false,"trimmed":false,"spriteSourceSize":{"x":0,"y":0,"w":51,"h":141},"sourceSize":{"w":51,"h":141},"pivot":{"x":0.5,"y":0.5}},"mouse-click-asset-9.png":{"frame":{"x":1487,"y":717,"w":140,"h":140},"rotated":false,"trimmed":false,"spriteSourceSize":{"x":0,"y":0,"w":140,"h":140},"sourceSize":{"w":140,"h":140},"pivot":{"x":0.5,"y":0.5}},"NPC-166.png":{"frame":{"x":448,"y":560,"w":48,"h":137},"rotated":false,"trimmed":false,"spriteSourceSize":{"x":0,"y":0,"w":48,"h":137},"sourceSize":{"w":48,"h":137},"pivot":{"x":0.5,"y":0.5}},"NPC-180.png":{"frame":{"x":1199,"y":1559,"w":136,"h":95},"rotated":false,"trimmed":false,"spriteSourceSize":{"x":0,"y":0,"w":136,"h":95},"sourceSize":{"w":136,"h":95},"pivot":{"x":0.5,"y":0.5}},"NPC-557.png":{"frame":{"x":966,"y":1436,"w":49,"h":135},"rotated":false,"trimmed":false,"spriteSourceSize":{"x":0,"y":0,"w":49,"h":135},"sourceSize":{"w":49,"h":135},"pivot":{"x":0.5,"y":0.5}},"mouse-click-asset-4.png":{"frame":{"x":1473,"y":364,"w":134,"h":134},"rotated":false,"trimmed":false,"spriteSourceSize":{"x":0,"y":0,"w":134,"h":134},"sourceSize":{"w":134,"h":134},"pivot":{"x":0.5,"y":0.5}},"muzzle-flare-frame-1548.png":{"frame":{"x":1339,"y":1554,"w":132,"h":103},"rotated":false,"trimmed":false,"spriteSourceSize":{"x":0,"y":0,"w":132,"h":103},"sourceSize":{"w":132,"h":103},"pivot":{"x":0.5,"y":0.5}},"muzzle-flare-frame-1549.png":{"frame":{"x":658,"y":1120,"w":131,"h":104},"rotated":false,"trimmed":false,"spriteSourceSize":{"x":0,"y":0,"w":131,"h":104},"sourceSize":{"w":131,"h":104},"pivot":{"x":0.5,"y":0.5}},"muzzle-flare-frame-1550.png":{"frame":{"x":1465,"y":1394,"w":130,"h":106},"rotated":false,"trimmed":false,"spriteSourceSize":{"x":0,"y":0,"w":130,"h":106},"sourceSize":{"w":130,"h":106},"pivot":{"x":0.5,"y":0.5}},"muzzle-flare-frame-1551.png":{"frame":{"x":1599,"y":861,"w":130,"h":106},"rotated":false,"trimmed":false,"spriteSourceSize":{"x":0,"y":0,"w":130,"h":106},"sourceSize":{"w":130,"h":106},"pivot":{"x":0.5,"y":0.5}},"NPC-555.png":{"frame":{"x":1199,"y":1417,"w":42,"h":130},"rotated":false,"trimmed":false,"spriteSourceSize":{"x":0,"y":0,"w":42,"h":130},"sourceSize":{"w":42,"h":130},"pivot":{"x":0.5,"y":0.5}},"muzzle-flare-frame-1552.png":{"frame":{"x":1599,"y":971,"w":129,"h":105},"rotated":false,"trimmed":false,"spriteSourceSize":{"x":0,"y":0,"w":129,"h":105},"sourceSize":{"w":129,"h":105},"pivot":{"x":0.5,"y":0.5}},"muzzle-flare-frame-1553.png":{"frame":{"x":1599,"y":1080,"w":128,"h":104},"rotated":false,"trimmed":false,"spriteSourceSize":{"x":0,"y":0,"w":128,"h":104},"sourceSize":{"w":128,"h":104},"pivot":{"x":0.5,"y":0.5}},"mouse-click-asset-5.png":{"frame":{"x":1599,"y":1188,"w":127,"h":127},"rotated":false,"trimmed":false,"spriteSourceSize":{"x":0,"y":0,"w":127,"h":127},"sourceSize":{"w":127,"h":127},"pivot":{"x":0.5,"y":0.5}},"muzzle-flare-frame-1554.png":{"frame":{"x":1599,"y":1319,"w":127,"h":102},"rotated":false,"trimmed":false,"spriteSourceSize":{"x":0,"y":0,"w":127,"h":102},"sourceSize":{"w":127,"h":102},"pivot":{"x":0.5,"y":0.5}},"muzzle-flare-frame-1555.png":{"frame":{"x":1611,"y":300,"w":125,"h":101},"rotated":false,"trimmed":false,"spriteSourceSize":{"x":0,"y":0,"w":125,"h":101},"sourceSize":{"w":125,"h":101},"pivot":{"x":0.5,"y":0.5}},"NPC-307.png":{"frame":{"x":1611,"y":405,"w":125,"h":120},"rotated":false,"trimmed":false,"spriteSourceSize":{"x":0,"y":0,"w":125,"h":120},"sourceSize":{"w":125,"h":120},"pivot":{"x":0.5,"y":0.5}},"muzzle-flare-frame-1556.png":{"frame":{"x":1599,"y":1425,"w":124,"h":100},"rotated":false,"trimmed":false,"spriteSourceSize":{"x":0,"y":0,"w":124,"h":100},"sourceSize":{"w":124,"h":100},"pivot":{"x":0.5,"y":0.5}},"NPC-163.png":{"frame":{"x":574,"y":1600,"w":124,"h":49},"rotated":false,"trimmed":false,"spriteSourceSize":{"x":0,"y":0,"w":124,"h":49},"sourceSize":{"w":124,"h":49},"pivot":{"x":0.5,"y":0.5}},"NPC-178.png":{"frame":{"x":1494,"y":861,"w":91,"h":124},"rotated":false,"trimmed":false,"spriteSourceSize":{"x":0,"y":0,"w":91,"h":124},"sourceSize":{"w":91,"h":124},"pivot":{"x":0.5,"y":0.5}},"muzzle-flare-frame-1557.png":{"frame":{"x":1475,"y":1529,"w":123,"h":100},"rotated":false,"trimmed":false,"spriteSourceSize":{"x":0,"y":0,"w":123,"h":100},"sourceSize":{"w":123,"h":100},"pivot":{"x":0.5,"y":0.5}},"muzzle-flare-frame-1558.png":{"frame":{"x":1602,"y":1529,"w":122,"h":99},"rotated":false,"trimmed":false,"spriteSourceSize":{"x":0,"y":0,"w":122,"h":99},"sourceSize":{"w":122,"h":99},"pivot":{"x":0.5,"y":0.5}},"NPC-260.png":{"frame":{"x":793,"y":1120,"w":53,"h":120},"rotated":false,"trimmed":false,"spriteSourceSize":{"x":0,"y":0,"w":53,"h":120},"sourceSize":{"w":53,"h":120},"pivot":{"x":0.5,"y":0.5}},"mouse-click-asset-3.png":{"frame":{"x":1504,"y":529,"w":119,"h":119},"rotated":false,"trimmed":false,"spriteSourceSize":{"x":0,"y":0,"w":119,"h":119},"sourceSize":{"w":119,"h":119},"pivot":{"x":0.5,"y":0.5}},"muzzle-flare-frame-1559.png":{"frame":{"x":2,"y":1667,"w":119,"h":97},"rotated":false,"trimmed":false,"spriteSourceSize":{"x":0,"y":0,"w":119,"h":97},"sourceSize":{"w":119,"h":97},"pivot":{"x":0.5,"y":0.5}},"muzzle-flare-frame-1560.png":{"frame":{"x":125,"y":1665,"w":118,"h":97},"rotated":false,"trimmed":false,"spriteSourceSize":{"x":0,"y":0,"w":118,"h":97},"sourceSize":{"w":118,"h":97},"pivot":{"x":0.5,"y":0.5}},"NPC-183.png":{"frame":{"x":448,"y":701,"w":44,"h":117},"rotated":false,"trimmed":false,"spriteSourceSize":{"x":0,"y":0,"w":44,"h":117},"sourceSize":{"w":44,"h":117},"pivot":{"x":0.5,"y":0.5}},"NPC-306.png":{"frame":{"x":1627,"y":529,"w":109,"h":117},"rotated":false,"trimmed":false,"spriteSourceSize":{"x":0,"y":0,"w":109,"h":117},"sourceSize":{"w":109,"h":117},"pivot":{"x":0.5,"y":0.5}},"muzzle-flare-frame-1561.png":{"frame":{"x":247,"y":1665,"w":116,"h":96},"rotated":false,"trimmed":false,"spriteSourceSize":{"x":0,"y":0,"w":116,"h":96},"sourceSize":{"w":116,"h":96},"pivot":{"x":0.5,"y":0.5}},"muzzle-flare-frame-1562.png":{"frame":{"x":367,"y":1665,"w":114,"h":95},"rotated":false,"trimmed":false,"spriteSourceSize":{"x":0,"y":0,"w":114,"h":95},"sourceSize":{"w":114,"h":95},"pivot":{"x":0.5,"y":0.5}},"NPC-177.png":{"frame":{"x":1504,"y":652,"w":113,"h":59},"rotated":false,"trimmed":false,"spriteSourceSize":{"x":0,"y":0,"w":113,"h":59},"sourceSize":{"w":113,"h":59},"pivot":{"x":0.5,"y":0.5}},"NPC-336.png":{"frame":{"x":1475,"y":1633,"w":43,"h":113},"rotated":false,"trimmed":false,"spriteSourceSize":{"x":0,"y":0,"w":43,"h":113},"sourceSize":{"w":43,"h":113},"pivot":{"x":0.5,"y":0.5}},"muzzle-flare-frame-1563.png":{"frame":{"x":485,"y":1661,"w":112,"h":91},"rotated":false,"trimmed":false,"spriteSourceSize":{"x":0,"y":0,"w":112,"h":91},"sourceSize":{"w":112,"h":91},"pivot":{"x":0.5,"y":0.5}},"NPC-334.png":{"frame":{"x":1522,"y":1633,"w":43,"h":112},"rotated":false,"trimmed":false,"spriteSourceSize":{"x":0,"y":0,"w":43,"h":112},"sourceSize":{"w":43,"h":112},"pivot":{"x":0.5,"y":0.5}},"mouse-click-asset-6.png":{"frame":{"x":601,"y":1653,"w":111,"h":111},"rotated":false,"trimmed":false,"spriteSourceSize":{"x":0,"y":0,"w":111,"h":111},"sourceSize":{"w":111,"h":111},"pivot":{"x":0.5,"y":0.5}},"NPC-169.png":{"frame":{"x":1494,"y":989,"w":85,"h":111},"rotated":false,"trimmed":false,"spriteSourceSize":{"x":0,"y":0,"w":85,"h":111},"sourceSize":{"w":85,"h":111},"pivot":{"x":0.5,"y":0.5}},"NPC-167.png":{"frame":{"x":1493,"y":1104,"w":94,"h":107},"rotated":false,"trimmed":false,"spriteSourceSize":{"x":0,"y":0,"w":94,"h":107},"sourceSize":{"w":94,"h":107},"pivot":{"x":0.5,"y":0.5}},"NPC-335.png":{"frame":{"x":1569,"y":1633,"w":41,"h":107},"rotated":false,"trimmed":false,"spriteSourceSize":{"x":0,"y":0,"w":41,"h":107},"sourceSize":{"w":41,"h":107},"pivot":{"x":0.5,"y":0.5}},"muzzle-flare-frame-1564.png":{"frame":{"x":1631,"y":650,"w":106,"h":91},"rotated":false,"trimmed":false,"spriteSourceSize":{"x":0,"y":0,"w":106,"h":91},"sourceSize":{"w":106,"h":91},"pivot":{"x":0.5,"y":0.5}},"NPC-333.png":{"frame":{"x":716,"y":1658,"w":41,"h":106},"rotated":false,"trimmed":false,"spriteSourceSize":{"x":0,"y":0,"w":41,"h":106},"sourceSize":{"w":41,"h":106},"pivot":{"x":0.5,"y":0.5}},"NPC-179.png":{"frame":{"x":761,"y":1658,"w":85,"h":104},"rotated":false,"trimmed":false,"spriteSourceSize":{"x":0,"y":0,"w":85,"h":104},"sourceSize":{"w":85,"h":104},"pivot":{"x":0.5,"y":0.5}},"jet-ref.png":{"frame":{"x":850,"y":1661,"w":66,"h":101},"rotated":false,"trimmed":false,"spriteSourceSize":{"x":0,"y":0,"w":66,"h":101},"sourceSize":{"w":66,"h":101},"pivot":{"x":0.5,"y":0.5}},"mouse-click-asset-7.png":{"frame":{"x":1493,"y":1215,"w":101,"h":101},"rotated":false,"trimmed":false,"spriteSourceSize":{"x":0,"y":0,"w":101,"h":101},"sourceSize":{"w":101,"h":101},"pivot":{"x":0.5,"y":0.5}},"NPC-338.png":{"frame":{"x":920,"y":1661,"w":55,"h":101},"rotated":false,"trimmed":false,"spriteSourceSize":{"x":0,"y":0,"w":55,"h":101},"sourceSize":{"w":55,"h":101},"pivot":{"x":0.5,"y":0.5}},"green-square-100px.png":{"frame":{"x":979,"y":1661,"w":100,"h":100},"rotated":false,"trimmed":false,"spriteSourceSize":{"x":0,"y":0,"w":100,"h":100},"sourceSize":{"w":100,"h":100},"pivot":{"x":0.5,"y":0.5}},"mine-base-1.png":{"frame":{"x":485,"y":1756,"w":100,"h":8},"rotated":false,"trimmed":false,"spriteSourceSize":{"x":0,"y":0,"w":100,"h":8},"sourceSize":{"w":100,"h":8},"pivot":{"x":0.5,"y":0.5}},"NPC-330.png":{"frame":{"x":1083,"y":1661,"w":32,"h":100},"rotated":false,"trimmed":false,"spriteSourceSize":{"x":0,"y":0,"w":32,"h":100},"sourceSize":{"w":32,"h":100},"pivot":{"x":0.5,"y":0.5}},"NPC-168.png":{"frame":{"x":1119,"y":1661,"w":94,"h":98},"rotated":false,"trimmed":false,"spriteSourceSize":{"x":0,"y":0,"w":94,"h":98},"sourceSize":{"w":94,"h":98},"pivot":{"x":0.5,"y":0.5}},"NPC-337.png":{"frame":{"x":1217,"y":1661,"w":54,"h":98},"rotated":false,"trimmed":false,"spriteSourceSize":{"x":0,"y":0,"w":54,"h":98},"sourceSize":{"w":54,"h":98},"pivot":{"x":0.5,"y":0.5}},"jet-ref-2.png":{"frame":{"x":1275,"y":1661,"w":66,"h":97},"rotated":false,"trimmed":false,"spriteSourceSize":{"x":0,"y":0,"w":66,"h":97},"sourceSize":{"w":66,"h":97},"pivot":{"x":0.5,"y":0.5}},"NPC-1.png":{"frame":{"x":1345,"y":1661,"w":87,"h":97},"rotated":false,"trimmed":false,"spriteSourceSize":{"x":0,"y":0,"w":87,"h":97},"sourceSize":{"w":87,"h":97},"pivot":{"x":0.5,"y":0.5}},"NPC-327.png":{"frame":{"x":1040,"y":921,"w":32,"h":95},"rotated":false,"trimmed":false,"spriteSourceSize":{"x":0,"y":0,"w":32,"h":95},"sourceSize":{"w":32,"h":95},"pivot":{"x":0.5,"y":0.5}},"muzzle-flare-frame-1547.png":{"frame":{"x":850,"y":1591,"w":94,"h":66},"rotated":false,"trimmed":false,"spriteSourceSize":{"x":0,"y":0,"w":94,"h":66},"sourceSize":{"w":94,"h":66},"pivot":{"x":0.5,"y":0.5}},"NPC-328.png":{"frame":{"x":1354,"y":1060,"w":27,"h":93},"rotated":false,"trimmed":false,"spriteSourceSize":{"x":0,"y":0,"w":27,"h":93},"sourceSize":{"w":27,"h":93},"pivot":{"x":0.5,"y":0.5}},"homing-mine-body-2.png":{"frame":{"x":1631,"y":745,"w":92,"h":92},"rotated":false,"trimmed":false,"spriteSourceSize":{"x":0,"y":0,"w":92,"h":92},"sourceSize":{"w":92,"h":92},"pivot":{"x":0.5,"y":0.5}},"homing-mine-ref.png":{"frame":{"x":1614,"y":1632,"w":92,"h":92},"rotated":false,"trimmed":false,"spriteSourceSize":{"x":0,"y":0,"w":92,"h":92},"sourceSize":{"w":92,"h":92},"pivot":{"x":0.5,"y":0.5}},"NPC-131.png":{"frame":{"x":1511,"y":156,"w":75,"h":92},"rotated":false,"trimmed":false,"spriteSourceSize":{"x":0,"y":0,"w":75,"h":92},"sourceSize":{"w":75,"h":92},"pivot":{"x":0.5,"y":0.5}},"mouse-click-asset-2.png":{"frame":{"x":1741,"y":2,"w":91,"h":91},"rotated":false,"trimmed":false,"spriteSourceSize":{"x":0,"y":0,"w":91,"h":91},"sourceSize":{"w":91,"h":91},"pivot":{"x":0.5,"y":0.5}},"jet-turbine-1.png":{"frame":{"x":1741,"y":97,"w":90,"h":9},"rotated":false,"trimmed":false,"spriteSourceSize":{"x":0,"y":0,"w":90,"h":9},"sourceSize":{"w":90,"h":9},"pivot":{"x":0.5,"y":0.5}},"jet-turbine-2.png":{"frame":{"x":1741,"y":110,"w":90,"h":9},"rotated":false,"trimmed":false,"spriteSourceSize":{"x":0,"y":0,"w":90,"h":9},"sourceSize":{"w":90,"h":9},"pivot":{"x":0.5,"y":0.5}},"muzzle-flare-frame-1565.png":{"frame":{"x":1511,"y":252,"w":74,"h":90},"rotated":false,"trimmed":false,"spriteSourceSize":{"x":0,"y":0,"w":74,"h":90},"sourceSize":{"w":74,"h":90},"pivot":{"x":0.5,"y":0.5}},"muzzle-flare-frame-1566.png":{"frame":{"x":1727,"y":1425,"w":73,"h":90},"rotated":false,"trimmed":false,"spriteSourceSize":{"x":0,"y":0,"w":73,"h":90},"sourceSize":{"w":73,"h":90},"pivot":{"x":0.5,"y":0.5}},"NPC-326.png":{"frame":{"x":1804,"y":123,"w":26,"h":89},"rotated":false,"trimmed":false,"spriteSourceSize":{"x":0,"y":0,"w":26,"h":89},"sourceSize":{"w":26,"h":89},"pivot":{"x":0.5,"y":0.5}},"NPC-301.png":{"frame":{"x":734,"y":1592,"w":87,"h":61},"rotated":false,"trimmed":false,"spriteSourceSize":{"x":0,"y":0,"w":87,"h":61},"sourceSize":{"w":87,"h":61},"pivot":{"x":0.5,"y":0.5}},"NPC-554.png":{"frame":{"x":1741,"y":123,"w":56,"h":86},"rotated":false,"trimmed":false,"spriteSourceSize":{"x":0,"y":0,"w":56,"h":86},"sourceSize":{"w":56,"h":86},"pivot":{"x":0.5,"y":0.5}},"NPC-303.png":{"frame":{"x":1741,"y":216,"w":68,"h":85},"rotated":false,"trimmed":false,"spriteSourceSize":{"x":0,"y":0,"w":68,"h":85},"sourceSize":{"w":68,"h":85},"pivot":{"x":0.5,"y":0.5}},"NPC-332.png":{"frame":{"x":810,"y":776,"w":27,"h":82},"rotated":false,"trimmed":false,"spriteSourceSize":{"x":0,"y":0,"w":27,"h":82},"sourceSize":{"w":27,"h":82},"pivot":{"x":0.5,"y":0.5}},"homing-mine-body-3.png":{"frame":{"x":1741,"y":305,"w":80,"h":80},"rotated":false,"trimmed":false,"spriteSourceSize":{"x":0,"y":0,"w":80,"h":80},"sourceSize":{"w":80,"h":80},"pivot":{"x":0.5,"y":0.5}},"mouse-click-asset-1.png":{"frame":{"x":1741,"y":389,"w":80,"h":80},"rotated":false,"trimmed":false,"spriteSourceSize":{"x":0,"y":0,"w":80,"h":80},"sourceSize":{"w":80,"h":80},"pivot":{"x":0.5,"y":0.5}},"NPC-302.png":{"frame":{"x":966,"y":1575,"w":71,"h":80},"rotated":false,"trimmed":false,"spriteSourceSize":{"x":0,"y":0,"w":71,"h":80},"sourceSize":{"w":71,"h":80},"pivot":{"x":0.5,"y":0.5}},"NPC-304.png":{"frame":{"x":1041,"y":1591,"w":78,"h":57},"rotated":false,"trimmed":false,"spriteSourceSize":{"x":0,"y":0,"w":78,"h":57},"sourceSize":{"w":78,"h":57},"pivot":{"x":0.5,"y":0.5}},"NPC-331.png":{"frame":{"x":841,"y":776,"w":25,"h":78},"rotated":false,"trimmed":false,"spriteSourceSize":{"x":0,"y":0,"w":25,"h":78},"sourceSize":{"w":25,"h":78},"pivot":{"x":0.5,"y":0.5}},"NPC-300.png":{"frame":{"x":1493,"y":1320,"w":75,"h":56},"rotated":false,"trimmed":false,"spriteSourceSize":{"x":0,"y":0,"w":75,"h":56},"sourceSize":{"w":75,"h":56},"pivot":{"x":0.5,"y":0.5}},"NPC-559.png":{"frame":{"x":732,"y":257,"w":48,"h":74},"rotated":false,"trimmed":false,"spriteSourceSize":{"x":0,"y":0,"w":48,"h":74},"sourceSize":{"w":48,"h":74},"pivot":{"x":0.5,"y":0.5}},"NPC-129.png":{"frame":{"x":1741,"y":473,"w":67,"h":73},"rotated":false,"trimmed":false,"spriteSourceSize":{"x":0,"y":0,"w":67,"h":73},"sourceSize":{"w":67,"h":73},"pivot":{"x":0.5,"y":0.5}},"heart-asset-3.png":{"frame":{"x":1740,"y":550,"w":53,"h":71},"rotated":false,"trimmed":false,"spriteSourceSize":{"x":0,"y":0,"w":53,"h":71},"sourceSize":{"w":53,"h":71},"pivot":{"x":0.5,"y":0.5}},"heart-asset-4.png":{"frame":{"x":1741,"y":625,"w":53,"h":71},"rotated":false,"trimmed":false,"spriteSourceSize":{"x":0,"y":0,"w":53,"h":71},"sourceSize":{"w":53,"h":71},"pivot":{"x":0.5,"y":0.5}},"heart-asset-5.png":{"frame":{"x":1741,"y":700,"w":53,"h":71},"rotated":false,"trimmed":false,"spriteSourceSize":{"x":0,"y":0,"w":53,"h":71},"sourceSize":{"w":53,"h":71},"pivot":{"x":0.5,"y":0.5}},"heart-asset-1.png":{"frame":{"x":450,"y":1213,"w":51,"h":70},"rotated":false,"trimmed":false,"spriteSourceSize":{"x":0,"y":0,"w":51,"h":70},"sourceSize":{"w":51,"h":70},"pivot":{"x":0.5,"y":0.5}},"homing-mine-jet.png":{"frame":{"x":1572,"y":1320,"w":23,"h":70},"rotated":false,"trimmed":true,"spriteSourceSize":{"x":0,"y":0,"w":23,"h":70},"sourceSize":{"w":23,"h":78},"pivot":{"x":0.5,"y":0.5}},"NPC-323.png":{"frame":{"x":1727,"y":775,"w":56,"h":69},"rotated":false,"trimmed":false,"spriteSourceSize":{"x":0,"y":0,"w":56,"h":69},"sourceSize":{"w":56,"h":69},"pivot":{"x":0.5,"y":0.5}},"NPC-345.png":{"frame":{"x":1733,"y":848,"w":48,"h":68},"rotated":false,"trimmed":false,"spriteSourceSize":{"x":0,"y":0,"w":48,"h":68},"sourceSize":{"w":48,"h":68},"pivot":{"x":0.5,"y":0.5}},"NPC-305.png":{"frame":{"x":1123,"y":1591,"w":65,"h":60},"rotated":false,"trimmed":false,"spriteSourceSize":{"x":0,"y":0,"w":65,"h":60},"sourceSize":{"w":65,"h":60},"pivot":{"x":0.5,"y":0.5}},"NPC-344.png":{"frame":{"x":1733,"y":920,"w":64,"h":57},"rotated":false,"trimmed":false,"spriteSourceSize":{"x":0,"y":0,"w":64,"h":57},"sourceSize":{"w":64,"h":57},"pivot":{"x":0.5,"y":0.5}},"NPC-343.png":{"frame":{"x":1732,"y":981,"w":62,"h":57},"rotated":false,"trimmed":false,"spriteSourceSize":{"x":0,"y":0,"w":62,"h":57},"sourceSize":{"w":62,"h":57},"pivot":{"x":0.5,"y":0.5}},"link-1.png":{"frame":{"x":1583,"y":989,"w":12,"h":60},"rotated":false,"trimmed":false,"spriteSourceSize":{"x":0,"y":0,"w":12,"h":60},"sourceSize":{"w":12,"h":60},"pivot":{"x":0.5,"y":0.5}},"link-5.png":{"frame":{"x":1344,"y":778,"w":36,"h":60},"rotated":false,"trimmed":false,"spriteSourceSize":{"x":0,"y":0,"w":36,"h":60},"sourceSize":{"w":36,"h":60},"pivot":{"x":0.5,"y":0.5}},"link-7.png":{"frame":{"x":1785,"y":848,"w":36,"h":60},"rotated":false,"trimmed":false,"spriteSourceSize":{"x":0,"y":0,"w":36,"h":60},"sourceSize":{"w":36,"h":60},"pivot":{"x":0.5,"y":0.5}},"link-8.png":{"frame":{"x":1787,"y":775,"w":36,"h":59},"rotated":false,"trimmed":false,"spriteSourceSize":{"x":0,"y":0,"w":36,"h":59},"sourceSize":{"w":36,"h":59},"pivot":{"x":0.5,"y":0.5}},"NPC-341.png":{"frame":{"x":810,"y":457,"w":59,"h":49},"rotated":false,"trimmed":false,"spriteSourceSize":{"x":0,"y":0,"w":59,"h":49},"sourceSize":{"w":59,"h":49},"pivot":{"x":0.5,"y":0.5}},"NPC-346.png":{"frame":{"x":1304,"y":946,"w":39,"h":59},"rotated":false,"trimmed":false,"spriteSourceSize":{"x":0,"y":0,"w":39,"h":59},"sourceSize":{"w":39,"h":59},"pivot":{"x":0.5,"y":0.5}},"NPC-342.png":{"frame":{"x":78,"y":832,"w":57,"h":38},"rotated":false,"trimmed":false,"spriteSourceSize":{"x":0,"y":0,"w":57,"h":38},"sourceSize":{"w":57,"h":38},"pivot":{"x":0.5,"y":0.5}},"NPC-322.png":{"frame":{"x":1732,"y":1042,"w":50,"h":55},"rotated":false,"trimmed":false,"spriteSourceSize":{"x":0,"y":0,"w":50,"h":55},"sourceSize":{"w":50,"h":55},"pivot":{"x":0.5,"y":0.5}},"link-6.png":{"frame":{"x":1786,"y":1042,"w":36,"h":54},"rotated":false,"trimmed":false,"spriteSourceSize":{"x":0,"y":0,"w":36,"h":54},"sourceSize":{"w":36,"h":54},"pivot":{"x":0.5,"y":0.5}},"NPC-558.png":{"frame":{"x":1786,"y":1100,"w":44,"h":54},"rotated":false,"trimmed":false,"spriteSourceSize":{"x":0,"y":0,"w":44,"h":54},"sourceSize":{"w":44,"h":54},"pivot":{"x":0.5,"y":0.5}},"NPC-2.png":{"frame":{"x":506,"y":1440,"w":53,"h":45},"rotated":false,"trimmed":false,"spriteSourceSize":{"x":0,"y":0,"w":53,"h":45},"sourceSize":{"w":53,"h":45},"pivot":{"x":0.5,"y":0.5}},"link-2.png":{"frame":{"x":1387,"y":190,"w":12,"h":52},"rotated":false,"trimmed":false,"spriteSourceSize":{"x":0,"y":0,"w":12,"h":52},"sourceSize":{"w":12,"h":52},"pivot":{"x":0.5,"y":0.5}},"muzzle-flare-frame-1546.png":{"frame":{"x":1731,"y":1101,"w":50,"h":30},"rotated":false,"trimmed":false,"spriteSourceSize":{"x":0,"y":0,"w":50,"h":30},"sourceSize":{"w":50,"h":30},"pivot":{"x":0.5,"y":0.5}},"NPC-339.png":{"frame":{"x":1731,"y":1135,"w":44,"h":50},"rotated":false,"trimmed":false,"spriteSourceSize":{"x":0,"y":0,"w":44,"h":50},"sourceSize":{"w":44,"h":50},"pivot":{"x":0.5,"y":0.5}},"NPC-553.png":{"frame":{"x":1779,"y":1158,"w":50,"h":44},"rotated":false,"trimmed":false,"spriteSourceSize":{"x":0,"y":0,"w":50,"h":44},"sourceSize":{"w":50,"h":44},"pivot":{"x":0.5,"y":0.5}},"link-4.png":{"frame":{"x":702,"y":1600,"w":12,"h":49},"rotated":false,"trimmed":false,"spriteSourceSize":{"x":0,"y":0,"w":12,"h":49},"sourceSize":{"w":12,"h":49},"pivot":{"x":0.5,"y":0.5}},"NPC-340.png":{"frame":{"x":1730,"y":1206,"w":47,"h":49},"rotated":false,"trimmed":false,"spriteSourceSize":{"x":0,"y":0,"w":47,"h":49},"sourceSize":{"w":47,"h":49},"pivot":{"x":0.5,"y":0.5}},"link-3.png":{"frame":{"x":1583,"y":1053,"w":12,"h":46},"rotated":false,"trimmed":false,"spriteSourceSize":{"x":0,"y":0,"w":12,"h":46},"sourceSize":{"w":12,"h":46},"pivot":{"x":0.5,"y":0.5}},"metal-animation-piece-1227.png":{"frame":{"x":1379,"y":594,"w":15,"h":42},"rotated":false,"trimmed":false,"spriteSourceSize":{"x":0,"y":0,"w":15,"h":42},"sourceSize":{"w":15,"h":42},"pivot":{"x":0.5,"y":0.5}},"metal-animation-piece-1231.png":{"frame":{"x":1522,"y":1749,"w":42,"h":15},"rotated":false,"trimmed":false,"spriteSourceSize":{"x":0,"y":0,"w":42,"h":15},"sourceSize":{"w":42,"h":15},"pivot":{"x":0.5,"y":0.5}},"metal-animation-piece-1230.png":{"frame":{"x":882,"y":1395,"w":32,"h":37},"rotated":false,"trimmed":false,"spriteSourceSize":{"x":0,"y":0,"w":32,"h":37},"sourceSize":{"w":32,"h":37},"pivot":{"x":0.5,"y":0.5}},"metal-animation-piece-1236.png":{"frame":{"x":1804,"y":1206,"w":28,"h":33},"rotated":false,"trimmed":false,"spriteSourceSize":{"x":0,"y":0,"w":28,"h":33},"sourceSize":{"w":28,"h":33},"pivot":{"x":0.5,"y":0.5}},"metal-animation-piece-1226.png":{"frame":{"x":1305,"y":375,"w":32,"h":28},"rotated":false,"trimmed":false,"spriteSourceSize":{"x":0,"y":0,"w":32,"h":28},"sourceSize":{"w":32,"h":28},"pivot":{"x":0.5,"y":0.5}},"metal-animation-piece-1232.png":{"frame":{"x":1341,"y":375,"w":32,"h":28},"rotated":false,"trimmed":false,"spriteSourceSize":{"x":0,"y":0,"w":32,"h":28},"sourceSize":{"w":32,"h":28},"pivot":{"x":0.5,"y":0.5}},"metal-animation-piece-1234.png":{"frame":{"x":139,"y":832,"w":31,"h":26},"rotated":false,"trimmed":false,"spriteSourceSize":{"x":0,"y":0,"w":31,"h":26},"sourceSize":{"w":31,"h":26},"pivot":{"x":0.5,"y":0.5}},"metal-animation-piece-1235.png":{"frame":{"x":1801,"y":912,"w":31,"h":30},"rotated":false,"trimmed":false,"spriteSourceSize":{"x":0,"y":0,"w":31,"h":30},"sourceSize":{"w":31,"h":30},"pivot":{"x":0.5,"y":0.5}},"metal-animation-piece-1233.png":{"frame":{"x":1801,"y":946,"w":30,"h":30},"rotated":false,"trimmed":false,"spriteSourceSize":{"x":0,"y":0,"w":30,"h":30},"sourceSize":{"w":30,"h":30},"pivot":{"x":0.5,"y":0.5}},"metal-animation-piece-1237.png":{"frame":{"x":1354,"y":1157,"w":29,"h":29},"rotated":false,"trimmed":false,"spriteSourceSize":{"x":0,"y":0,"w":29,"h":29},"sourceSize":{"w":29,"h":29},"pivot":{"x":0.5,"y":0.5}},"harpoon-gun-nub-2.png":{"frame":{"x":1473,"y":502,"w":27,"h":27},"rotated":false,"trimmed":false,"spriteSourceSize":{"x":0,"y":0,"w":27,"h":27},"sourceSize":{"w":27,"h":27},"pivot":{"x":0.5,"y":0.5}},"metal-animation-piece-1228.png":{"frame":{"x":918,"y":1395,"w":26,"h":22},"rotated":false,"trimmed":false,"spriteSourceSize":{"x":0,"y":0,"w":26,"h":22},"sourceSize":{"w":26,"h":22},"pivot":{"x":0.5,"y":0.5}},"metal-animation-piece-1229.png":{"frame":{"x":174,"y":832,"w":24,"h":24},"rotated":false,"trimmed":false,"spriteSourceSize":{"x":0,"y":0,"w":24,"h":24},"sourceSize":{"w":24,"h":24},"pivot":{"x":0.5,"y":0.5}},"harpoon-gun-light-back.png":{"frame":{"x":1569,"y":1744,"w":20,"h":20},"rotated":false,"trimmed":false,"spriteSourceSize":{"x":0,"y":0,"w":20,"h":20},"sourceSize":{"w":20,"h":20},"pivot":{"x":0.5,"y":0.5}},"homing-mine-light-1.png":{"frame":{"x":206,"y":1300,"w":16,"h":16},"rotated":false,"trimmed":false,"spriteSourceSize":{"x":0,"y":0,"w":16,"h":16},"sourceSize":{"w":16,"h":16},"pivot":{"x":0.5,"y":0.5}},"homing-mine-light-2.png":{"frame":{"x":1631,"y":841,"w":16,"h":16},"rotated":false,"trimmed":false,"spriteSourceSize":{"x":0,"y":0,"w":16,"h":16},"sourceSize":{"w":16,"h":16},"pivot":{"x":0.5,"y":0.5}},"homing-mine-light-3.png":{"frame":{"x":206,"y":1320,"w":16,"h":16},"rotated":false,"trimmed":false,"spriteSourceSize":{"x":0,"y":0,"w":16,"h":16},"sourceSize":{"w":16,"h":16},"pivot":{"x":0.5,"y":0.5}},"homing-mine-light-4.png":{"frame":{"x":1651,"y":841,"w":16,"h":16},"rotated":false,"trimmed":false,"spriteSourceSize":{"x":0,"y":0,"w":16,"h":16},"sourceSize":{"w":16,"h":16},"pivot":{"x":0.5,"y":0.5}},"mine-light-off.png":{"frame":{"x":139,"y":862,"w":16,"h":8},"rotated":false,"trimmed":false,"spriteSourceSize":{"x":0,"y":0,"w":16,"h":8},"sourceSize":{"w":16,"h":8},"pivot":{"x":0.5,"y":0.5}},"mine-light-red.png":{"frame":{"x":206,"y":1340,"w":16,"h":8},"rotated":false,"trimmed":false,"spriteSourceSize":{"x":0,"y":0,"w":16,"h":8},"sourceSize":{"w":16,"h":8},"pivot":{"x":0.5,"y":0.5}},"harpoon-gun-light-1.png":{"frame":{"x":1143,"y":1417,"w":12,"h":12},"rotated":false,"trimmed":false,"spriteSourceSize":{"x":0,"y":0,"w":12,"h":12},"sourceSize":{"w":12,"h":12},"pivot":{"x":0.5,"y":0.5}},"harpoon-gun-light-2.png":{"frame":{"x":718,"y":1600,"w":12,"h":12},"rotated":false,"trimmed":false,"spriteSourceSize":{"x":0,"y":0,"w":12,"h":12},"sourceSize":{"w":12,"h":12},"pivot":{"x":0.5,"y":0.5}},"harpoon-gun-light-3.png":{"frame":{"x":1159,"y":1417,"w":12,"h":12},"rotated":false,"trimmed":false,"spriteSourceSize":{"x":0,"y":0,"w":12,"h":12},"sourceSize":{"w":12,"h":12},"pivot":{"x":0.5,"y":0.5}},"harpoon-gun-light-4.png":{"frame":{"x":718,"y":1616,"w":12,"h":12},"rotated":false,"trimmed":false,"spriteSourceSize":{"x":0,"y":0,"w":12,"h":12},"sourceSize":{"w":12,"h":12},"pivot":{"x":0.5,"y":0.5}},"harpoon-gun-base.png":{"frame":{"x":2,"y":1300,"w":200,"h":197},"rotated":false,"trimmed":false,"spriteSourceSize":{"x":0,"y":0,"w":200,"h":197},"sourceSize":{"w":200,"h":197},"pivot":{"x":0.5,"y":0.5}},"harpoon-gun-nub.png":{"frame":{"x":1473,"y":502,"w":27,"h":27},"rotated":false,"trimmed":false,"spriteSourceSize":{"x":0,"y":0,"w":27,"h":27},"sourceSize":{"w":27,"h":27},"pivot":{"x":0.5,"y":0.5}},"heart-asset-6.png":{"frame":{"x":450,"y":1213,"w":51,"h":70},"rotated":false,"trimmed":false,"spriteSourceSize":{"x":0,"y":0,"w":51,"h":70},"sourceSize":{"w":51,"h":70},"pivot":{"x":0.5,"y":0.5}},"homing-mine-light-5.png":{"frame":{"x":206,"y":1300,"w":16,"h":16},"rotated":false,"trimmed":false,"spriteSourceSize":{"x":0,"y":0,"w":16,"h":16},"sourceSize":{"w":16,"h":16},"pivot":{"x":0.5,"y":0.5}},"link-9.png":{"frame":{"x":1787,"y":775,"w":36,"h":59},"rotated":false,"trimmed":false,"spriteSourceSize":{"x":0,"y":0,"w":36,"h":59},"sourceSize":{"w":36,"h":59},"pivot":{"x":0.5,"y":0.5}},"mine-body-2.png":{"frame":{"x":485,"y":1756,"w":100,"h":8},"rotated":false,"trimmed":false,"spriteSourceSize":{"x":0,"y":0,"w":100,"h":8},"sourceSize":{"w":100,"h":8},"pivot":{"x":0.5,"y":0.5}},"NPC-317.png":{"frame":{"x":574,"y":1600,"w":124,"h":49},"rotated":false,"trimmed":false,"spriteSourceSize":{"x":0,"y":0,"w":124,"h":49},"sourceSize":{"w":124,"h":49},"pivot":{"x":0.5,"y":0.5}}},"meta":{"app":"http://github.com/odrick/free-tex-packer-core","version":"0.1.9","image":"d.png","format":"RGBA8888","size":{"w":2048,"h":2048},"scale":1}}