﻿{"frames": {

"aa12":
{
	"frame": {"x":0,"y":0,"w":80,"h":35},
	"rotated": false,
	"trimmed": false,
	"spriteSourceSize": {"x":0,"y":0,"w":80,"h":35},
	"sourceSize": {"w":80,"h":35}
},
"ak47":
{
	"frame": {"x":81,"y":0,"w":84,"h":33},
	"rotated": false,
	"trimmed": false,
	"spriteSourceSize": {"x":0,"y":0,"w":84,"h":33},
	"sourceSize": {"w":84,"h":33}
},
"ak74u":
{
	"frame": {"x":166,"y":0,"w":71,"h":33},
	"rotated": false,
	"trimmed": false,
	"spriteSourceSize": {"x":0,"y":0,"w":71,"h":33},
	"sourceSize": {"w":71,"h":33}
},
"arp":
{
	"frame": {"x":238,"y":0,"w":62,"h":33},
	"rotated": false,
	"trimmed": false,
	"spriteSourceSize": {"x":0,"y":0,"w":62,"h":33},
	"sourceSize": {"w":62,"h":33}
},
"aug":
{
	"frame": {"x":301,"y":0,"w":73,"h":32},
	"rotated": false,
	"trimmed": false,
	"spriteSourceSize": {"x":0,"y":0,"w":73,"h":32},
	"sourceSize": {"w":73,"h":32}
},
"aug5g":
{
	"frame": {"x":375,"y":0,"w":89,"h":33},
	"rotated": false,
	"trimmed": false,
	"spriteSourceSize": {"x":0,"y":0,"w":89,"h":33},
	"sourceSize": {"w":89,"h":33}
},
"aughbar":
{
	"frame": {"x":0,"y":36,"w":80,"h":35},
	"rotated": false,
	"trimmed": false,
	"spriteSourceSize": {"x":0,"y":0,"w":80,"h":35},
	"sourceSize": {"w":80,"h":35}
},
"augpara":
{
	"frame": {"x":81,"y":36,"w":61,"h":32},
	"rotated": false,
	"trimmed": false,
	"spriteSourceSize": {"x":0,"y":0,"w":61,"h":32},
	"sourceSize": {"w":61,"h":32}
},
"bfg":
{
	"frame": {"x":143,"y":36,"w":129,"h":33},
	"rotated": false,
	"trimmed": false,
	"spriteSourceSize": {"x":0,"y":0,"w":129,"h":33},
	"sourceSize": {"w":129,"h":33}
},
"db":
{
	"frame": {"x":273,"y":36,"w":84,"h":29},
	"rotated": false,
	"trimmed": false,
	"spriteSourceSize": {"x":0,"y":0,"w":84,"h":29},
	"sourceSize": {"w":84,"h":29}
},
"deagle":
{
	"frame": {"x":358,"y":36,"w":33,"h":22},
	"rotated": false,
	"trimmed": false,
	"spriteSourceSize": {"x":0,"y":0,"w":33,"h":22},
	"sourceSize": {"w":33,"h":22}
},
"evo3":
{
	"frame": {"x":392,"y":36,"w":63,"h":32},
	"rotated": false,
	"trimmed": false,
	"spriteSourceSize": {"x":0,"y":0,"w":63,"h":32},
	"sourceSize": {"w":63,"h":32}
},
"famas":
{
	"frame": {"x":0,"y":72,"w":77,"h":38},
	"rotated": false,
	"trimmed": false,
	"spriteSourceSize": {"x":0,"y":0,"w":77,"h":38},
	"sourceSize": {"w":77,"h":38}
},
"fg42":
{
	"frame": {"x":78,"y":72,"w":94,"h":25},
	"rotated": false,
	"trimmed": false,
	"spriteSourceSize": {"x":0,"y":0,"w":94,"h":25},
	"sourceSize": {"w":94,"h":25}
},
"fiveseven":
{
	"frame": {"x":173,"y":72,"w":25,"h":20},
	"rotated": false,
	"trimmed": false,
	"spriteSourceSize": {"x":0,"y":0,"w":25,"h":20},
	"sourceSize": {"w":25,"h":20}
},
"fmg9":
{
	"frame": {"x":199,"y":72,"w":63,"h":34},
	"rotated": false,
	"trimmed": false,
	"spriteSourceSize": {"x":0,"y":0,"w":63,"h":34},
	"sourceSize": {"w":63,"h":34}
},
"g17":
{
	"frame": {"x":263,"y":72,"w":27,"h":20},
	"rotated": false,
	"trimmed": false,
	"spriteSourceSize": {"x":0,"y":0,"w":27,"h":20},
	"sourceSize": {"w":27,"h":20}
},
"g18":
{
	"frame": {"x":291,"y":72,"w":28,"h":27},
	"rotated": false,
	"trimmed": false,
	"spriteSourceSize": {"x":0,"y":0,"w":28,"h":27},
	"sourceSize": {"w":28,"h":27}
},
"g36c":
{
	"frame": {"x":320,"y":72,"w":68,"h":33},
	"rotated": false,
	"trimmed": false,
	"spriteSourceSize": {"x":0,"y":0,"w":68,"h":33},
	"sourceSize": {"w":68,"h":33}
},
"galil":
{
	"frame": {"x":389,"y":72,"w":68,"h":33},
	"rotated": false,
	"trimmed": false,
	"spriteSourceSize": {"x":0,"y":0,"w":68,"h":33},
	"sourceSize": {"w":68,"h":33}
},
"galil52":
{
	"frame": {"x":0,"y":111,"w":84,"h":34},
	"rotated": false,
	"trimmed": false,
	"spriteSourceSize": {"x":0,"y":0,"w":84,"h":34},
	"sourceSize": {"w":84,"h":34}
},
"hamr":
{
	"frame": {"x":85,"y":111,"w":89,"h":36},
	"rotated": false,
	"trimmed": false,
	"spriteSourceSize": {"x":0,"y":0,"w":89,"h":36},
	"sourceSize": {"w":89,"h":36}
},
"hk416":
{
	"frame": {"x":175,"y":111,"w":82,"h":32},
	"rotated": false,
	"trimmed": false,
	"spriteSourceSize": {"x":0,"y":0,"w":82,"h":32},
	"sourceSize": {"w":82,"h":32}
},
"hk416c":
{
	"frame": {"x":258,"y":111,"w":72,"h":32},
	"rotated": false,
	"trimmed": false,
	"spriteSourceSize": {"x":0,"y":0,"w":72,"h":32},
	"sourceSize": {"w":72,"h":32}
},
"hk417":
{
	"frame": {"x":331,"y":111,"w":86,"h":32},
	"rotated": false,
	"trimmed": false,
	"spriteSourceSize": {"x":0,"y":0,"w":86,"h":32},
	"sourceSize": {"w":86,"h":32}
},
"honeybadger":
{
	"frame": {"x":418,"y":111,"w":88,"h":32},
	"rotated": false,
	"trimmed": false,
	"spriteSourceSize": {"x":0,"y":0,"w":88,"h":32},
	"sourceSize": {"w":88,"h":32}
},
"hti":
{
	"frame": {"x":0,"y":148,"w":93,"h":27},
	"rotated": false,
	"trimmed": false,
	"spriteSourceSize": {"x":0,"y":0,"w":93,"h":27},
	"sourceSize": {"w":93,"h":27}
},
"jackhammer":
{
	"frame": {"x":94,"y":148,"w":79,"h":33},
	"rotated": false,
	"trimmed": false,
	"spriteSourceSize": {"x":0,"y":0,"w":79,"h":33},
	"sourceSize": {"w":79,"h":33}
},
"kard":
{
	"frame": {"x":174,"y":148,"w":33,"h":29},
	"rotated": false,
	"trimmed": false,
	"spriteSourceSize": {"x":0,"y":0,"w":33,"h":29},
	"sourceSize": {"w":33,"h":29}
},
"ksg":
{
	"frame": {"x":208,"y":148,"w":71,"h":31},
	"rotated": false,
	"trimmed": false,
	"spriteSourceSize": {"x":0,"y":0,"w":71,"h":31},
	"sourceSize": {"w":71,"h":31}
},
"l115a3":
{
	"frame": {"x":280,"y":148,"w":114,"h":27},
	"rotated": false,
	"trimmed": false,
	"spriteSourceSize": {"x":0,"y":0,"w":114,"h":27},
	"sourceSize": {"w":114,"h":27}
},
"le6940":
{
	"frame": {"x":395,"y":148,"w":76,"h":32},
	"rotated": false,
	"trimmed": false,
	"spriteSourceSize": {"x":0,"y":0,"w":76,"h":32},
	"sourceSize": {"w":76,"h":32}
},
"m1014":
{
	"frame": {"x":0,"y":182,"w":94,"h":28},
	"rotated": false,
	"trimmed": false,
	"spriteSourceSize": {"x":0,"y":0,"w":94,"h":28},
	"sourceSize": {"w":94,"h":28}
},
"m1216":
{
	"frame": {"x":95,"y":182,"w":80,"h":28},
	"rotated": false,
	"trimmed": false,
	"spriteSourceSize": {"x":0,"y":0,"w":80,"h":28},
	"sourceSize": {"w":80,"h":28}
},
"m16a4":
{
	"frame": {"x":176,"y":182,"w":100,"h":33},
	"rotated": false,
	"trimmed": false,
	"spriteSourceSize": {"x":0,"y":0,"w":100,"h":33},
	"sourceSize": {"w":100,"h":33}
},
"m1911":
{
	"frame": {"x":277,"y":182,"w":29,"h":20},
	"rotated": false,
	"trimmed": false,
	"spriteSourceSize": {"x":0,"y":0,"w":29,"h":20},
	"sourceSize": {"w":29,"h":20}
},
"m203":
{
	"frame": {"x":307,"y":182,"w":60,"h":17},
	"rotated": false,
	"trimmed": false,
	"spriteSourceSize": {"x":0,"y":0,"w":60,"h":17},
	"sourceSize": {"w":60,"h":17}
},
"m249":
{
	"frame": {"x":368,"y":182,"w":90,"h":35},
	"rotated": false,
	"trimmed": false,
	"spriteSourceSize": {"x":0,"y":0,"w":90,"h":35},
	"sourceSize": {"w":90,"h":35}
},
"m3":
{
	"frame": {"x":0,"y":218,"w":89,"h":28},
	"rotated": false,
	"trimmed": false,
	"spriteSourceSize": {"x":0,"y":0,"w":89,"h":28},
	"sourceSize": {"w":89,"h":28}
},
"m32":
{
	"frame": {"x":90,"y":218,"w":81,"h":24},
	"rotated": false,
	"trimmed": false,
	"spriteSourceSize": {"x":0,"y":0,"w":81,"h":24},
	"sourceSize": {"w":81,"h":24}
},
"m4":
{
	"frame": {"x":172,"y":218,"w":87,"h":32},
	"rotated": false,
	"trimmed": false,
	"spriteSourceSize": {"x":0,"y":0,"w":87,"h":32},
	"sourceSize": {"w":87,"h":32}
},
"m40a3":
{
	"frame": {"x":260,"y":218,"w":110,"h":26},
	"rotated": false,
	"trimmed": false,
	"spriteSourceSize": {"x":0,"y":0,"w":110,"h":26},
	"sourceSize": {"w":110,"h":26}
},
"m47":
{
	"frame": {"x":371,"y":218,"w":86,"h":29},
	"rotated": false,
	"trimmed": false,
	"spriteSourceSize": {"x":0,"y":0,"w":86,"h":29},
	"sourceSize": {"w":86,"h":29}
},
"m60e4":
{
	"frame": {"x":0,"y":251,"w":111,"h":32},
	"rotated": false,
	"trimmed": false,
	"spriteSourceSize": {"x":0,"y":0,"w":111,"h":32},
	"sourceSize": {"w":111,"h":32}
},
"m82a1":
{
	"frame": {"x":112,"y":251,"w":143,"h":35},
	"rotated": false,
	"trimmed": false,
	"spriteSourceSize": {"x":0,"y":0,"w":143,"h":35},
	"sourceSize": {"w":143,"h":35}
},
"m9":
{
	"frame": {"x":256,"y":251,"w":26,"h":18},
	"rotated": false,
	"trimmed": false,
	"spriteSourceSize": {"x":0,"y":0,"w":26,"h":18},
	"sourceSize": {"w":26,"h":18}
},
"m93r":
{
	"frame": {"x":283,"y":251,"w":28,"h":21},
	"rotated": false,
	"trimmed": false,
	"spriteSourceSize": {"x":0,"y":0,"w":28,"h":21},
	"sourceSize": {"w":28,"h":21}
},
"mac10":
{
	"frame": {"x":312,"y":251,"w":38,"h":37},
	"rotated": false,
	"trimmed": false,
	"spriteSourceSize": {"x":0,"y":0,"w":38,"h":37},
	"sourceSize": {"w":38,"h":37}
},
"magnum":
{
	"frame": {"x":351,"y":251,"w":36,"h":19},
	"rotated": false,
	"trimmed": false,
	"spriteSourceSize": {"x":0,"y":0,"w":36,"h":19},
	"sourceSize": {"w":36,"h":19}
},
"maxim9":
{
	"frame": {"x":388,"y":251,"w":29,"h":20},
	"rotated": false,
	"trimmed": false,
	"spriteSourceSize": {"x":0,"y":0,"w":29,"h":20},
	"sourceSize": {"w":29,"h":20}
},
"mb13":
{
	"frame": {"x":0,"y":289,"w":99,"h":26},
	"rotated": false,
	"trimmed": false,
	"spriteSourceSize": {"x":0,"y":0,"w":99,"h":26},
	"sourceSize": {"w":99,"h":26}
},
"mg4":
{
	"frame": {"x":100,"y":289,"w":92,"h":34},
	"rotated": false,
	"trimmed": false,
	"spriteSourceSize": {"x":0,"y":0,"w":92,"h":34},
	"sourceSize": {"w":92,"h":34}
},
"mossberg":
{
	"frame": {"x":193,"y":289,"w":88,"h":30},
	"rotated": false,
	"trimmed": false,
	"spriteSourceSize": {"x":0,"y":0,"w":88,"h":30},
	"sourceSize": {"w":88,"h":30}
},
"mp1911":
{
	"frame": {"x":282,"y":289,"w":35,"h":28},
	"rotated": false,
	"trimmed": false,
	"spriteSourceSize": {"x":0,"y":0,"w":35,"h":28},
	"sourceSize": {"w":35,"h":28}
},
"mp5":
{
	"frame": {"x":318,"y":289,"w":59,"h":31},
	"rotated": false,
	"trimmed": false,
	"spriteSourceSize": {"x":0,"y":0,"w":59,"h":31},
	"sourceSize": {"w":59,"h":31}
},
"mp7":
{
	"frame": {"x":378,"y":289,"w":66,"h":37},
	"rotated": false,
	"trimmed": false,
	"spriteSourceSize": {"x":0,"y":0,"w":66,"h":37},
	"sourceSize": {"w":66,"h":37}
},
"mp9":
{
	"frame": {"x":445,"y":289,"w":34,"h":28},
	"rotated": false,
	"trimmed": false,
	"spriteSourceSize": {"x":0,"y":0,"w":34,"h":28},
	"sourceSize": {"w":34,"h":28}
},
"mpa57":
{
	"frame": {"x":0,"y":327,"w":38,"h":22},
	"rotated": false,
	"trimmed": false,
	"spriteSourceSize": {"x":0,"y":0,"w":38,"h":22},
	"sourceSize": {"w":38,"h":22}
},
"msr":
{
	"frame": {"x":39,"y":327,"w":102,"h":29},
	"rotated": false,
	"trimmed": false,
	"spriteSourceSize": {"x":0,"y":0,"w":102,"h":29},
	"sourceSize": {"w":102,"h":29}
},
"ots38":
{
	"frame": {"x":142,"y":327,"w":33,"h":20},
	"rotated": false,
	"trimmed": false,
	"spriteSourceSize": {"x":0,"y":0,"w":33,"h":20},
	"sourceSize": {"w":33,"h":20}
},
"p320":
{
	"frame": {"x":176,"y":327,"w":26,"h":20},
	"rotated": false,
	"trimmed": false,
	"spriteSourceSize": {"x":0,"y":0,"w":26,"h":20},
	"sourceSize": {"w":26,"h":20}
},
"p90":
{
	"frame": {"x":203,"y":327,"w":55,"h":28},
	"rotated": false,
	"trimmed": false,
	"spriteSourceSize": {"x":0,"y":0,"w":55,"h":28},
	"sourceSize": {"w":55,"h":28}
},
"pdr":
{
	"frame": {"x":259,"y":327,"w":53,"h":29},
	"rotated": false,
	"trimmed": false,
	"spriteSourceSize": {"x":0,"y":0,"w":53,"h":29},
	"sourceSize": {"w":53,"h":29}
},
"pecheneg":
{
	"frame": {"x":313,"y":327,"w":101,"h":35},
	"rotated": false,
	"trimmed": false,
	"spriteSourceSize": {"x":0,"y":0,"w":101,"h":35},
	"sourceSize": {"w":101,"h":35}
},
"psg":
{
	"frame": {"x":415,"y":327,"w":69,"h":30},
	"rotated": false,
	"trimmed": false,
	"spriteSourceSize": {"x":0,"y":0,"w":69,"h":30},
	"sourceSize": {"w":69,"h":30}
},
"psg1":
{
	"frame": {"x":0,"y":363,"w":107,"h":30},
	"rotated": false,
	"trimmed": false,
	"spriteSourceSize": {"x":0,"y":0,"w":107,"h":30},
	"sourceSize": {"w":107,"h":30}
},
"qbb95":
{
	"frame": {"x":108,"y":363,"w":76,"h":39},
	"rotated": false,
	"trimmed": false,
	"spriteSourceSize": {"x":0,"y":0,"w":76,"h":39},
	"sourceSize": {"w":76,"h":39}
},
"r870":
{
	"frame": {"x":185,"y":363,"w":103,"h":33},
	"rotated": false,
	"trimmed": false,
	"spriteSourceSize": {"x":0,"y":0,"w":103,"h":33},
	"sourceSize": {"w":103,"h":33}
},
"rhino":
{
	"frame": {"x":289,"y":363,"w":41,"h":23},
	"rotated": false,
	"trimmed": false,
	"spriteSourceSize": {"x":0,"y":0,"w":41,"h":23},
	"sourceSize": {"w":41,"h":23}
},
"rpg":
{
	"frame": {"x":331,"y":363,"w":107,"h":22},
	"rotated": false,
	"trimmed": false,
	"spriteSourceSize": {"x":0,"y":0,"w":107,"h":22},
	"sourceSize": {"w":107,"h":22}
},
"rpk":
{
	"frame": {"x":0,"y":403,"w":96,"h":33},
	"rotated": false,
	"trimmed": false,
	"spriteSourceSize": {"x":0,"y":0,"w":96,"h":33},
	"sourceSize": {"w":96,"h":33}
},
"rsass":
{
	"frame": {"x":97,"y":403,"w":100,"h":32},
	"rotated": false,
	"trimmed": false,
	"spriteSourceSize": {"x":0,"y":0,"w":100,"h":32},
	"sourceSize": {"w":100,"h":32}
},
"saiga":
{
	"frame": {"x":198,"y":403,"w":91,"h":37},
	"rotated": false,
	"trimmed": false,
	"spriteSourceSize": {"x":0,"y":0,"w":91,"h":37},
	"sourceSize": {"w":91,"h":37}
},
"samr":
{
	"frame": {"x":290,"y":403,"w":98,"h":28},
	"rotated": false,
	"trimmed": false,
	"spriteSourceSize": {"x":0,"y":0,"w":98,"h":28},
	"sourceSize": {"w":98,"h":28}
},
"scarl":
{
	"frame": {"x":389,"y":403,"w":80,"h":34},
	"rotated": false,
	"trimmed": false,
	"spriteSourceSize": {"x":0,"y":0,"w":80,"h":34},
	"sourceSize": {"w":80,"h":34}
},
"shorty":
{
	"frame": {"x":0,"y":441,"w":55,"h":29},
	"rotated": false,
	"trimmed": false,
	"spriteSourceSize": {"x":0,"y":0,"w":55,"h":29},
	"sourceSize": {"w":55,"h":29}
},
"six12":
{
	"frame": {"x":56,"y":441,"w":80,"h":31},
	"rotated": false,
	"trimmed": false,
	"spriteSourceSize": {"x":0,"y":0,"w":80,"h":31},
	"sourceSize": {"w":80,"h":31}
},
"skorpion":
{
	"frame": {"x":137,"y":441,"w":35,"h":22},
	"rotated": false,
	"trimmed": false,
	"spriteSourceSize": {"x":0,"y":0,"w":35,"h":22},
	"sourceSize": {"w":35,"h":22}
},
"smaw":
{
	"frame": {"x":173,"y":441,"w":114,"h":31},
	"rotated": false,
	"trimmed": false,
	"spriteSourceSize": {"x":0,"y":0,"w":114,"h":31},
	"sourceSize": {"w":114,"h":31}
},
"spas12":
{
	"frame": {"x":288,"y":441,"w":65,"h":27},
	"rotated": false,
	"trimmed": false,
	"spriteSourceSize": {"x":0,"y":0,"w":65,"h":27},
	"sourceSize": {"w":65,"h":27}
},
"sr25":
{
	"frame": {"x":354,"y":441,"w":104,"h":31},
	"rotated": false,
	"trimmed": false,
	"spriteSourceSize": {"x":0,"y":0,"w":104,"h":31},
	"sourceSize": {"w":104,"h":31}
},
"srs":
{
	"frame": {"x":0,"y":473,"w":71,"h":28},
	"rotated": false,
	"trimmed": false,
	"spriteSourceSize": {"x":0,"y":0,"w":71,"h":28},
	"sourceSize": {"w":71,"h":28}
},
"stoner":
{
	"frame": {"x":72,"y":473,"w":90,"h":30},
	"rotated": false,
	"trimmed": false,
	"spriteSourceSize": {"x":0,"y":0,"w":90,"h":30},
	"sourceSize": {"w":90,"h":30}
},
"striker":
{
	"frame": {"x":163,"y":473,"w":61,"h":31},
	"rotated": false,
	"trimmed": false,
	"spriteSourceSize": {"x":0,"y":0,"w":61,"h":31},
	"sourceSize": {"w":61,"h":31}
},
"tar21":
{
	"frame": {"x":225,"y":473,"w":66,"h":34},
	"rotated": false,
	"trimmed": false,
	"spriteSourceSize": {"x":0,"y":0,"w":66,"h":34},
	"sourceSize": {"w":66,"h":34}
},
"tavor":
{
	"frame": {"x":292,"y":473,"w":73,"h":35},
	"rotated": false,
	"trimmed": false,
	"spriteSourceSize": {"x":0,"y":0,"w":73,"h":35},
	"sourceSize": {"w":73,"h":35}
},
"thumper":
{
	"frame": {"x":366,"y":473,"w":78,"h":28},
	"rotated": false,
	"trimmed": false,
	"spriteSourceSize": {"x":0,"y":0,"w":78,"h":28},
	"sourceSize": {"w":78,"h":28}
},
"tpr":
{
	"frame": {"x":0,"y":509,"w":99,"h":35},
	"rotated": false,
	"trimmed": false,
	"spriteSourceSize": {"x":0,"y":0,"w":99,"h":35},
	"sourceSize": {"w":99,"h":35}
},
"tridant":
{
	"frame": {"x":100,"y":509,"w":85,"h":37},
	"rotated": false,
	"trimmed": false,
	"spriteSourceSize": {"x":0,"y":0,"w":85,"h":37},
	"sourceSize": {"w":85,"h":37}
},
"type95":
{
	"frame": {"x":186,"y":509,"w":70,"h":35},
	"rotated": false,
	"trimmed": false,
	"spriteSourceSize": {"x":0,"y":0,"w":70,"h":35},
	"sourceSize": {"w":70,"h":35}
},
"ump45":
{
	"frame": {"x":257,"y":509,"w":63,"h":39},
	"rotated": false,
	"trimmed": false,
	"spriteSourceSize": {"x":0,"y":0,"w":63,"h":39},
	"sourceSize": {"w":63,"h":39}
},
"usp45":
{
	"frame": {"x":321,"y":509,"w":25,"h":19},
	"rotated": false,
	"trimmed": false,
	"spriteSourceSize": {"x":0,"y":0,"w":25,"h":19},
	"sourceSize": {"w":25,"h":19}
},
"uspm":
{
	"frame": {"x":347,"y":509,"w":29,"h":22},
	"rotated": false,
	"trimmed": false,
	"spriteSourceSize": {"x":0,"y":0,"w":29,"h":22},
	"sourceSize": {"w":29,"h":22}
},
"vector":
{
	"frame": {"x":377,"y":509,"w":64,"h":39},
	"rotated": false,
	"trimmed": false,
	"spriteSourceSize": {"x":0,"y":0,"w":64,"h":39},
	"sourceSize": {"w":64,"h":39}
},
"vp70":
{
	"frame": {"x":442,"y":509,"w":64,"h":20},
	"rotated": false,
	"trimmed": false,
	"spriteSourceSize": {"x":0,"y":0,"w":64,"h":20},
	"sourceSize": {"w":64,"h":20}
},
"vsk":
{
	"frame": {"x":0,"y":549,"w":63,"h":28},
	"rotated": false,
	"trimmed": false,
	"spriteSourceSize": {"x":0,"y":0,"w":63,"h":28},
	"sourceSize": {"w":63,"h":28}
},
"xm25":
{
	"frame": {"x":64,"y":549,"w":68,"h":29},
	"rotated": false,
	"trimmed": false,
	"spriteSourceSize": {"x":0,"y":0,"w":68,"h":29},
	"sourceSize": {"w":68,"h":29}
}},
"meta": {
	"app": "Adobe Animate",
	"version": "16.5.0.100",
	"image": "atlas_weapons_icons_small.png",
	"format": "RGBA8888",
	"size": {"w":512,"h":1024},
	"scale": "1"
}
}
