﻿{"frames": {

"ACHIEVEMENT_EXPERT":
{
	"frame": {"x":0,"y":0,"w":51,"h":51},
	"rotated": false,
	"trimmed": false,
	"spriteSourceSize": {"x":0,"y":0,"w":51,"h":51},
	"sourceSize": {"w":51,"h":51}
},
"ACHIEVEMENT_HEADSHOTS_1":
{
	"frame": {"x":52,"y":0,"w":51,"h":51},
	"rotated": false,
	"trimmed": false,
	"spriteSourceSize": {"x":0,"y":0,"w":51,"h":51},
	"sourceSize": {"w":51,"h":51}
},
"ACHIEVEMENT_HEADSHOTS_2":
{
	"frame": {"x":104,"y":0,"w":51,"h":51},
	"rotated": false,
	"trimmed": false,
	"spriteSourceSize": {"x":0,"y":0,"w":51,"h":51},
	"sourceSize": {"w":51,"h":51}
},
"ACHIEVEMENT_HEADSHOTS_3":
{
	"frame": {"x":156,"y":0,"w":51,"h":51},
	"rotated": false,
	"trimmed": false,
	"spriteSourceSize": {"x":0,"y":0,"w":51,"h":51},
	"sourceSize": {"w":51,"h":51}
},
"ACHIEVEMENT_KILLS_1":
{
	"frame": {"x":208,"y":0,"w":51,"h":51},
	"rotated": false,
	"trimmed": false,
	"spriteSourceSize": {"x":0,"y":0,"w":51,"h":51},
	"sourceSize": {"w":51,"h":51}
},
"ACHIEVEMENT_KILLS_2":
{
	"frame": {"x":260,"y":0,"w":51,"h":51},
	"rotated": false,
	"trimmed": false,
	"spriteSourceSize": {"x":0,"y":0,"w":51,"h":51},
	"sourceSize": {"w":51,"h":51}
},
"ACHIEVEMENT_KILLS_3":
{
	"frame": {"x":312,"y":0,"w":51,"h":51},
	"rotated": false,
	"trimmed": false,
	"spriteSourceSize": {"x":0,"y":0,"w":51,"h":51},
	"sourceSize": {"w":51,"h":51}
},
"ACHIEVEMENT_PRESTIGE":
{
	"frame": {"x":364,"y":0,"w":51,"h":51},
	"rotated": false,
	"trimmed": false,
	"spriteSourceSize": {"x":0,"y":0,"w":51,"h":51},
	"sourceSize": {"w":51,"h":51}
},
"ag_shield":
{
	"frame": {"x":416,"y":0,"w":81,"h":118},
	"rotated": false,
	"trimmed": false,
	"spriteSourceSize": {"x":0,"y":0,"w":81,"h":118},
	"sourceSize": {"w":81,"h":118}
},
"ag_text":
{
	"frame": {"x":0,"y":119,"w":287,"h":26},
	"rotated": false,
	"trimmed": false,
	"spriteSourceSize": {"x":0,"y":0,"w":287,"h":26},
	"sourceSize": {"w":287,"h":26}
},
"barrel0001":
{
	"frame": {"x":288,"y":119,"w":26,"h":18},
	"rotated": false,
	"trimmed": false,
	"spriteSourceSize": {"x":0,"y":0,"w":26,"h":18},
	"sourceSize": {"w":26,"h":18}
},
"barrel0002":
{
	"frame": {"x":315,"y":119,"w":62,"h":16},
	"rotated": false,
	"trimmed": false,
	"spriteSourceSize": {"x":0,"y":0,"w":62,"h":16},
	"sourceSize": {"w":62,"h":16}
},
"barrel0003":
{
	"frame": {"x":378,"y":119,"w":41,"h":16},
	"rotated": false,
	"trimmed": false,
	"spriteSourceSize": {"x":0,"y":0,"w":41,"h":16},
	"sourceSize": {"w":41,"h":16}
},
"barrel0005":
{
	"frame": {"x":420,"y":119,"w":60,"h":11},
	"rotated": false,
	"trimmed": false,
	"spriteSourceSize": {"x":0,"y":0,"w":60,"h":11},
	"sourceSize": {"w":60,"h":11}
},
"barrel0006":
{
	"frame": {"x":481,"y":119,"w":12,"h":21},
	"rotated": false,
	"trimmed": false,
	"spriteSourceSize": {"x":0,"y":0,"w":12,"h":21},
	"sourceSize": {"w":12,"h":21}
},
"barrel0007":
{
	"frame": {"x":0,"y":146,"w":65,"h":21},
	"rotated": false,
	"trimmed": false,
	"spriteSourceSize": {"x":0,"y":0,"w":65,"h":21},
	"sourceSize": {"w":65,"h":21}
},
"barrel0011":
{
	"frame": {"x":66,"y":146,"w":40,"h":12},
	"rotated": false,
	"trimmed": false,
	"spriteSourceSize": {"x":0,"y":0,"w":40,"h":12},
	"sourceSize": {"w":40,"h":12}
},
"base_accuracy":
{
	"frame": {"x":107,"y":146,"w":24,"h":25},
	"rotated": false,
	"trimmed": false,
	"spriteSourceSize": {"x":0,"y":0,"w":24,"h":25},
	"sourceSize": {"w":24,"h":25}
},
"base_buckshot":
{
	"frame": {"x":132,"y":146,"w":25,"h":25},
	"rotated": false,
	"trimmed": false,
	"spriteSourceSize": {"x":0,"y":0,"w":25,"h":25},
	"sourceSize": {"w":25,"h":25}
},
"base_burst_fire":
{
	"frame": {"x":158,"y":146,"w":25,"h":25},
	"rotated": false,
	"trimmed": false,
	"spriteSourceSize": {"x":0,"y":0,"w":25,"h":25},
	"sourceSize": {"w":25,"h":25}
},
"base_full_auto":
{
	"frame": {"x":184,"y":146,"w":25,"h":25},
	"rotated": false,
	"trimmed": false,
	"spriteSourceSize": {"x":0,"y":0,"w":25,"h":25},
	"sourceSize": {"w":25,"h":25}
},
"base_greed":
{
	"frame": {"x":210,"y":146,"w":25,"h":25},
	"rotated": false,
	"trimmed": false,
	"spriteSourceSize": {"x":0,"y":0,"w":25,"h":25},
	"sourceSize": {"w":25,"h":25}
},
"base_rapid_fire":
{
	"frame": {"x":236,"y":146,"w":24,"h":25},
	"rotated": false,
	"trimmed": false,
	"spriteSourceSize": {"x":0,"y":0,"w":24,"h":25},
	"sourceSize": {"w":24,"h":25}
},
"base_recoil":
{
	"frame": {"x":261,"y":146,"w":20,"h":23},
	"rotated": false,
	"trimmed": false,
	"spriteSourceSize": {"x":0,"y":0,"w":20,"h":23},
	"sourceSize": {"w":20,"h":23}
},
"base_speed_reload":
{
	"frame": {"x":282,"y":146,"w":24,"h":25},
	"rotated": false,
	"trimmed": false,
	"spriteSourceSize": {"x":0,"y":0,"w":24,"h":25},
	"sourceSize": {"w":24,"h":25}
},
"ds3":
{
	"frame": {"x":307,"y":146,"w":191,"h":201},
	"rotated": false,
	"trimmed": false,
	"spriteSourceSize": {"x":0,"y":0,"w":191,"h":201},
	"sourceSize": {"w":191,"h":201}
},
"game_defender":
{
	"frame": {"x":0,"y":348,"w":95,"h":95},
	"rotated": false,
	"trimmed": false,
	"spriteSourceSize": {"x":0,"y":0,"w":95,"h":95},
	"sourceSize": {"w":95,"h":95}
},
"game_lava":
{
	"frame": {"x":96,"y":348,"w":95,"h":95},
	"rotated": false,
	"trimmed": false,
	"spriteSourceSize": {"x":0,"y":0,"w":95,"h":95},
	"sourceSize": {"w":95,"h":95}
},
"game_marksman":
{
	"frame": {"x":192,"y":348,"w":95,"h":95},
	"rotated": false,
	"trimmed": false,
	"spriteSourceSize": {"x":0,"y":0,"w":95,"h":95},
	"sourceSize": {"w":95,"h":95}
},
"game_range":
{
	"frame": {"x":288,"y":348,"w":95,"h":95},
	"rotated": false,
	"trimmed": false,
	"spriteSourceSize": {"x":0,"y":0,"w":95,"h":95},
	"sourceSize": {"w":95,"h":95}
},
"game_reflex":
{
	"frame": {"x":384,"y":348,"w":95,"h":95},
	"rotated": false,
	"trimmed": false,
	"spriteSourceSize": {"x":0,"y":0,"w":95,"h":95},
	"sourceSize": {"w":95,"h":95}
},
"game_shooter":
{
	"frame": {"x":0,"y":444,"w":95,"h":95},
	"rotated": false,
	"trimmed": false,
	"spriteSourceSize": {"x":0,"y":0,"w":95,"h":95},
	"sourceSize": {"w":95,"h":95}
},
"game_sniper":
{
	"frame": {"x":96,"y":444,"w":95,"h":95},
	"rotated": false,
	"trimmed": false,
	"spriteSourceSize": {"x":0,"y":0,"w":95,"h":95},
	"sourceSize": {"w":95,"h":95}
},
"game_time_attack":
{
	"frame": {"x":192,"y":444,"w":95,"h":95},
	"rotated": false,
	"trimmed": false,
	"spriteSourceSize": {"x":0,"y":0,"w":95,"h":95},
	"sourceSize": {"w":95,"h":95}
},
"game_war":
{
	"frame": {"x":288,"y":444,"w":95,"h":95},
	"rotated": false,
	"trimmed": false,
	"spriteSourceSize": {"x":0,"y":0,"w":95,"h":95},
	"sourceSize": {"w":95,"h":95}
},
"icon_AG":
{
	"frame": {"x":384,"y":444,"w":65,"h":65},
	"rotated": false,
	"trimmed": false,
	"spriteSourceSize": {"x":0,"y":0,"w":65,"h":65},
	"sourceSize": {"w":65,"h":65}
},
"icon_KONG":
{
	"frame": {"x":0,"y":540,"w":65,"h":65},
	"rotated": false,
	"trimmed": false,
	"spriteSourceSize": {"x":0,"y":0,"w":65,"h":65},
	"sourceSize": {"w":65,"h":65}
},
"icon_NG":
{
	"frame": {"x":66,"y":540,"w":65,"h":65},
	"rotated": false,
	"trimmed": false,
	"spriteSourceSize": {"x":0,"y":0,"w":65,"h":65},
	"sourceSize": {"w":65,"h":65}
},
"icon_alert":
{
	"frame": {"x":132,"y":540,"w":25,"h":25},
	"rotated": false,
	"trimmed": false,
	"spriteSourceSize": {"x":0,"y":0,"w":25,"h":25},
	"sourceSize": {"w":25,"h":25}
},
"icon_arrow":
{
	"frame": {"x":158,"y":540,"w":24,"h":25},
	"rotated": false,
	"trimmed": false,
	"spriteSourceSize": {"x":0,"y":0,"w":24,"h":25},
	"sourceSize": {"w":24,"h":25}
},
"icon_back":
{
	"frame": {"x":183,"y":540,"w":31,"h":31},
	"rotated": false,
	"trimmed": false,
	"spriteSourceSize": {"x":0,"y":0,"w":31,"h":31},
	"sourceSize": {"w":31,"h":31}
},
"icon_buy":
{
	"frame": {"x":215,"y":540,"w":25,"h":25},
	"rotated": false,
	"trimmed": false,
	"spriteSourceSize": {"x":0,"y":0,"w":25,"h":25},
	"sourceSize": {"w":25,"h":25}
},
"icon_checkmark":
{
	"frame": {"x":241,"y":540,"w":24,"h":25},
	"rotated": false,
	"trimmed": false,
	"spriteSourceSize": {"x":0,"y":0,"w":24,"h":25},
	"sourceSize": {"w":24,"h":25}
},
"icon_close":
{
	"frame": {"x":266,"y":540,"w":25,"h":25},
	"rotated": false,
	"trimmed": false,
	"spriteSourceSize": {"x":0,"y":0,"w":25,"h":25},
	"sourceSize": {"w":25,"h":25}
},
"icon_controls":
{
	"frame": {"x":292,"y":540,"w":27,"h":27},
	"rotated": false,
	"trimmed": false,
	"spriteSourceSize": {"x":0,"y":0,"w":27,"h":27},
	"sourceSize": {"w":27,"h":27}
},
"icon_download":
{
	"frame": {"x":320,"y":540,"w":49,"h":49},
	"rotated": false,
	"trimmed": false,
	"spriteSourceSize": {"x":0,"y":0,"w":49,"h":49},
	"sourceSize": {"w":49,"h":49}
},
"icon_download_small":
{
	"frame": {"x":370,"y":540,"w":25,"h":25},
	"rotated": false,
	"trimmed": false,
	"spriteSourceSize": {"x":0,"y":0,"w":25,"h":25},
	"sourceSize": {"w":25,"h":25}
},
"icon_help":
{
	"frame": {"x":396,"y":540,"w":25,"h":25},
	"rotated": false,
	"trimmed": false,
	"spriteSourceSize": {"x":0,"y":0,"w":25,"h":25},
	"sourceSize": {"w":25,"h":25}
},
"icon_lock":
{
	"frame": {"x":422,"y":540,"w":25,"h":25},
	"rotated": false,
	"trimmed": false,
	"spriteSourceSize": {"x":0,"y":0,"w":25,"h":25},
	"sourceSize": {"w":25,"h":25}
},
"icon_lock_large":
{
	"frame": {"x":448,"y":540,"w":49,"h":49},
	"rotated": false,
	"trimmed": false,
	"spriteSourceSize": {"x":0,"y":0,"w":49,"h":49},
	"sourceSize": {"w":49,"h":49}
},
"icon_lock_outline":
{
	"frame": {"x":0,"y":606,"w":31,"h":31},
	"rotated": false,
	"trimmed": false,
	"spriteSourceSize": {"x":0,"y":0,"w":31,"h":31},
	"sourceSize": {"w":31,"h":31}
},
"icon_mag":
{
	"frame": {"x":32,"y":606,"w":13,"h":15},
	"rotated": false,
	"trimmed": false,
	"spriteSourceSize": {"x":0,"y":0,"w":13,"h":15},
	"sourceSize": {"w":13,"h":15}
},
"icon_mods":
{
	"frame": {"x":46,"y":606,"w":25,"h":25},
	"rotated": false,
	"trimmed": false,
	"spriteSourceSize": {"x":0,"y":0,"w":25,"h":25},
	"sourceSize": {"w":25,"h":25}
},
"icon_mute":
{
	"frame": {"x":72,"y":606,"w":25,"h":25},
	"rotated": false,
	"trimmed": false,
	"spriteSourceSize": {"x":0,"y":0,"w":25,"h":25},
	"sourceSize": {"w":25,"h":25}
},
"icon_new":
{
	"frame": {"x":98,"y":606,"w":25,"h":25},
	"rotated": false,
	"trimmed": false,
	"spriteSourceSize": {"x":0,"y":0,"w":25,"h":25},
	"sourceSize": {"w":25,"h":25}
},
"icon_play":
{
	"frame": {"x":124,"y":606,"w":31,"h":31},
	"rotated": false,
	"trimmed": false,
	"spriteSourceSize": {"x":0,"y":0,"w":31,"h":31},
	"sourceSize": {"w":31,"h":31}
},
"icon_plus":
{
	"frame": {"x":156,"y":606,"w":14,"h":15},
	"rotated": false,
	"trimmed": false,
	"spriteSourceSize": {"x":0,"y":0,"w":14,"h":15},
	"sourceSize": {"w":14,"h":15}
},
"icon_prestige":
{
	"frame": {"x":171,"y":606,"w":31,"h":31},
	"rotated": false,
	"trimmed": false,
	"spriteSourceSize": {"x":0,"y":0,"w":31,"h":31},
	"sourceSize": {"w":31,"h":31}
},
"icon_profile":
{
	"frame": {"x":203,"y":606,"w":51,"h":51},
	"rotated": false,
	"trimmed": false,
	"spriteSourceSize": {"x":0,"y":0,"w":51,"h":51},
	"sourceSize": {"w":51,"h":51}
},
"icon_profile_small":
{
	"frame": {"x":255,"y":606,"w":31,"h":31},
	"rotated": false,
	"trimmed": false,
	"spriteSourceSize": {"x":0,"y":0,"w":31,"h":31},
	"sourceSize": {"w":31,"h":31}
},
"icon_random":
{
	"frame": {"x":287,"y":606,"w":31,"h":31},
	"rotated": false,
	"trimmed": false,
	"spriteSourceSize": {"x":0,"y":0,"w":31,"h":31},
	"sourceSize": {"w":31,"h":31}
},
"icon_settings":
{
	"frame": {"x":319,"y":606,"w":25,"h":25},
	"rotated": false,
	"trimmed": false,
	"spriteSourceSize": {"x":0,"y":0,"w":25,"h":25},
	"sourceSize": {"w":25,"h":25}
},
"icon_settings_large":
{
	"frame": {"x":345,"y":606,"w":41,"h":41},
	"rotated": false,
	"trimmed": false,
	"spriteSourceSize": {"x":0,"y":0,"w":41,"h":41},
	"sourceSize": {"w":41,"h":41}
},
"icon_skills":
{
	"frame": {"x":387,"y":606,"w":25,"h":25},
	"rotated": false,
	"trimmed": false,
	"spriteSourceSize": {"x":0,"y":0,"w":25,"h":25},
	"sourceSize": {"w":25,"h":25}
},
"icon_speech":
{
	"frame": {"x":413,"y":606,"w":25,"h":25},
	"rotated": false,
	"trimmed": false,
	"spriteSourceSize": {"x":0,"y":0,"w":25,"h":25},
	"sourceSize": {"w":25,"h":25}
},
"icon_star":
{
	"frame": {"x":439,"y":606,"w":25,"h":25},
	"rotated": false,
	"trimmed": false,
	"spriteSourceSize": {"x":0,"y":0,"w":25,"h":25},
	"sourceSize": {"w":25,"h":25}
},
"icon_star_large":
{
	"frame": {"x":0,"y":658,"w":97,"h":97},
	"rotated": false,
	"trimmed": false,
	"spriteSourceSize": {"x":0,"y":0,"w":97,"h":97},
	"sourceSize": {"w":97,"h":97}
},
"icon_star_small":
{
	"frame": {"x":98,"y":658,"w":17,"h":17},
	"rotated": false,
	"trimmed": false,
	"spriteSourceSize": {"x":0,"y":0,"w":17,"h":17},
	"sourceSize": {"w":17,"h":17}
},
"icon_target_small":
{
	"frame": {"x":116,"y":658,"w":19,"h":19},
	"rotated": false,
	"trimmed": false,
	"spriteSourceSize": {"x":0,"y":0,"w":19,"h":19},
	"sourceSize": {"w":19,"h":19}
},
"icon_timer":
{
	"frame": {"x":136,"y":658,"w":24,"h":25},
	"rotated": false,
	"trimmed": false,
	"spriteSourceSize": {"x":0,"y":0,"w":24,"h":25},
	"sourceSize": {"w":24,"h":25}
},
"icon_trash":
{
	"frame": {"x":161,"y":658,"w":24,"h":25},
	"rotated": false,
	"trimmed": false,
	"spriteSourceSize": {"x":0,"y":0,"w":24,"h":25},
	"sourceSize": {"w":24,"h":25}
},
"icon_trophy":
{
	"frame": {"x":186,"y":658,"w":19,"h":19},
	"rotated": false,
	"trimmed": false,
	"spriteSourceSize": {"x":0,"y":0,"w":19,"h":19},
	"sourceSize": {"w":19,"h":19}
},
"icon_volume":
{
	"frame": {"x":206,"y":658,"w":25,"h":25},
	"rotated": false,
	"trimmed": false,
	"spriteSourceSize": {"x":0,"y":0,"w":25,"h":25},
	"sourceSize": {"w":25,"h":25}
},
"icon_x":
{
	"frame": {"x":232,"y":658,"w":25,"h":25},
	"rotated": false,
	"trimmed": false,
	"spriteSourceSize": {"x":0,"y":0,"w":25,"h":25},
	"sourceSize": {"w":25,"h":25}
},
"mag0000":
{
	"frame": {"x":258,"y":658,"w":2,"h":2},
	"rotated": false,
	"trimmed": false,
	"spriteSourceSize": {"x":0,"y":0,"w":2,"h":2},
	"sourceSize": {"w":2,"h":2}
},
"mag0001":
{
	"frame": {"x":261,"y":658,"w":26,"h":33},
	"rotated": false,
	"trimmed": false,
	"spriteSourceSize": {"x":0,"y":0,"w":26,"h":33},
	"sourceSize": {"w":26,"h":33}
},
"mag0002":
{
	"frame": {"x":288,"y":658,"w":25,"h":30},
	"rotated": false,
	"trimmed": false,
	"spriteSourceSize": {"x":0,"y":0,"w":25,"h":30},
	"sourceSize": {"w":25,"h":30}
},
"mag0003":
{
	"frame": {"x":314,"y":658,"w":31,"h":31},
	"rotated": false,
	"trimmed": false,
	"spriteSourceSize": {"x":0,"y":0,"w":31,"h":31},
	"sourceSize": {"w":31,"h":31}
},
"mag0004":
{
	"frame": {"x":346,"y":658,"w":31,"h":33},
	"rotated": false,
	"trimmed": false,
	"spriteSourceSize": {"x":0,"y":0,"w":31,"h":33},
	"sourceSize": {"w":31,"h":33}
},
"mag0005":
{
	"frame": {"x":378,"y":658,"w":27,"h":33},
	"rotated": false,
	"trimmed": false,
	"spriteSourceSize": {"x":0,"y":0,"w":27,"h":33},
	"sourceSize": {"w":27,"h":33}
},
"mag0006":
{
	"frame": {"x":406,"y":658,"w":31,"h":31},
	"rotated": false,
	"trimmed": false,
	"spriteSourceSize": {"x":0,"y":0,"w":31,"h":31},
	"sourceSize": {"w":31,"h":31}
},
"mag0007":
{
	"frame": {"x":438,"y":658,"w":31,"h":31},
	"rotated": false,
	"trimmed": false,
	"spriteSourceSize": {"x":0,"y":0,"w":31,"h":31},
	"sourceSize": {"w":31,"h":31}
},
"muzzle0001":
{
	"frame": {"x":470,"y":658,"w":20,"h":15},
	"rotated": false,
	"trimmed": false,
	"spriteSourceSize": {"x":0,"y":0,"w":20,"h":15},
	"sourceSize": {"w":20,"h":15}
},
"muzzle0002":
{
	"frame": {"x":491,"y":658,"w":17,"h":13},
	"rotated": false,
	"trimmed": false,
	"spriteSourceSize": {"x":0,"y":0,"w":17,"h":13},
	"sourceSize": {"w":17,"h":13}
},
"muzzle0003":
{
	"frame": {"x":0,"y":756,"w":35,"h":12},
	"rotated": false,
	"trimmed": false,
	"spriteSourceSize": {"x":0,"y":0,"w":35,"h":12},
	"sourceSize": {"w":35,"h":12}
},
"muzzle0004":
{
	"frame": {"x":36,"y":756,"w":21,"h":13},
	"rotated": false,
	"trimmed": false,
	"spriteSourceSize": {"x":0,"y":0,"w":21,"h":13},
	"sourceSize": {"w":21,"h":13}
},
"muzzle0005":
{
	"frame": {"x":58,"y":756,"w":19,"h":13},
	"rotated": false,
	"trimmed": false,
	"spriteSourceSize": {"x":0,"y":0,"w":19,"h":13},
	"sourceSize": {"w":19,"h":13}
},
"optic0001":
{
	"frame": {"x":78,"y":756,"w":22,"h":15},
	"rotated": false,
	"trimmed": false,
	"spriteSourceSize": {"x":0,"y":0,"w":22,"h":15},
	"sourceSize": {"w":22,"h":15}
},
"optic0002":
{
	"frame": {"x":101,"y":756,"w":26,"h":16},
	"rotated": false,
	"trimmed": false,
	"spriteSourceSize": {"x":0,"y":0,"w":26,"h":16},
	"sourceSize": {"w":26,"h":16}
},
"optic0003":
{
	"frame": {"x":128,"y":756,"w":32,"h":17},
	"rotated": false,
	"trimmed": false,
	"spriteSourceSize": {"x":0,"y":0,"w":32,"h":17},
	"sourceSize": {"w":32,"h":17}
},
"optic0004":
{
	"frame": {"x":161,"y":756,"w":24,"h":17},
	"rotated": false,
	"trimmed": false,
	"spriteSourceSize": {"x":0,"y":0,"w":24,"h":17},
	"sourceSize": {"w":24,"h":17}
},
"optic0005":
{
	"frame": {"x":186,"y":756,"w":37,"h":17},
	"rotated": false,
	"trimmed": false,
	"spriteSourceSize": {"x":0,"y":0,"w":37,"h":17},
	"sourceSize": {"w":37,"h":17}
},
"optic0006":
{
	"frame": {"x":224,"y":756,"w":17,"h":15},
	"rotated": false,
	"trimmed": false,
	"spriteSourceSize": {"x":0,"y":0,"w":17,"h":15},
	"sourceSize": {"w":17,"h":15}
},
"optic0007":
{
	"frame": {"x":242,"y":756,"w":67,"h":17},
	"rotated": false,
	"trimmed": false,
	"spriteSourceSize": {"x":0,"y":0,"w":67,"h":17},
	"sourceSize": {"w":67,"h":17}
},
"social_facebook":
{
	"frame": {"x":310,"y":756,"w":25,"h":25},
	"rotated": false,
	"trimmed": false,
	"spriteSourceSize": {"x":0,"y":0,"w":25,"h":25},
	"sourceSize": {"w":25,"h":25}
},
"social_xwilkinx":
{
	"frame": {"x":336,"y":756,"w":25,"h":25},
	"rotated": false,
	"trimmed": false,
	"spriteSourceSize": {"x":0,"y":0,"w":25,"h":25},
	"sourceSize": {"w":25,"h":25}
},
"social_youtube":
{
	"frame": {"x":362,"y":756,"w":25,"h":25},
	"rotated": false,
	"trimmed": false,
	"spriteSourceSize": {"x":0,"y":0,"w":25,"h":25},
	"sourceSize": {"w":25,"h":25}
},
"target_default_default":
{
	"frame": {"x":388,"y":756,"w":18,"h":53},
	"rotated": false,
	"trimmed": false,
	"spriteSourceSize": {"x":0,"y":0,"w":18,"h":53},
	"sourceSize": {"w":18,"h":53}
},
"target_default_rail":
{
	"frame": {"x":407,"y":756,"w":36,"h":67},
	"rotated": false,
	"trimmed": false,
	"spriteSourceSize": {"x":0,"y":0,"w":36,"h":67},
	"sourceSize": {"w":36,"h":67}
},
"target_default_rope":
{
	"frame": {"x":444,"y":756,"w":19,"h":88},
	"rotated": false,
	"trimmed": false,
	"spriteSourceSize": {"x":0,"y":0,"w":19,"h":88},
	"sourceSize": {"w":19,"h":88}
},
"target_metal_default":
{
	"frame": {"x":464,"y":756,"w":19,"h":53},
	"rotated": false,
	"trimmed": false,
	"spriteSourceSize": {"x":0,"y":0,"w":19,"h":53},
	"sourceSize": {"w":19,"h":53}
},
"target_metal_rail":
{
	"frame": {"x":0,"y":845,"w":35,"h":67},
	"rotated": false,
	"trimmed": false,
	"spriteSourceSize": {"x":0,"y":0,"w":35,"h":67},
	"sourceSize": {"w":35,"h":67}
},
"target_metal_rope":
{
	"frame": {"x":36,"y":845,"w":19,"h":88},
	"rotated": false,
	"trimmed": false,
	"spriteSourceSize": {"x":0,"y":0,"w":19,"h":88},
	"sourceSize": {"w":19,"h":88}
}},
"meta": {
	"app": "Adobe Animate",
	"version": "19.0.0.326",
	"image": "atlas_ui.png",
	"format": "RGBA8888",
	"size": {"w":512,"h":1024},
	"scale": "1"
}
}
