{"frames":{"springbox-mc-body.png":{"frame":{"x":2,"y":2,"w":700,"h":64},"rotated":false,"trimmed":false,"spriteSourceSize":{"x":0,"y":0,"w":700,"h":64},"sourceSize":{"w":700,"h":64},"pivot":{"x":0.5,"y":0.5}},"springbox-mc-pad.png":{"frame":{"x":2,"y":70,"w":700,"h":44},"rotated":false,"trimmed":false,"spriteSourceSize":{"x":0,"y":0,"w":700,"h":44},"sourceSize":{"w":700,"h":44},"pivot":{"x":0.5,"y":0.5}},"springbox-mc-graphic.png":{"frame":{"x":2,"y":118,"w":691,"h":56},"rotated":false,"trimmed":false,"spriteSourceSize":{"x":0,"y":0,"w":691,"h":56},"sourceSize":{"w":691,"h":56},"pivot":{"x":0.5,"y":0.5}},"trash-can-squashed-vertically.png":{"frame":{"x":2,"y":178,"w":194,"h":162},"rotated":false,"trimmed":false,"spriteSourceSize":{"x":0,"y":0,"w":194,"h":162},"sourceSize":{"w":194,"h":162},"pivot":{"x":0.5,"y":0.5}},"trash-can-body.png":{"frame":{"x":200,"y":178,"w":91,"h":142},"rotated":false,"trimmed":false,"spriteSourceSize":{"x":0,"y":0,"w":91,"h":142},"sourceSize":{"w":91,"h":142},"pivot":{"x":0.5,"y":0.5}},"springbox-mc-console.png":{"frame":{"x":295,"y":178,"w":107,"h":36},"rotated":false,"trimmed":false,"spriteSourceSize":{"x":0,"y":0,"w":107,"h":36},"sourceSize":{"w":107,"h":36},"pivot":{"x":0.5,"y":0.5}},"trash-can-lid.png":{"frame":{"x":295,"y":218,"w":96,"h":17},"rotated":false,"trimmed":false,"spriteSourceSize":{"x":0,"y":0,"w":96,"h":17},"sourceSize":{"w":96,"h":17},"pivot":{"x":0.5,"y":0.5}},"trash-can-handles.png":{"frame":{"x":200,"y":324,"w":53,"h":4},"rotated":false,"trimmed":false,"spriteSourceSize":{"x":0,"y":0,"w":53,"h":4},"sourceSize":{"w":53,"h":4},"pivot":{"x":0.5,"y":0.5}},"springbox-mc-piston.png":{"frame":{"x":295,"y":239,"w":52,"h":36},"rotated":false,"trimmed":false,"spriteSourceSize":{"x":0,"y":0,"w":52,"h":36},"sourceSize":{"w":52,"h":36},"pivot":{"x":0.5,"y":0.5}},"trash-can-green-square-2.png":{"frame":{"x":295,"y":279,"w":20,"h":20},"rotated":false,"trimmed":false,"spriteSourceSize":{"x":0,"y":0,"w":20,"h":20},"sourceSize":{"w":20,"h":20},"pivot":{"x":0.5,"y":0.5}},"trash-can-circle-shape.png":{"frame":{"x":257,"y":324,"w":10,"h":10},"rotated":false,"trimmed":false,"spriteSourceSize":{"x":0,"y":0,"w":10,"h":10},"sourceSize":{"w":10,"h":10},"pivot":{"x":0.5,"y":0.5}},"springbox-mc-display.png":{"frame":{"x":295,"y":178,"w":107,"h":36},"rotated":false,"trimmed":false,"spriteSourceSize":{"x":0,"y":0,"w":107,"h":36},"sourceSize":{"w":107,"h":36},"pivot":{"x":0.5,"y":0.5}}},"meta":{"app":"http://github.com/odrick/free-tex-packer-core","version":"0.1.9","image":"r.png","format":"RGBA8888","size":{"w":2048,"h":2048},"scale":1}}