﻿{"frames": {

"base0000":
{
	"frame": {"x":0,"y":0,"w":382,"h":73},
	"rotated": false,
	"trimmed": false,
	"spriteSourceSize": {"x":0,"y":0,"w":382,"h":73},
	"sourceSize": {"w":382,"h":73}
},
"mag0000":
{
	"frame": {"x":383,"y":0,"w":28,"h":57},
	"rotated": false,
	"trimmed": false,
	"spriteSourceSize": {"x":0,"y":0,"w":28,"h":57},
	"sourceSize": {"w":28,"h":57}
},
"optic0000":
{
	"frame": {"x":0,"y":74,"w":170,"h":39},
	"rotated": false,
	"trimmed": false,
	"spriteSourceSize": {"x":0,"y":0,"w":170,"h":39},
	"sourceSize": {"w":170,"h":39}
},
"optic0001":
{
	"frame": {"x":171,"y":74,"w":170,"h":39},
	"rotated": false,
	"trimmed": false,
	"spriteSourceSize": {"x":0,"y":0,"w":170,"h":39},
	"sourceSize": {"w":170,"h":39}
},
"optic0002":
{
	"frame": {"x":342,"y":74,"w":170,"h":39},
	"rotated": false,
	"trimmed": false,
	"spriteSourceSize": {"x":0,"y":0,"w":170,"h":39},
	"sourceSize": {"w":170,"h":39}
},
"optic0003":
{
	"frame": {"x":0,"y":114,"w":170,"h":39},
	"rotated": false,
	"trimmed": false,
	"spriteSourceSize": {"x":0,"y":0,"w":170,"h":39},
	"sourceSize": {"w":170,"h":39}
},
"optic0004":
{
	"frame": {"x":171,"y":114,"w":170,"h":39},
	"rotated": false,
	"trimmed": false,
	"spriteSourceSize": {"x":0,"y":0,"w":170,"h":39},
	"sourceSize": {"w":170,"h":39}
},
"optic0005":
{
	"frame": {"x":342,"y":114,"w":170,"h":39},
	"rotated": false,
	"trimmed": false,
	"spriteSourceSize": {"x":0,"y":0,"w":170,"h":39},
	"sourceSize": {"w":170,"h":39}
},
"optic0006":
{
	"frame": {"x":0,"y":154,"w":170,"h":39},
	"rotated": false,
	"trimmed": false,
	"spriteSourceSize": {"x":0,"y":0,"w":170,"h":39},
	"sourceSize": {"w":170,"h":39}
},
"optic0007":
{
	"frame": {"x":171,"y":154,"w":170,"h":39},
	"rotated": false,
	"trimmed": false,
	"spriteSourceSize": {"x":0,"y":0,"w":170,"h":39},
	"sourceSize": {"w":170,"h":39}
}},
"meta": {
	"app": "Adobe Animate",
	"version": "16.5.0.100",
	"image": "atlas_samr.png",
	"format": "RGBA8888",
	"size": {"w":512,"h":512},
	"scale": "1"
}
}
