﻿{"frames": {

"base0000":
{
	"frame": {"x":0,"y":0,"w":93,"h":63},
	"rotated": false,
	"trimmed": false,
	"spriteSourceSize": {"x":0,"y":0,"w":93,"h":63},
	"sourceSize": {"w":93,"h":63}
},
"mag0000":
{
	"frame": {"x":94,"y":0,"w":27,"h":49},
	"rotated": false,
	"trimmed": false,
	"spriteSourceSize": {"x":0,"y":0,"w":27,"h":49},
	"sourceSize": {"w":27,"h":49}
},
"slide0000":
{
	"frame": {"x":0,"y":64,"w":87,"h":15},
	"rotated": false,
	"trimmed": false,
	"spriteSourceSize": {"x":0,"y":0,"w":87,"h":15},
	"sourceSize": {"w":87,"h":15}
}},
"meta": {
	"app": "Adobe Animate",
	"version": "16.5.0.100",
	"image": "atlas_p320.png",
	"format": "RGBA8888",
	"size": {"w":128,"h":128},
	"scale": "1"
}
}
