﻿{"frames": {

"base0000":
{
	"frame": {"x":0,"y":0,"w":109,"h":61},
	"rotated": false,
	"trimmed": false,
	"spriteSourceSize": {"x":0,"y":0,"w":109,"h":61},
	"sourceSize": {"w":109,"h":61}
},
"mag0000":
{
	"frame": {"x":0,"y":62,"w":28,"h":58},
	"rotated": false,
	"trimmed": false,
	"spriteSourceSize": {"x":0,"y":0,"w":28,"h":58},
	"sourceSize": {"w":28,"h":58}
},
"slide0000":
{
	"frame": {"x":29,"y":62,"w":52,"h":16},
	"rotated": false,
	"trimmed": false,
	"spriteSourceSize": {"x":0,"y":0,"w":52,"h":16},
	"sourceSize": {"w":52,"h":16}
}},
"meta": {
	"app": "Adobe Animate",
	"version": "16.5.0.100",
	"image": "atlas_maxim9.png",
	"format": "RGBA8888",
	"size": {"w":128,"h":128},
	"scale": "1"
}
}
