﻿{"frames": {

"base0000":
{
	"frame": {"x":0,"y":0,"w":398,"h":71},
	"rotated": false,
	"trimmed": false,
	"spriteSourceSize": {"x":0,"y":0,"w":398,"h":71},
	"sourceSize": {"w":398,"h":71}
},
"mag0000":
{
	"frame": {"x":400,"y":0,"w":40,"h":38},
	"rotated": false,
	"trimmed": false,
	"spriteSourceSize": {"x":0,"y":0,"w":40,"h":38},
	"sourceSize": {"w":40,"h":38}
},
"optic0000":
{
	"frame": {"x":0,"y":73,"w":200,"h":39},
	"rotated": false,
	"trimmed": false,
	"spriteSourceSize": {"x":0,"y":0,"w":200,"h":39},
	"sourceSize": {"w":200,"h":39}
},
"optic0001":
{
	"frame": {"x":202,"y":73,"w":200,"h":39},
	"rotated": false,
	"trimmed": false,
	"spriteSourceSize": {"x":0,"y":0,"w":200,"h":39},
	"sourceSize": {"w":200,"h":39}
},
"optic0002":
{
	"frame": {"x":0,"y":114,"w":200,"h":39},
	"rotated": false,
	"trimmed": false,
	"spriteSourceSize": {"x":0,"y":0,"w":200,"h":39},
	"sourceSize": {"w":200,"h":39}
},
"optic0003":
{
	"frame": {"x":202,"y":114,"w":200,"h":39},
	"rotated": false,
	"trimmed": false,
	"spriteSourceSize": {"x":0,"y":0,"w":200,"h":39},
	"sourceSize": {"w":200,"h":39}
},
"optic0004":
{
	"frame": {"x":0,"y":155,"w":200,"h":39},
	"rotated": false,
	"trimmed": false,
	"spriteSourceSize": {"x":0,"y":0,"w":200,"h":39},
	"sourceSize": {"w":200,"h":39}
},
"optic0005":
{
	"frame": {"x":202,"y":155,"w":200,"h":39},
	"rotated": false,
	"trimmed": false,
	"spriteSourceSize": {"x":0,"y":0,"w":200,"h":39},
	"sourceSize": {"w":200,"h":39}
},
"optic0006":
{
	"frame": {"x":0,"y":196,"w":200,"h":39},
	"rotated": false,
	"trimmed": false,
	"spriteSourceSize": {"x":0,"y":0,"w":200,"h":39},
	"sourceSize": {"w":200,"h":39}
},
"optic0007":
{
	"frame": {"x":202,"y":196,"w":200,"h":39},
	"rotated": false,
	"trimmed": false,
	"spriteSourceSize": {"x":0,"y":0,"w":200,"h":39},
	"sourceSize": {"w":200,"h":39}
}},
"meta": {
	"app": "Adobe Animate",
	"version": "16.5.0.100",
	"image": "atlas_msr.png",
	"format": "RGBA8888",
	"size": {"w":512,"h":512},
	"scale": "1"
}
}
