﻿{"frames": {

"base0000":
{
	"frame": {"x":0,"y":0,"w":405,"h":85},
	"rotated": false,
	"trimmed": false,
	"spriteSourceSize": {"x":0,"y":0,"w":405,"h":85},
	"sourceSize": {"w":405,"h":85}
},
"mag0000":
{
	"frame": {"x":407,"y":0,"w":34,"h":65},
	"rotated": false,
	"trimmed": false,
	"spriteSourceSize": {"x":0,"y":0,"w":34,"h":65},
	"sourceSize": {"w":34,"h":65}
},
"optic0000":
{
	"frame": {"x":0,"y":87,"w":170,"h":39},
	"rotated": false,
	"trimmed": false,
	"spriteSourceSize": {"x":0,"y":0,"w":170,"h":39},
	"sourceSize": {"w":170,"h":39}
},
"optic0001":
{
	"frame": {"x":172,"y":87,"w":170,"h":39},
	"rotated": false,
	"trimmed": false,
	"spriteSourceSize": {"x":0,"y":0,"w":170,"h":39},
	"sourceSize": {"w":170,"h":39}
},
"optic0002":
{
	"frame": {"x":0,"y":128,"w":170,"h":39},
	"rotated": false,
	"trimmed": false,
	"spriteSourceSize": {"x":0,"y":0,"w":170,"h":39},
	"sourceSize": {"w":170,"h":39}
},
"optic0003":
{
	"frame": {"x":172,"y":128,"w":170,"h":39},
	"rotated": false,
	"trimmed": false,
	"spriteSourceSize": {"x":0,"y":0,"w":170,"h":39},
	"sourceSize": {"w":170,"h":39}
},
"optic0004":
{
	"frame": {"x":0,"y":169,"w":170,"h":39},
	"rotated": false,
	"trimmed": false,
	"spriteSourceSize": {"x":0,"y":0,"w":170,"h":39},
	"sourceSize": {"w":170,"h":39}
},
"optic0005":
{
	"frame": {"x":172,"y":169,"w":170,"h":39},
	"rotated": false,
	"trimmed": false,
	"spriteSourceSize": {"x":0,"y":0,"w":170,"h":39},
	"sourceSize": {"w":170,"h":39}
},
"optic0006":
{
	"frame": {"x":0,"y":210,"w":170,"h":39},
	"rotated": false,
	"trimmed": false,
	"spriteSourceSize": {"x":0,"y":0,"w":170,"h":39},
	"sourceSize": {"w":170,"h":39}
},
"optic0007":
{
	"frame": {"x":172,"y":210,"w":170,"h":39},
	"rotated": false,
	"trimmed": false,
	"spriteSourceSize": {"x":0,"y":0,"w":170,"h":39},
	"sourceSize": {"w":170,"h":39}
}},
"meta": {
	"app": "Adobe Animate",
	"version": "16.5.0.100",
	"image": "atlas_sr25.png",
	"format": "RGBA8888",
	"size": {"w":512,"h":512},
	"scale": "1"
}
}
