﻿{"frames": {

"base0000":
{
	"frame": {"x":0,"y":0,"w":246,"h":87},
	"rotated": false,
	"trimmed": false,
	"spriteSourceSize": {"x":0,"y":0,"w":246,"h":87},
	"sourceSize": {"w":246,"h":87}
},
"mag0000":
{
	"frame": {"x":0,"y":89,"w":50,"h":91},
	"rotated": false,
	"trimmed": false,
	"spriteSourceSize": {"x":0,"y":0,"w":50,"h":91},
	"sourceSize": {"w":50,"h":91}
},
"optic0000":
{
	"frame": {"x":52,"y":89,"w":90,"h":36},
	"rotated": false,
	"trimmed": false,
	"spriteSourceSize": {"x":0,"y":0,"w":90,"h":36},
	"sourceSize": {"w":90,"h":36}
},
"optic0001":
{
	"frame": {"x":52,"y":127,"w":90,"h":36},
	"rotated": false,
	"trimmed": false,
	"spriteSourceSize": {"x":0,"y":0,"w":90,"h":36},
	"sourceSize": {"w":90,"h":36}
},
"optic0002":
{
	"frame": {"x":52,"y":165,"w":90,"h":36},
	"rotated": false,
	"trimmed": false,
	"spriteSourceSize": {"x":0,"y":0,"w":90,"h":36},
	"sourceSize": {"w":90,"h":36}
},
"optic0003":
{
	"frame": {"x":144,"y":89,"w":90,"h":36},
	"rotated": false,
	"trimmed": false,
	"spriteSourceSize": {"x":0,"y":0,"w":90,"h":36},
	"sourceSize": {"w":90,"h":36}
},
"optic0004":
{
	"frame": {"x":144,"y":127,"w":90,"h":36},
	"rotated": false,
	"trimmed": false,
	"spriteSourceSize": {"x":0,"y":0,"w":90,"h":36},
	"sourceSize": {"w":90,"h":36}
},
"optic0005":
{
	"frame": {"x":144,"y":165,"w":90,"h":36},
	"rotated": false,
	"trimmed": false,
	"spriteSourceSize": {"x":0,"y":0,"w":90,"h":36},
	"sourceSize": {"w":90,"h":36}
},
"optic0006":
{
	"frame": {"x":0,"y":203,"w":90,"h":36},
	"rotated": false,
	"trimmed": false,
	"spriteSourceSize": {"x":0,"y":0,"w":90,"h":36},
	"sourceSize": {"w":90,"h":36}
}},
"meta": {
	"app": "Adobe Animate",
	"version": "16.5.0.100",
	"image": "atlas_vector.png",
	"format": "RGBA8888",
	"size": {"w":256,"h":256},
	"scale": "1"
}
}
