﻿{"frames": {

"base0000":
{
	"frame": {"x":0,"y":0,"w":105,"h":63},
	"rotated": false,
	"trimmed": false,
	"spriteSourceSize": {"x":0,"y":0,"w":105,"h":63},
	"sourceSize": {"w":105,"h":63}
},
"mag0000":
{
	"frame": {"x":0,"y":64,"w":38,"h":57},
	"rotated": false,
	"trimmed": false,
	"spriteSourceSize": {"x":0,"y":0,"w":38,"h":57},
	"sourceSize": {"w":38,"h":57}
},
"slide0000":
{
	"frame": {"x":39,"y":64,"w":86,"h":17},
	"rotated": false,
	"trimmed": false,
	"spriteSourceSize": {"x":0,"y":0,"w":86,"h":17},
	"sourceSize": {"w":86,"h":17}
}},
"meta": {
	"app": "Adobe Animate",
	"version": "16.5.0.100",
	"image": "atlas_uspm.png",
	"format": "RGBA8888",
	"size": {"w":128,"h":128},
	"scale": "1"
}
}
