﻿{"frames": {

"base0000":
{
	"frame": {"x":0,"y":0,"w":283,"h":65},
	"rotated": false,
	"trimmed": false,
	"spriteSourceSize": {"x":0,"y":0,"w":283,"h":65},
	"sourceSize": {"w":283,"h":65}
},
"mag0000":
{
	"frame": {"x":414,"y":112,"w":38,"h":47},
	"rotated": false,
	"trimmed": false,
	"spriteSourceSize": {"x":0,"y":0,"w":38,"h":47},
	"sourceSize": {"w":38,"h":47}
},
"optic0000":
{
	"frame": {"x":284,"y":0,"w":137,"h":55},
	"rotated": false,
	"trimmed": false,
	"spriteSourceSize": {"x":0,"y":0,"w":137,"h":55},
	"sourceSize": {"w":137,"h":55}
},
"optic0001":
{
	"frame": {"x":284,"y":56,"w":137,"h":55},
	"rotated": false,
	"trimmed": false,
	"spriteSourceSize": {"x":0,"y":0,"w":137,"h":55},
	"sourceSize": {"w":137,"h":55}
},
"optic0002":
{
	"frame": {"x":0,"y":66,"w":137,"h":55},
	"rotated": false,
	"trimmed": false,
	"spriteSourceSize": {"x":0,"y":0,"w":137,"h":55},
	"sourceSize": {"w":137,"h":55}
},
"optic0003":
{
	"frame": {"x":138,"y":66,"w":137,"h":55},
	"rotated": false,
	"trimmed": false,
	"spriteSourceSize": {"x":0,"y":0,"w":137,"h":55},
	"sourceSize": {"w":137,"h":55}
},
"optic0004":
{
	"frame": {"x":276,"y":112,"w":137,"h":55},
	"rotated": false,
	"trimmed": false,
	"spriteSourceSize": {"x":0,"y":0,"w":137,"h":55},
	"sourceSize": {"w":137,"h":55}
},
"optic0005":
{
	"frame": {"x":0,"y":122,"w":137,"h":55},
	"rotated": false,
	"trimmed": false,
	"spriteSourceSize": {"x":0,"y":0,"w":137,"h":55},
	"sourceSize": {"w":137,"h":55}
},
"optic0006":
{
	"frame": {"x":138,"y":122,"w":137,"h":55},
	"rotated": false,
	"trimmed": false,
	"spriteSourceSize": {"x":0,"y":0,"w":137,"h":55},
	"sourceSize": {"w":137,"h":55}
}},
"meta": {
	"app": "Adobe Animate",
	"version": "16.5.0.100",
	"image": "atlas_aug.png",
	"format": "RGBA8888",
	"size": {"w":512,"h":512},
	"scale": "1"
}
}
