﻿{"frames": {

"base0000":
{
	"frame": {"x":0,"y":0,"w":449,"h":68},
	"rotated": false,
	"trimmed": false,
	"spriteSourceSize": {"x":0,"y":0,"w":449,"h":68},
	"sourceSize": {"w":449,"h":68}
},
"mag0000":
{
	"frame": {"x":451,"y":0,"w":37,"h":33},
	"rotated": false,
	"trimmed": false,
	"spriteSourceSize": {"x":0,"y":0,"w":37,"h":33},
	"sourceSize": {"w":37,"h":33}
},
"optic0000":
{
	"frame": {"x":0,"y":70,"w":135,"h":37},
	"rotated": false,
	"trimmed": false,
	"spriteSourceSize": {"x":0,"y":0,"w":135,"h":37},
	"sourceSize": {"w":135,"h":37}
},
"optic0001":
{
	"frame": {"x":137,"y":70,"w":135,"h":37},
	"rotated": false,
	"trimmed": false,
	"spriteSourceSize": {"x":0,"y":0,"w":135,"h":37},
	"sourceSize": {"w":135,"h":37}
},
"optic0002":
{
	"frame": {"x":274,"y":70,"w":135,"h":37},
	"rotated": false,
	"trimmed": false,
	"spriteSourceSize": {"x":0,"y":0,"w":135,"h":37},
	"sourceSize": {"w":135,"h":37}
},
"optic0003":
{
	"frame": {"x":0,"y":109,"w":135,"h":37},
	"rotated": false,
	"trimmed": false,
	"spriteSourceSize": {"x":0,"y":0,"w":135,"h":37},
	"sourceSize": {"w":135,"h":37}
},
"optic0004":
{
	"frame": {"x":137,"y":109,"w":135,"h":37},
	"rotated": false,
	"trimmed": false,
	"spriteSourceSize": {"x":0,"y":0,"w":135,"h":37},
	"sourceSize": {"w":135,"h":37}
},
"optic0005":
{
	"frame": {"x":274,"y":109,"w":135,"h":37},
	"rotated": false,
	"trimmed": false,
	"spriteSourceSize": {"x":0,"y":0,"w":135,"h":37},
	"sourceSize": {"w":135,"h":37}
},
"optic0006":
{
	"frame": {"x":0,"y":148,"w":135,"h":37},
	"rotated": false,
	"trimmed": false,
	"spriteSourceSize": {"x":0,"y":0,"w":135,"h":37},
	"sourceSize": {"w":135,"h":37}
},
"optic0007":
{
	"frame": {"x":137,"y":148,"w":135,"h":37},
	"rotated": false,
	"trimmed": false,
	"spriteSourceSize": {"x":0,"y":0,"w":135,"h":37},
	"sourceSize": {"w":135,"h":37}
}},
"meta": {
	"app": "Adobe Animate",
	"version": "16.5.0.100",
	"image": "atlas_l115a3.png",
	"format": "RGBA8888",
	"size": {"w":512,"h":512},
	"scale": "1"
}
}
