﻿{"frames": {

"base0000":
{
	"frame": {"x":0,"y":0,"w":143,"h":75},
	"rotated": false,
	"trimmed": false,
	"spriteSourceSize": {"x":0,"y":0,"w":143,"h":75},
	"sourceSize": {"w":143,"h":75}
},
"mag0000":
{
	"frame": {"x":144,"y":0,"w":35,"h":57},
	"rotated": false,
	"trimmed": false,
	"spriteSourceSize": {"x":0,"y":0,"w":35,"h":57},
	"sourceSize": {"w":35,"h":57}
}},
"meta": {
	"app": "Adobe Animate",
	"version": "16.5.0.100",
	"image": "atlas_mpa57.png",
	"format": "RGBA8888",
	"size": {"w":256,"h":256},
	"scale": "1"
}
}
