﻿{"frames": {

"base0000":
{
	"frame": {"x":0,"y":0,"w":245,"h":65},
	"rotated": false,
	"trimmed": false,
	"spriteSourceSize": {"x":0,"y":0,"w":245,"h":65},
	"sourceSize": {"w":245,"h":65}
},
"mag0000":
{
	"frame": {"x":0,"y":67,"w":34,"h":47},
	"rotated": false,
	"trimmed": false,
	"spriteSourceSize": {"x":0,"y":0,"w":34,"h":47},
	"sourceSize": {"w":34,"h":47}
},
"slide0000":
{
	"frame": {"x":36,"y":67,"w":90,"h":17},
	"rotated": false,
	"trimmed": false,
	"spriteSourceSize": {"x":0,"y":0,"w":90,"h":17},
	"sourceSize": {"w":90,"h":17}
}},
"meta": {
	"app": "Adobe Animate",
	"version": "16.5.0.100",
	"image": "atlas_vp70.png",
	"format": "RGBA8888",
	"size": {"w":256,"h":256},
	"scale": "1"
}
}
