﻿{"frames": {

"base0000":
{
	"frame": {"x":0,"y":0,"w":271,"h":93},
	"rotated": false,
	"trimmed": false,
	"spriteSourceSize": {"x":0,"y":0,"w":271,"h":93},
	"sourceSize": {"w":271,"h":93}
},
"mag0000":
{
	"frame": {"x":454,"y":0,"w":36,"h":78},
	"rotated": false,
	"trimmed": false,
	"spriteSourceSize": {"x":0,"y":0,"w":36,"h":78},
	"sourceSize": {"w":36,"h":78}
},
"optic0000":
{
	"frame": {"x":272,"y":0,"w":90,"h":36},
	"rotated": false,
	"trimmed": false,
	"spriteSourceSize": {"x":0,"y":0,"w":90,"h":36},
	"sourceSize": {"w":90,"h":36}
},
"optic0001":
{
	"frame": {"x":363,"y":0,"w":90,"h":36},
	"rotated": false,
	"trimmed": false,
	"spriteSourceSize": {"x":0,"y":0,"w":90,"h":36},
	"sourceSize": {"w":90,"h":36}
},
"optic0002":
{
	"frame": {"x":272,"y":37,"w":90,"h":36},
	"rotated": false,
	"trimmed": false,
	"spriteSourceSize": {"x":0,"y":0,"w":90,"h":36},
	"sourceSize": {"w":90,"h":36}
},
"optic0003":
{
	"frame": {"x":363,"y":37,"w":90,"h":36},
	"rotated": false,
	"trimmed": false,
	"spriteSourceSize": {"x":0,"y":0,"w":90,"h":36},
	"sourceSize": {"w":90,"h":36}
},
"optic0004":
{
	"frame": {"x":272,"y":74,"w":90,"h":36},
	"rotated": false,
	"trimmed": false,
	"spriteSourceSize": {"x":0,"y":0,"w":90,"h":36},
	"sourceSize": {"w":90,"h":36}
},
"optic0005":
{
	"frame": {"x":363,"y":74,"w":90,"h":36},
	"rotated": false,
	"trimmed": false,
	"spriteSourceSize": {"x":0,"y":0,"w":90,"h":36},
	"sourceSize": {"w":90,"h":36}
},
"optic0006":
{
	"frame": {"x":0,"y":94,"w":90,"h":36},
	"rotated": false,
	"trimmed": false,
	"spriteSourceSize": {"x":0,"y":0,"w":90,"h":36},
	"sourceSize": {"w":90,"h":36}
}},
"meta": {
	"app": "Adobe Animate",
	"version": "16.5.0.100",
	"image": "atlas_type95.png",
	"format": "RGBA8888",
	"size": {"w":512,"h":512},
	"scale": "1"
}
}
