﻿{"frames": {

"base0000":
{
	"frame": {"x":0,"y":0,"w":363,"h":72},
	"rotated": false,
	"trimmed": false,
	"spriteSourceSize": {"x":0,"y":0,"w":363,"h":72},
	"sourceSize": {"w":363,"h":72}
},
"mag0000":
{
	"frame": {"x":364,"y":0,"w":51,"h":42},
	"rotated": false,
	"trimmed": false,
	"spriteSourceSize": {"x":0,"y":0,"w":51,"h":42},
	"sourceSize": {"w":51,"h":42}
},
"optic0000":
{
	"frame": {"x":0,"y":73,"w":154,"h":38},
	"rotated": false,
	"trimmed": false,
	"spriteSourceSize": {"x":0,"y":0,"w":154,"h":38},
	"sourceSize": {"w":154,"h":38}
},
"optic0001":
{
	"frame": {"x":155,"y":73,"w":154,"h":38},
	"rotated": false,
	"trimmed": false,
	"spriteSourceSize": {"x":0,"y":0,"w":154,"h":38},
	"sourceSize": {"w":154,"h":38}
},
"optic0002":
{
	"frame": {"x":310,"y":73,"w":154,"h":38},
	"rotated": false,
	"trimmed": false,
	"spriteSourceSize": {"x":0,"y":0,"w":154,"h":38},
	"sourceSize": {"w":154,"h":38}
},
"optic0003":
{
	"frame": {"x":0,"y":112,"w":154,"h":38},
	"rotated": false,
	"trimmed": false,
	"spriteSourceSize": {"x":0,"y":0,"w":154,"h":38},
	"sourceSize": {"w":154,"h":38}
},
"optic0004":
{
	"frame": {"x":155,"y":112,"w":154,"h":38},
	"rotated": false,
	"trimmed": false,
	"spriteSourceSize": {"x":0,"y":0,"w":154,"h":38},
	"sourceSize": {"w":154,"h":38}
},
"optic0005":
{
	"frame": {"x":310,"y":112,"w":154,"h":38},
	"rotated": false,
	"trimmed": false,
	"spriteSourceSize": {"x":0,"y":0,"w":154,"h":38},
	"sourceSize": {"w":154,"h":38}
},
"optic0006":
{
	"frame": {"x":0,"y":151,"w":154,"h":38},
	"rotated": false,
	"trimmed": false,
	"spriteSourceSize": {"x":0,"y":0,"w":154,"h":38},
	"sourceSize": {"w":154,"h":38}
},
"optic0007":
{
	"frame": {"x":155,"y":151,"w":154,"h":38},
	"rotated": false,
	"trimmed": false,
	"spriteSourceSize": {"x":0,"y":0,"w":154,"h":38},
	"sourceSize": {"w":154,"h":38}
}},
"meta": {
	"app": "Adobe Animate",
	"version": "16.5.0.100",
	"image": "atlas_hti.png",
	"format": "RGBA8888",
	"size": {"w":512,"h":512},
	"scale": "1"
}
}
