﻿{"frames": {

"base0000":
{
	"frame": {"x":0,"y":0,"w":433,"h":93},
	"rotated": false,
	"trimmed": false,
	"spriteSourceSize": {"x":0,"y":0,"w":433,"h":93},
	"sourceSize": {"w":433,"h":93}
},
"mag0000":
{
	"frame": {"x":434,"y":0,"w":33,"h":64},
	"rotated": false,
	"trimmed": false,
	"spriteSourceSize": {"x":0,"y":0,"w":33,"h":64},
	"sourceSize": {"w":33,"h":64}
},
"optic0000":
{
	"frame": {"x":0,"y":94,"w":90,"h":37},
	"rotated": false,
	"trimmed": false,
	"spriteSourceSize": {"x":0,"y":0,"w":90,"h":37},
	"sourceSize": {"w":90,"h":37}
},
"optic0001":
{
	"frame": {"x":91,"y":94,"w":90,"h":37},
	"rotated": false,
	"trimmed": false,
	"spriteSourceSize": {"x":0,"y":0,"w":90,"h":37},
	"sourceSize": {"w":90,"h":37}
},
"optic0002":
{
	"frame": {"x":182,"y":94,"w":90,"h":37},
	"rotated": false,
	"trimmed": false,
	"spriteSourceSize": {"x":0,"y":0,"w":90,"h":37},
	"sourceSize": {"w":90,"h":37}
},
"optic0003":
{
	"frame": {"x":273,"y":94,"w":90,"h":37},
	"rotated": false,
	"trimmed": false,
	"spriteSourceSize": {"x":0,"y":0,"w":90,"h":37},
	"sourceSize": {"w":90,"h":37}
},
"optic0004":
{
	"frame": {"x":364,"y":94,"w":90,"h":37},
	"rotated": false,
	"trimmed": false,
	"spriteSourceSize": {"x":0,"y":0,"w":90,"h":37},
	"sourceSize": {"w":90,"h":37}
},
"optic0005":
{
	"frame": {"x":0,"y":132,"w":90,"h":37},
	"rotated": false,
	"trimmed": false,
	"spriteSourceSize": {"x":0,"y":0,"w":90,"h":37},
	"sourceSize": {"w":90,"h":37}
},
"optic0006":
{
	"frame": {"x":91,"y":132,"w":90,"h":37},
	"rotated": false,
	"trimmed": false,
	"spriteSourceSize": {"x":0,"y":0,"w":90,"h":37},
	"sourceSize": {"w":90,"h":37}
}},
"meta": {
	"app": "Adobe Animate",
	"version": "16.5.0.100",
	"image": "atlas_m60e4.png",
	"format": "RGBA8888",
	"size": {"w":512,"h":512},
	"scale": "1"
}
}
