﻿{"frames": {

"base0000":
{
	"frame": {"x":0,"y":0,"w":295,"h":93},
	"rotated": false,
	"trimmed": false,
	"spriteSourceSize": {"x":0,"y":0,"w":295,"h":93},
	"sourceSize": {"w":295,"h":93}
},
"mag0000":
{
	"frame": {"x":296,"y":0,"w":42,"h":86},
	"rotated": false,
	"trimmed": false,
	"spriteSourceSize": {"x":0,"y":0,"w":42,"h":86},
	"sourceSize": {"w":42,"h":86}
},
"optic0000":
{
	"frame": {"x":339,"y":0,"w":90,"h":36},
	"rotated": false,
	"trimmed": false,
	"spriteSourceSize": {"x":0,"y":0,"w":90,"h":36},
	"sourceSize": {"w":90,"h":36}
},
"optic0001":
{
	"frame": {"x":339,"y":37,"w":90,"h":36},
	"rotated": false,
	"trimmed": false,
	"spriteSourceSize": {"x":0,"y":0,"w":90,"h":36},
	"sourceSize": {"w":90,"h":36}
},
"optic0002":
{
	"frame": {"x":339,"y":74,"w":90,"h":36},
	"rotated": false,
	"trimmed": false,
	"spriteSourceSize": {"x":0,"y":0,"w":90,"h":36},
	"sourceSize": {"w":90,"h":36}
},
"optic0003":
{
	"frame": {"x":0,"y":94,"w":90,"h":36},
	"rotated": false,
	"trimmed": false,
	"spriteSourceSize": {"x":0,"y":0,"w":90,"h":36},
	"sourceSize": {"w":90,"h":36}
},
"optic0004":
{
	"frame": {"x":91,"y":94,"w":90,"h":36},
	"rotated": false,
	"trimmed": false,
	"spriteSourceSize": {"x":0,"y":0,"w":90,"h":36},
	"sourceSize": {"w":90,"h":36}
},
"optic0005":
{
	"frame": {"x":182,"y":94,"w":90,"h":36},
	"rotated": false,
	"trimmed": false,
	"spriteSourceSize": {"x":0,"y":0,"w":90,"h":36},
	"sourceSize": {"w":90,"h":36}
},
"optic0006":
{
	"frame": {"x":273,"y":111,"w":90,"h":36},
	"rotated": false,
	"trimmed": false,
	"spriteSourceSize": {"x":0,"y":0,"w":90,"h":36},
	"sourceSize": {"w":90,"h":36}
}},
"meta": {
	"app": "Adobe Animate",
	"version": "16.5.0.100",
	"image": "atlas_qbb95.png",
	"format": "RGBA8888",
	"size": {"w":512,"h":512},
	"scale": "1"
}
}
