﻿{"frames": {

"base0000":
{
	"frame": {"x":0,"y":0,"w":263,"h":83},
	"rotated": false,
	"trimmed": false,
	"spriteSourceSize": {"x":0,"y":0,"w":263,"h":83},
	"sourceSize": {"w":263,"h":83}
},
"mag0000":
{
	"frame": {"x":449,"y":0,"w":37,"h":78},
	"rotated": false,
	"trimmed": false,
	"spriteSourceSize": {"x":0,"y":0,"w":37,"h":78},
	"sourceSize": {"w":37,"h":78}
},
"optic0000":
{
	"frame": {"x":265,"y":0,"w":90,"h":37},
	"rotated": false,
	"trimmed": false,
	"spriteSourceSize": {"x":0,"y":0,"w":90,"h":37},
	"sourceSize": {"w":90,"h":37}
},
"optic0001":
{
	"frame": {"x":357,"y":0,"w":90,"h":37},
	"rotated": false,
	"trimmed": false,
	"spriteSourceSize": {"x":0,"y":0,"w":90,"h":37},
	"sourceSize": {"w":90,"h":37}
},
"optic0002":
{
	"frame": {"x":265,"y":39,"w":90,"h":37},
	"rotated": false,
	"trimmed": false,
	"spriteSourceSize": {"x":0,"y":0,"w":90,"h":37},
	"sourceSize": {"w":90,"h":37}
},
"optic0003":
{
	"frame": {"x":357,"y":39,"w":90,"h":37},
	"rotated": false,
	"trimmed": false,
	"spriteSourceSize": {"x":0,"y":0,"w":90,"h":37},
	"sourceSize": {"w":90,"h":37}
},
"optic0004":
{
	"frame": {"x":265,"y":78,"w":90,"h":37},
	"rotated": false,
	"trimmed": false,
	"spriteSourceSize": {"x":0,"y":0,"w":90,"h":37},
	"sourceSize": {"w":90,"h":37}
},
"optic0005":
{
	"frame": {"x":357,"y":78,"w":90,"h":37},
	"rotated": false,
	"trimmed": false,
	"spriteSourceSize": {"x":0,"y":0,"w":90,"h":37},
	"sourceSize": {"w":90,"h":37}
},
"optic0006":
{
	"frame": {"x":0,"y":85,"w":90,"h":37},
	"rotated": false,
	"trimmed": false,
	"spriteSourceSize": {"x":0,"y":0,"w":90,"h":37},
	"sourceSize": {"w":90,"h":37}
}},
"meta": {
	"app": "Adobe Animate",
	"version": "16.5.0.100",
	"image": "atlas_galil.png",
	"format": "RGBA8888",
	"size": {"w":512,"h":512},
	"scale": "1"
}
}
