﻿{"frames": {

"base0000":
{
	"frame": {"x":0,"y":0,"w":391,"h":77},
	"rotated": false,
	"trimmed": false,
	"spriteSourceSize": {"x":0,"y":0,"w":391,"h":77},
	"sourceSize": {"w":391,"h":77}
},
"mag0000":
{
	"frame": {"x":392,"y":0,"w":38,"h":69},
	"rotated": false,
	"trimmed": false,
	"spriteSourceSize": {"x":0,"y":0,"w":38,"h":69},
	"sourceSize": {"w":38,"h":69}
},
"optic0000":
{
	"frame": {"x":0,"y":78,"w":170,"h":38},
	"rotated": false,
	"trimmed": false,
	"spriteSourceSize": {"x":0,"y":0,"w":170,"h":38},
	"sourceSize": {"w":170,"h":38}
},
"optic0001":
{
	"frame": {"x":171,"y":78,"w":170,"h":38},
	"rotated": false,
	"trimmed": false,
	"spriteSourceSize": {"x":0,"y":0,"w":170,"h":38},
	"sourceSize": {"w":170,"h":38}
},
"optic0002":
{
	"frame": {"x":342,"y":78,"w":170,"h":38},
	"rotated": false,
	"trimmed": false,
	"spriteSourceSize": {"x":0,"y":0,"w":170,"h":38},
	"sourceSize": {"w":170,"h":38}
},
"optic0003":
{
	"frame": {"x":0,"y":117,"w":170,"h":38},
	"rotated": false,
	"trimmed": false,
	"spriteSourceSize": {"x":0,"y":0,"w":170,"h":38},
	"sourceSize": {"w":170,"h":38}
},
"optic0004":
{
	"frame": {"x":171,"y":117,"w":170,"h":38},
	"rotated": false,
	"trimmed": false,
	"spriteSourceSize": {"x":0,"y":0,"w":170,"h":38},
	"sourceSize": {"w":170,"h":38}
},
"optic0005":
{
	"frame": {"x":342,"y":117,"w":170,"h":38},
	"rotated": false,
	"trimmed": false,
	"spriteSourceSize": {"x":0,"y":0,"w":170,"h":38},
	"sourceSize": {"w":170,"h":38}
},
"optic0006":
{
	"frame": {"x":0,"y":156,"w":170,"h":38},
	"rotated": false,
	"trimmed": false,
	"spriteSourceSize": {"x":0,"y":0,"w":170,"h":38},
	"sourceSize": {"w":170,"h":38}
},
"optic0007":
{
	"frame": {"x":171,"y":156,"w":170,"h":38},
	"rotated": false,
	"trimmed": false,
	"spriteSourceSize": {"x":0,"y":0,"w":170,"h":38},
	"sourceSize": {"w":170,"h":38}
}},
"meta": {
	"app": "Adobe Animate",
	"version": "16.5.0.100",
	"image": "atlas_rsass.png",
	"format": "RGBA8888",
	"size": {"w":512,"h":512},
	"scale": "1"
}
}
