﻿{"frames": {

"base0000":
{
	"frame": {"x":0,"y":0,"w":127,"h":65},
	"rotated": false,
	"trimmed": false,
	"spriteSourceSize": {"x":0,"y":0,"w":127,"h":65},
	"sourceSize": {"w":127,"h":65}
},
"mag0000":
{
	"frame": {"x":0,"y":66,"w":39,"h":78},
	"rotated": false,
	"trimmed": false,
	"spriteSourceSize": {"x":0,"y":0,"w":39,"h":78},
	"sourceSize": {"w":39,"h":78}
},
"slide0000":
{
	"frame": {"x":0,"y":145,"w":94,"h":17},
	"rotated": false,
	"trimmed": false,
	"spriteSourceSize": {"x":0,"y":0,"w":94,"h":17},
	"sourceSize": {"w":94,"h":17}
}},
"meta": {
	"app": "Adobe Animate",
	"version": "16.5.0.100",
	"image": "atlas_mp1911.png",
	"format": "RGBA8888",
	"size": {"w":128,"h":256},
	"scale": "1"
}
}
