﻿{"frames": {

"base0000":
{
	"frame": {"x":0,"y":0,"w":313,"h":65},
	"rotated": false,
	"trimmed": false,
	"spriteSourceSize": {"x":0,"y":0,"w":313,"h":65},
	"sourceSize": {"w":313,"h":65}
},
"mag0000":
{
	"frame": {"x":462,"y":0,"w":42,"h":86},
	"rotated": false,
	"trimmed": false,
	"spriteSourceSize": {"x":0,"y":0,"w":42,"h":86},
	"sourceSize": {"w":42,"h":86}
},
"optic0000":
{
	"frame": {"x":314,"y":0,"w":147,"h":55},
	"rotated": false,
	"trimmed": false,
	"spriteSourceSize": {"x":0,"y":0,"w":147,"h":55},
	"sourceSize": {"w":147,"h":55}
},
"optic0001":
{
	"frame": {"x":314,"y":56,"w":147,"h":55},
	"rotated": false,
	"trimmed": false,
	"spriteSourceSize": {"x":0,"y":0,"w":147,"h":55},
	"sourceSize": {"w":147,"h":55}
},
"optic0002":
{
	"frame": {"x":0,"y":66,"w":147,"h":55},
	"rotated": false,
	"trimmed": false,
	"spriteSourceSize": {"x":0,"y":0,"w":147,"h":55},
	"sourceSize": {"w":147,"h":55}
},
"optic0003":
{
	"frame": {"x":148,"y":66,"w":147,"h":55},
	"rotated": false,
	"trimmed": false,
	"spriteSourceSize": {"x":0,"y":0,"w":147,"h":55},
	"sourceSize": {"w":147,"h":55}
},
"optic0004":
{
	"frame": {"x":296,"y":112,"w":147,"h":55},
	"rotated": false,
	"trimmed": false,
	"spriteSourceSize": {"x":0,"y":0,"w":147,"h":55},
	"sourceSize": {"w":147,"h":55}
},
"optic0005":
{
	"frame": {"x":0,"y":122,"w":147,"h":55},
	"rotated": false,
	"trimmed": false,
	"spriteSourceSize": {"x":0,"y":0,"w":147,"h":55},
	"sourceSize": {"w":147,"h":55}
},
"optic0006":
{
	"frame": {"x":148,"y":122,"w":147,"h":55},
	"rotated": false,
	"trimmed": false,
	"spriteSourceSize": {"x":0,"y":0,"w":147,"h":55},
	"sourceSize": {"w":147,"h":55}
}},
"meta": {
	"app": "Adobe Animate",
	"version": "16.5.0.100",
	"image": "atlas_aughbar.png",
	"format": "RGBA8888",
	"size": {"w":512,"h":512},
	"scale": "1"
}
}
