﻿{"frames": {

"base0000":
{
	"frame": {"x":0,"y":0,"w":236,"h":65},
	"rotated": false,
	"trimmed": false,
	"spriteSourceSize": {"x":0,"y":0,"w":236,"h":65},
	"sourceSize": {"w":236,"h":65}
},
"mag0000":
{
	"frame": {"x":138,"y":66,"w":38,"h":47},
	"rotated": false,
	"trimmed": false,
	"spriteSourceSize": {"x":0,"y":0,"w":38,"h":47},
	"sourceSize": {"w":38,"h":47}
},
"optic0000":
{
	"frame": {"x":0,"y":66,"w":137,"h":54},
	"rotated": false,
	"trimmed": false,
	"spriteSourceSize": {"x":0,"y":0,"w":137,"h":54},
	"sourceSize": {"w":137,"h":54}
},
"optic0001":
{
	"frame": {"x":0,"y":121,"w":137,"h":54},
	"rotated": false,
	"trimmed": false,
	"spriteSourceSize": {"x":0,"y":0,"w":137,"h":54},
	"sourceSize": {"w":137,"h":54}
},
"optic0002":
{
	"frame": {"x":0,"y":176,"w":137,"h":54},
	"rotated": false,
	"trimmed": false,
	"spriteSourceSize": {"x":0,"y":0,"w":137,"h":54},
	"sourceSize": {"w":137,"h":54}
},
"optic0003":
{
	"frame": {"x":0,"y":231,"w":137,"h":54},
	"rotated": false,
	"trimmed": false,
	"spriteSourceSize": {"x":0,"y":0,"w":137,"h":54},
	"sourceSize": {"w":137,"h":54}
},
"optic0004":
{
	"frame": {"x":0,"y":286,"w":137,"h":54},
	"rotated": false,
	"trimmed": false,
	"spriteSourceSize": {"x":0,"y":0,"w":137,"h":54},
	"sourceSize": {"w":137,"h":54}
},
"optic0005":
{
	"frame": {"x":0,"y":341,"w":137,"h":54},
	"rotated": false,
	"trimmed": false,
	"spriteSourceSize": {"x":0,"y":0,"w":137,"h":54},
	"sourceSize": {"w":137,"h":54}
},
"optic0006":
{
	"frame": {"x":0,"y":396,"w":137,"h":54},
	"rotated": false,
	"trimmed": false,
	"spriteSourceSize": {"x":0,"y":0,"w":137,"h":54},
	"sourceSize": {"w":137,"h":54}
}},
"meta": {
	"app": "Adobe Animate",
	"version": "16.5.0.100",
	"image": "atlas_augpara.png",
	"format": "RGBA8888",
	"size": {"w":256,"h":512},
	"scale": "1"
}
}
