﻿{"frames": {

"base0000":
{
	"frame": {"x":0,"y":0,"w":327,"h":83},
	"rotated": false,
	"trimmed": false,
	"spriteSourceSize": {"x":0,"y":0,"w":327,"h":83},
	"sourceSize": {"w":327,"h":83}
},
"mag0000":
{
	"frame": {"x":468,"y":120,"w":38,"h":69},
	"rotated": false,
	"trimmed": false,
	"spriteSourceSize": {"x":0,"y":0,"w":38,"h":69},
	"sourceSize": {"w":38,"h":69}
},
"optic0000":
{
	"frame": {"x":329,"y":0,"w":154,"h":38},
	"rotated": false,
	"trimmed": false,
	"spriteSourceSize": {"x":0,"y":0,"w":154,"h":38},
	"sourceSize": {"w":154,"h":38}
},
"optic0001":
{
	"frame": {"x":329,"y":40,"w":154,"h":38},
	"rotated": false,
	"trimmed": false,
	"spriteSourceSize": {"x":0,"y":0,"w":154,"h":38},
	"sourceSize": {"w":154,"h":38}
},
"optic0002":
{
	"frame": {"x":329,"y":80,"w":154,"h":38},
	"rotated": false,
	"trimmed": false,
	"spriteSourceSize": {"x":0,"y":0,"w":154,"h":38},
	"sourceSize": {"w":154,"h":38}
},
"optic0003":
{
	"frame": {"x":0,"y":85,"w":154,"h":38},
	"rotated": false,
	"trimmed": false,
	"spriteSourceSize": {"x":0,"y":0,"w":154,"h":38},
	"sourceSize": {"w":154,"h":38}
},
"optic0004":
{
	"frame": {"x":156,"y":85,"w":154,"h":38},
	"rotated": false,
	"trimmed": false,
	"spriteSourceSize": {"x":0,"y":0,"w":154,"h":38},
	"sourceSize": {"w":154,"h":38}
},
"optic0005":
{
	"frame": {"x":312,"y":120,"w":154,"h":38},
	"rotated": false,
	"trimmed": false,
	"spriteSourceSize": {"x":0,"y":0,"w":154,"h":38},
	"sourceSize": {"w":154,"h":38}
},
"optic0006":
{
	"frame": {"x":0,"y":125,"w":154,"h":38},
	"rotated": false,
	"trimmed": false,
	"spriteSourceSize": {"x":0,"y":0,"w":154,"h":38},
	"sourceSize": {"w":154,"h":38}
},
"optic0007":
{
	"frame": {"x":156,"y":125,"w":154,"h":38},
	"rotated": false,
	"trimmed": false,
	"spriteSourceSize": {"x":0,"y":0,"w":154,"h":38},
	"sourceSize": {"w":154,"h":38}
}},
"meta": {
	"app": "Adobe Animate",
	"version": "16.5.0.100",
	"image": "atlas_galil52.png",
	"format": "RGBA8888",
	"size": {"w":512,"h":512},
	"scale": "1"
}
}
