﻿{"frames": {

"base0000":
{
	"frame": {"x":0,"y":0,"w":129,"h":75},
	"rotated": false,
	"trimmed": false,
	"spriteSourceSize": {"x":0,"y":0,"w":129,"h":75},
	"sourceSize": {"w":129,"h":75}
},
"mag0000":
{
	"frame": {"x":130,"y":0,"w":30,"h":61},
	"rotated": false,
	"trimmed": false,
	"spriteSourceSize": {"x":0,"y":0,"w":30,"h":61},
	"sourceSize": {"w":30,"h":61}
}},
"meta": {
	"app": "Adobe Animate",
	"version": "16.5.0.100",
	"image": "atlas_skorpion.png",
	"format": "RGBA8888",
	"size": {"w":256,"h":256},
	"scale": "1"
}
}
