﻿{"frames": {

"base0000":
{
	"frame": {"x":0,"y":0,"w":141,"h":80},
	"rotated": false,
	"trimmed": false,
	"spriteSourceSize": {"x":0,"y":0,"w":141,"h":80},
	"sourceSize": {"w":141,"h":80}
},
"mag0000":
{
	"frame": {"x":184,"y":68,"w":19,"h":94},
	"rotated": false,
	"trimmed": false,
	"spriteSourceSize": {"x":0,"y":0,"w":19,"h":94},
	"sourceSize": {"w":19,"h":94}
},
"optic0000":
{
	"frame": {"x":0,"y":82,"w":90,"h":32},
	"rotated": false,
	"trimmed": false,
	"spriteSourceSize": {"x":0,"y":0,"w":90,"h":32},
	"sourceSize": {"w":90,"h":32}
},
"optic0001":
{
	"frame": {"x":92,"y":82,"w":90,"h":32},
	"rotated": false,
	"trimmed": false,
	"spriteSourceSize": {"x":0,"y":0,"w":90,"h":32},
	"sourceSize": {"w":90,"h":32}
},
"optic0002":
{
	"frame": {"x":143,"y":0,"w":90,"h":32},
	"rotated": false,
	"trimmed": false,
	"spriteSourceSize": {"x":0,"y":0,"w":90,"h":32},
	"sourceSize": {"w":90,"h":32}
},
"optic0003":
{
	"frame": {"x":143,"y":34,"w":90,"h":32},
	"rotated": false,
	"trimmed": false,
	"spriteSourceSize": {"x":0,"y":0,"w":90,"h":32},
	"sourceSize": {"w":90,"h":32}
},
"optic0004":
{
	"frame": {"x":0,"y":116,"w":90,"h":32},
	"rotated": false,
	"trimmed": false,
	"spriteSourceSize": {"x":0,"y":0,"w":90,"h":32},
	"sourceSize": {"w":90,"h":32}
},
"optic0005":
{
	"frame": {"x":92,"y":116,"w":90,"h":32},
	"rotated": false,
	"trimmed": false,
	"spriteSourceSize": {"x":0,"y":0,"w":90,"h":32},
	"sourceSize": {"w":90,"h":32}
},
"optic0006":
{
	"frame": {"x":0,"y":150,"w":90,"h":32},
	"rotated": false,
	"trimmed": false,
	"spriteSourceSize": {"x":0,"y":0,"w":90,"h":32},
	"sourceSize": {"w":90,"h":32}
}},
"meta": {
	"app": "Adobe Animate",
	"version": "16.5.0.100",
	"image": "atlas_mac10.png",
	"format": "RGBA8888",
	"size": {"w":256,"h":256},
	"scale": "1"
}
}
