﻿{"frames": {

"base0000":
{
	"frame": {"x":0,"y":0,"w":259,"h":99},
	"rotated": false,
	"trimmed": false,
	"spriteSourceSize": {"x":0,"y":0,"w":259,"h":99},
	"sourceSize": {"w":259,"h":99}
},
"mag0000":
{
	"frame": {"x":261,"y":0,"w":42,"h":57},
	"rotated": false,
	"trimmed": false,
	"spriteSourceSize": {"x":0,"y":0,"w":42,"h":57},
	"sourceSize": {"w":42,"h":57}
}},
"meta": {
	"app": "Adobe Animate",
	"version": "16.5.0.100",
	"image": "atlas_xm25.png",
	"format": "RGBA8888",
	"size": {"w":512,"h":512},
	"scale": "1"
}
}
