﻿{"frames": {

"base0000":
{
	"frame": {"x":0,"y":0,"w":211,"h":79},
	"rotated": false,
	"trimmed": false,
	"spriteSourceSize": {"x":0,"y":0,"w":211,"h":79},
	"sourceSize": {"w":211,"h":79}
},
"mag0000":
{
	"frame": {"x":93,"y":194,"w":115,"h":11},
	"rotated": false,
	"trimmed": false,
	"spriteSourceSize": {"x":0,"y":0,"w":115,"h":11},
	"sourceSize": {"w":115,"h":11}
},
"optic0000":
{
	"frame": {"x":0,"y":80,"w":92,"h":37},
	"rotated": false,
	"trimmed": false,
	"spriteSourceSize": {"x":0,"y":0,"w":92,"h":37},
	"sourceSize": {"w":92,"h":37}
},
"optic0001":
{
	"frame": {"x":93,"y":80,"w":92,"h":37},
	"rotated": false,
	"trimmed": false,
	"spriteSourceSize": {"x":0,"y":0,"w":92,"h":37},
	"sourceSize": {"w":92,"h":37}
},
"optic0002":
{
	"frame": {"x":0,"y":118,"w":92,"h":37},
	"rotated": false,
	"trimmed": false,
	"spriteSourceSize": {"x":0,"y":0,"w":92,"h":37},
	"sourceSize": {"w":92,"h":37}
},
"optic0003":
{
	"frame": {"x":93,"y":118,"w":92,"h":37},
	"rotated": false,
	"trimmed": false,
	"spriteSourceSize": {"x":0,"y":0,"w":92,"h":37},
	"sourceSize": {"w":92,"h":37}
},
"optic0004":
{
	"frame": {"x":0,"y":156,"w":92,"h":37},
	"rotated": false,
	"trimmed": false,
	"spriteSourceSize": {"x":0,"y":0,"w":92,"h":37},
	"sourceSize": {"w":92,"h":37}
},
"optic0005":
{
	"frame": {"x":93,"y":156,"w":92,"h":37},
	"rotated": false,
	"trimmed": false,
	"spriteSourceSize": {"x":0,"y":0,"w":92,"h":37},
	"sourceSize": {"w":92,"h":37}
},
"optic0006":
{
	"frame": {"x":0,"y":194,"w":92,"h":37},
	"rotated": false,
	"trimmed": false,
	"spriteSourceSize": {"x":0,"y":0,"w":92,"h":37},
	"sourceSize": {"w":92,"h":37}
}},
"meta": {
	"app": "Adobe Animate",
	"version": "16.5.0.100",
	"image": "atlas_p90.png",
	"format": "RGBA8888",
	"size": {"w":256,"h":256},
	"scale": "1"
}
}
