﻿{"frames": {

"base0000":
{
	"frame": {"x":0,"y":0,"w":387,"h":67},
	"rotated": false,
	"trimmed": false,
	"spriteSourceSize": {"x":0,"y":0,"w":387,"h":67},
	"sourceSize": {"w":387,"h":67}
},
"optic0000":
{
	"frame": {"x":0,"y":69,"w":135,"h":37},
	"rotated": false,
	"trimmed": false,
	"spriteSourceSize": {"x":0,"y":0,"w":135,"h":37},
	"sourceSize": {"w":135,"h":37}
},
"optic0001":
{
	"frame": {"x":137,"y":69,"w":135,"h":37},
	"rotated": false,
	"trimmed": false,
	"spriteSourceSize": {"x":0,"y":0,"w":135,"h":37},
	"sourceSize": {"w":135,"h":37}
},
"optic0002":
{
	"frame": {"x":274,"y":69,"w":135,"h":37},
	"rotated": false,
	"trimmed": false,
	"spriteSourceSize": {"x":0,"y":0,"w":135,"h":37},
	"sourceSize": {"w":135,"h":37}
},
"optic0003":
{
	"frame": {"x":0,"y":108,"w":135,"h":37},
	"rotated": false,
	"trimmed": false,
	"spriteSourceSize": {"x":0,"y":0,"w":135,"h":37},
	"sourceSize": {"w":135,"h":37}
},
"optic0004":
{
	"frame": {"x":137,"y":108,"w":135,"h":37},
	"rotated": false,
	"trimmed": false,
	"spriteSourceSize": {"x":0,"y":0,"w":135,"h":37},
	"sourceSize": {"w":135,"h":37}
},
"optic0005":
{
	"frame": {"x":274,"y":108,"w":135,"h":37},
	"rotated": false,
	"trimmed": false,
	"spriteSourceSize": {"x":0,"y":0,"w":135,"h":37},
	"sourceSize": {"w":135,"h":37}
},
"optic0006":
{
	"frame": {"x":0,"y":147,"w":135,"h":37},
	"rotated": false,
	"trimmed": false,
	"spriteSourceSize": {"x":0,"y":0,"w":135,"h":37},
	"sourceSize": {"w":135,"h":37}
},
"optic0007":
{
	"frame": {"x":137,"y":147,"w":135,"h":37},
	"rotated": false,
	"trimmed": false,
	"spriteSourceSize": {"x":0,"y":0,"w":135,"h":37},
	"sourceSize": {"w":135,"h":37}
}},
"meta": {
	"app": "Adobe Animate",
	"version": "16.5.0.100",
	"image": "atlas_mb13.png",
	"format": "RGBA8888",
	"size": {"w":512,"h":512},
	"scale": "1"
}
}
