﻿{"frames": {

"base0000":
{
	"frame": {"x":0,"y":0,"w":277,"h":75},
	"rotated": false,
	"trimmed": false,
	"spriteSourceSize": {"x":0,"y":0,"w":277,"h":75},
	"sourceSize": {"w":277,"h":75}
},
"mag0000":
{
	"frame": {"x":433,"y":0,"w":39,"h":45},
	"rotated": false,
	"trimmed": false,
	"spriteSourceSize": {"x":0,"y":0,"w":39,"h":45},
	"sourceSize": {"w":39,"h":45}
},
"optic0000":
{
	"frame": {"x":278,"y":0,"w":154,"h":39},
	"rotated": false,
	"trimmed": false,
	"spriteSourceSize": {"x":0,"y":0,"w":154,"h":39},
	"sourceSize": {"w":154,"h":39}
},
"optic0001":
{
	"frame": {"x":278,"y":40,"w":154,"h":39},
	"rotated": false,
	"trimmed": false,
	"spriteSourceSize": {"x":0,"y":0,"w":154,"h":39},
	"sourceSize": {"w":154,"h":39}
},
"optic0002":
{
	"frame": {"x":0,"y":76,"w":154,"h":39},
	"rotated": false,
	"trimmed": false,
	"spriteSourceSize": {"x":0,"y":0,"w":154,"h":39},
	"sourceSize": {"w":154,"h":39}
},
"optic0003":
{
	"frame": {"x":155,"y":80,"w":154,"h":39},
	"rotated": false,
	"trimmed": false,
	"spriteSourceSize": {"x":0,"y":0,"w":154,"h":39},
	"sourceSize": {"w":154,"h":39}
},
"optic0004":
{
	"frame": {"x":310,"y":80,"w":154,"h":39},
	"rotated": false,
	"trimmed": false,
	"spriteSourceSize": {"x":0,"y":0,"w":154,"h":39},
	"sourceSize": {"w":154,"h":39}
},
"optic0005":
{
	"frame": {"x":0,"y":116,"w":154,"h":39},
	"rotated": false,
	"trimmed": false,
	"spriteSourceSize": {"x":0,"y":0,"w":154,"h":39},
	"sourceSize": {"w":154,"h":39}
},
"optic0006":
{
	"frame": {"x":155,"y":120,"w":154,"h":39},
	"rotated": false,
	"trimmed": false,
	"spriteSourceSize": {"x":0,"y":0,"w":154,"h":39},
	"sourceSize": {"w":154,"h":39}
},
"optic0007":
{
	"frame": {"x":310,"y":120,"w":154,"h":39},
	"rotated": false,
	"trimmed": false,
	"spriteSourceSize": {"x":0,"y":0,"w":154,"h":39},
	"sourceSize": {"w":154,"h":39}
}},
"meta": {
	"app": "Adobe Animate",
	"version": "16.5.0.100",
	"image": "atlas_srs.png",
	"format": "RGBA8888",
	"size": {"w":512,"h":512},
	"scale": "1"
}
}
