﻿{"frames": {

"base0000":
{
	"frame": {"x":0,"y":0,"w":385,"h":99},
	"rotated": false,
	"trimmed": false,
	"spriteSourceSize": {"x":0,"y":0,"w":385,"h":99},
	"sourceSize": {"w":385,"h":99}
},
"mag0000":
{
	"frame": {"x":387,"y":0,"w":38,"h":69},
	"rotated": false,
	"trimmed": false,
	"spriteSourceSize": {"x":0,"y":0,"w":38,"h":69},
	"sourceSize": {"w":38,"h":69}
},
"optic0000":
{
	"frame": {"x":0,"y":101,"w":170,"h":39},
	"rotated": false,
	"trimmed": false,
	"spriteSourceSize": {"x":0,"y":0,"w":170,"h":39},
	"sourceSize": {"w":170,"h":39}
},
"optic0001":
{
	"frame": {"x":172,"y":101,"w":170,"h":39},
	"rotated": false,
	"trimmed": false,
	"spriteSourceSize": {"x":0,"y":0,"w":170,"h":39},
	"sourceSize": {"w":170,"h":39}
},
"optic0002":
{
	"frame": {"x":0,"y":142,"w":170,"h":39},
	"rotated": false,
	"trimmed": false,
	"spriteSourceSize": {"x":0,"y":0,"w":170,"h":39},
	"sourceSize": {"w":170,"h":39}
},
"optic0003":
{
	"frame": {"x":172,"y":142,"w":170,"h":39},
	"rotated": false,
	"trimmed": false,
	"spriteSourceSize": {"x":0,"y":0,"w":170,"h":39},
	"sourceSize": {"w":170,"h":39}
},
"optic0004":
{
	"frame": {"x":0,"y":183,"w":170,"h":39},
	"rotated": false,
	"trimmed": false,
	"spriteSourceSize": {"x":0,"y":0,"w":170,"h":39},
	"sourceSize": {"w":170,"h":39}
},
"optic0005":
{
	"frame": {"x":172,"y":183,"w":170,"h":39},
	"rotated": false,
	"trimmed": false,
	"spriteSourceSize": {"x":0,"y":0,"w":170,"h":39},
	"sourceSize": {"w":170,"h":39}
},
"optic0006":
{
	"frame": {"x":0,"y":224,"w":170,"h":39},
	"rotated": false,
	"trimmed": false,
	"spriteSourceSize": {"x":0,"y":0,"w":170,"h":39},
	"sourceSize": {"w":170,"h":39}
},
"optic0007":
{
	"frame": {"x":172,"y":224,"w":170,"h":39},
	"rotated": false,
	"trimmed": false,
	"spriteSourceSize": {"x":0,"y":0,"w":170,"h":39},
	"sourceSize": {"w":170,"h":39}
}},
"meta": {
	"app": "Adobe Animate",
	"version": "16.5.0.100",
	"image": "atlas_tpr.png",
	"format": "RGBA8888",
	"size": {"w":512,"h":512},
	"scale": "1"
}
}
