﻿{"frames": {

"base0000":
{
	"frame": {"x":0,"y":0,"w":341,"h":79},
	"rotated": false,
	"trimmed": false,
	"spriteSourceSize": {"x":0,"y":0,"w":341,"h":79},
	"sourceSize": {"w":341,"h":79}
},
"optic0000":
{
	"frame": {"x":0,"y":80,"w":91,"h":36},
	"rotated": false,
	"trimmed": false,
	"spriteSourceSize": {"x":0,"y":0,"w":91,"h":36},
	"sourceSize": {"w":91,"h":36}
},
"optic0001":
{
	"frame": {"x":92,"y":80,"w":91,"h":36},
	"rotated": false,
	"trimmed": false,
	"spriteSourceSize": {"x":0,"y":0,"w":91,"h":36},
	"sourceSize": {"w":91,"h":36}
},
"optic0002":
{
	"frame": {"x":184,"y":80,"w":91,"h":36},
	"rotated": false,
	"trimmed": false,
	"spriteSourceSize": {"x":0,"y":0,"w":91,"h":36},
	"sourceSize": {"w":91,"h":36}
},
"optic0003":
{
	"frame": {"x":276,"y":80,"w":91,"h":36},
	"rotated": false,
	"trimmed": false,
	"spriteSourceSize": {"x":0,"y":0,"w":91,"h":36},
	"sourceSize": {"w":91,"h":36}
},
"optic0004":
{
	"frame": {"x":342,"y":0,"w":91,"h":36},
	"rotated": false,
	"trimmed": false,
	"spriteSourceSize": {"x":0,"y":0,"w":91,"h":36},
	"sourceSize": {"w":91,"h":36}
},
"optic0005":
{
	"frame": {"x":342,"y":37,"w":91,"h":36},
	"rotated": false,
	"trimmed": false,
	"spriteSourceSize": {"x":0,"y":0,"w":91,"h":36},
	"sourceSize": {"w":91,"h":36}
},
"optic0006":
{
	"frame": {"x":368,"y":74,"w":91,"h":36},
	"rotated": false,
	"trimmed": false,
	"spriteSourceSize": {"x":0,"y":0,"w":91,"h":36},
	"sourceSize": {"w":91,"h":36}
},
"pump0000":
{
	"frame": {"x":434,"y":0,"w":78,"h":23},
	"rotated": false,
	"trimmed": false,
	"spriteSourceSize": {"x":0,"y":0,"w":78,"h":23},
	"sourceSize": {"w":78,"h":23}
}},
"meta": {
	"app": "Adobe Animate",
	"version": "16.5.0.100",
	"image": "atlas_mossberg.png",
	"format": "RGBA8888",
	"size": {"w":512,"h":512},
	"scale": "1"
}
}
