﻿{"frames": {

"base0000":
{
	"frame": {"x":0,"y":0,"w":235,"h":87},
	"rotated": false,
	"trimmed": false,
	"spriteSourceSize": {"x":0,"y":0,"w":235,"h":87},
	"sourceSize": {"w":235,"h":87}
},
"optic0000":
{
	"frame": {"x":0,"y":89,"w":98,"h":37},
	"rotated": false,
	"trimmed": false,
	"spriteSourceSize": {"x":0,"y":0,"w":98,"h":37},
	"sourceSize": {"w":98,"h":37}
},
"optic0001":
{
	"frame": {"x":100,"y":89,"w":98,"h":37},
	"rotated": false,
	"trimmed": false,
	"spriteSourceSize": {"x":0,"y":0,"w":98,"h":37},
	"sourceSize": {"w":98,"h":37}
},
"optic0002":
{
	"frame": {"x":0,"y":128,"w":98,"h":37},
	"rotated": false,
	"trimmed": false,
	"spriteSourceSize": {"x":0,"y":0,"w":98,"h":37},
	"sourceSize": {"w":98,"h":37}
},
"optic0003":
{
	"frame": {"x":0,"y":167,"w":98,"h":37},
	"rotated": false,
	"trimmed": false,
	"spriteSourceSize": {"x":0,"y":0,"w":98,"h":37},
	"sourceSize": {"w":98,"h":37}
},
"optic0004":
{
	"frame": {"x":0,"y":206,"w":98,"h":37},
	"rotated": false,
	"trimmed": false,
	"spriteSourceSize": {"x":0,"y":0,"w":98,"h":37},
	"sourceSize": {"w":98,"h":37}
},
"optic0005":
{
	"frame": {"x":100,"y":128,"w":98,"h":37},
	"rotated": false,
	"trimmed": false,
	"spriteSourceSize": {"x":0,"y":0,"w":98,"h":37},
	"sourceSize": {"w":98,"h":37}
},
"optic0006":
{
	"frame": {"x":100,"y":167,"w":98,"h":37},
	"rotated": false,
	"trimmed": false,
	"spriteSourceSize": {"x":0,"y":0,"w":98,"h":37},
	"sourceSize": {"w":98,"h":37}
}},
"meta": {
	"app": "Adobe Animate",
	"version": "16.5.0.100",
	"image": "atlas_striker.png",
	"format": "RGBA8888",
	"size": {"w":256,"h":256},
	"scale": "1"
}
}
