﻿{"frames": {

"base0000":
{
	"frame": {"x":0,"y":0,"w":127,"h":71},
	"rotated": false,
	"trimmed": false,
	"spriteSourceSize": {"x":0,"y":0,"w":127,"h":71},
	"sourceSize": {"w":127,"h":71}
},
"mag0000":
{
	"frame": {"x":0,"y":72,"w":15,"h":73},
	"rotated": false,
	"trimmed": false,
	"spriteSourceSize": {"x":0,"y":0,"w":15,"h":73},
	"sourceSize": {"w":15,"h":73}
}},
"meta": {
	"app": "Adobe Animate",
	"version": "16.5.0.100",
	"image": "atlas_mp9.png",
	"format": "RGBA8888",
	"size": {"w":128,"h":256},
	"scale": "1"
}
}
