﻿{"frames": {

"base0000":
{
	"frame": {"x":0,"y":0,"w":389,"h":89},
	"rotated": false,
	"trimmed": false,
	"spriteSourceSize": {"x":0,"y":0,"w":389,"h":89},
	"sourceSize": {"w":389,"h":89}
},
"mag0000":
{
	"frame": {"x":460,"y":78,"w":36,"h":77},
	"rotated": false,
	"trimmed": false,
	"spriteSourceSize": {"x":0,"y":0,"w":36,"h":77},
	"sourceSize": {"w":36,"h":77}
},
"optic0000":
{
	"frame": {"x":0,"y":91,"w":90,"h":37},
	"rotated": false,
	"trimmed": false,
	"spriteSourceSize": {"x":0,"y":0,"w":90,"h":37},
	"sourceSize": {"w":90,"h":37}
},
"optic0001":
{
	"frame": {"x":92,"y":91,"w":90,"h":37},
	"rotated": false,
	"trimmed": false,
	"spriteSourceSize": {"x":0,"y":0,"w":90,"h":37},
	"sourceSize": {"w":90,"h":37}
},
"optic0002":
{
	"frame": {"x":184,"y":91,"w":90,"h":37},
	"rotated": false,
	"trimmed": false,
	"spriteSourceSize": {"x":0,"y":0,"w":90,"h":37},
	"sourceSize": {"w":90,"h":37}
},
"optic0003":
{
	"frame": {"x":276,"y":91,"w":90,"h":37},
	"rotated": false,
	"trimmed": false,
	"spriteSourceSize": {"x":0,"y":0,"w":90,"h":37},
	"sourceSize": {"w":90,"h":37}
},
"optic0004":
{
	"frame": {"x":368,"y":91,"w":90,"h":37},
	"rotated": false,
	"trimmed": false,
	"spriteSourceSize": {"x":0,"y":0,"w":90,"h":37},
	"sourceSize": {"w":90,"h":37}
},
"optic0005":
{
	"frame": {"x":391,"y":0,"w":90,"h":37},
	"rotated": false,
	"trimmed": false,
	"spriteSourceSize": {"x":0,"y":0,"w":90,"h":37},
	"sourceSize": {"w":90,"h":37}
},
"optic0006":
{
	"frame": {"x":391,"y":39,"w":90,"h":37},
	"rotated": false,
	"trimmed": false,
	"spriteSourceSize": {"x":0,"y":0,"w":90,"h":37},
	"sourceSize": {"w":90,"h":37}
}},
"meta": {
	"app": "Adobe Animate",
	"version": "16.5.0.100",
	"image": "atlas_m16a4.png",
	"format": "RGBA8888",
	"size": {"w":512,"h":512},
	"scale": "1"
}
}
