﻿{"frames": {

"base0000":
{
	"frame": {"x":0,"y":0,"w":92,"h":59},
	"rotated": false,
	"trimmed": false,
	"spriteSourceSize": {"x":0,"y":0,"w":92,"h":59},
	"sourceSize": {"w":92,"h":59}
},
"mag0000":
{
	"frame": {"x":94,"y":0,"w":34,"h":57},
	"rotated": false,
	"trimmed": false,
	"spriteSourceSize": {"x":0,"y":0,"w":34,"h":57},
	"sourceSize": {"w":34,"h":57}
},
"slide0000":
{
	"frame": {"x":0,"y":61,"w":90,"h":17},
	"rotated": false,
	"trimmed": false,
	"spriteSourceSize": {"x":0,"y":0,"w":90,"h":17},
	"sourceSize": {"w":90,"h":17}
}},
"meta": {
	"app": "Adobe Animate",
	"version": "16.5.0.100",
	"image": "atlas_fiveseven.png",
	"format": "RGBA8888",
	"size": {"w":128,"h":128},
	"scale": "1"
}
}
