﻿{"frames": {

"base0000":
{
	"frame": {"x":0,"y":0,"w":565,"h":89},
	"rotated": false,
	"trimmed": false,
	"spriteSourceSize": {"x":0,"y":0,"w":565,"h":89},
	"sourceSize": {"w":565,"h":89}
},
"mag0000":
{
	"frame": {"x":438,"y":146,"w":61,"h":54},
	"rotated": false,
	"trimmed": false,
	"spriteSourceSize": {"x":0,"y":0,"w":61,"h":54},
	"sourceSize": {"w":61,"h":54}
},
"optic0000":
{
	"frame": {"x":0,"y":91,"w":144,"h":53},
	"rotated": false,
	"trimmed": false,
	"spriteSourceSize": {"x":0,"y":0,"w":144,"h":53},
	"sourceSize": {"w":144,"h":53}
},
"optic0001":
{
	"frame": {"x":146,"y":91,"w":144,"h":53},
	"rotated": false,
	"trimmed": false,
	"spriteSourceSize": {"x":0,"y":0,"w":144,"h":53},
	"sourceSize": {"w":144,"h":53}
},
"optic0002":
{
	"frame": {"x":292,"y":91,"w":144,"h":53},
	"rotated": false,
	"trimmed": false,
	"spriteSourceSize": {"x":0,"y":0,"w":144,"h":53},
	"sourceSize": {"w":144,"h":53}
},
"optic0003":
{
	"frame": {"x":438,"y":91,"w":144,"h":53},
	"rotated": false,
	"trimmed": false,
	"spriteSourceSize": {"x":0,"y":0,"w":144,"h":53},
	"sourceSize": {"w":144,"h":53}
},
"optic0004":
{
	"frame": {"x":567,"y":0,"w":144,"h":53},
	"rotated": false,
	"trimmed": false,
	"spriteSourceSize": {"x":0,"y":0,"w":144,"h":53},
	"sourceSize": {"w":144,"h":53}
},
"optic0005":
{
	"frame": {"x":0,"y":146,"w":144,"h":53},
	"rotated": false,
	"trimmed": false,
	"spriteSourceSize": {"x":0,"y":0,"w":144,"h":53},
	"sourceSize": {"w":144,"h":53}
},
"optic0006":
{
	"frame": {"x":146,"y":146,"w":144,"h":53},
	"rotated": false,
	"trimmed": false,
	"spriteSourceSize": {"x":0,"y":0,"w":144,"h":53},
	"sourceSize": {"w":144,"h":53}
},
"optic0007":
{
	"frame": {"x":292,"y":146,"w":144,"h":53},
	"rotated": false,
	"trimmed": false,
	"spriteSourceSize": {"x":0,"y":0,"w":144,"h":53},
	"sourceSize": {"w":144,"h":53}
}},
"meta": {
	"app": "Adobe Animate",
	"version": "16.5.0.100",
	"image": "atlas_m82a1.png",
	"format": "RGBA8888",
	"size": {"w":1024,"h":1024},
	"scale": "1"
}
}
