﻿{"frames": {

"base0000":
{
	"frame": {"x":0,"y":0,"w":111,"h":72},
	"rotated": false,
	"trimmed": false,
	"spriteSourceSize": {"x":0,"y":0,"w":111,"h":72},
	"sourceSize": {"w":111,"h":72}
},
"mag0000":
{
	"frame": {"x":0,"y":73,"w":53,"h":90},
	"rotated": false,
	"trimmed": false,
	"spriteSourceSize": {"x":0,"y":0,"w":53,"h":90},
	"sourceSize": {"w":53,"h":90}
}},
"meta": {
	"app": "Adobe Animate",
	"version": "16.5.0.100",
	"image": "atlas_kard.png",
	"format": "RGBA8888",
	"size": {"w":128,"h":256},
	"scale": "1"
}
}
