﻿{"frames": {

"barrel0000":
{
	"frame": {"x":0,"y":0,"w":0,"h":0},
	"rotated": false,
	"trimmed": false,
	"spriteSourceSize": {"x":0,"y":0,"w":0,"h":0},
	"sourceSize": {"w":0,"h":0}
},
"barrel0001":
{
	"frame": {"x":72,"y":72,"w":52,"h":33},
	"rotated": false,
	"trimmed": false,
	"spriteSourceSize": {"x":0,"y":0,"w":52,"h":33},
	"sourceSize": {"w":52,"h":33}
},
"barrel0002":
{
	"frame": {"x":132,"y":40,"w":121,"h":30},
	"rotated": false,
	"trimmed": false,
	"spriteSourceSize": {"x":0,"y":0,"w":121,"h":30},
	"sourceSize": {"w":121,"h":30}
},
"barrel0003":
{
	"frame": {"x":175,"y":71,"w":79,"h":30},
	"rotated": false,
	"trimmed": false,
	"spriteSourceSize": {"x":0,"y":0,"w":79,"h":30},
	"sourceSize": {"w":79,"h":30}
},
"barrel0005":
{
	"frame": {"x":0,"y":106,"w":114,"h":20},
	"rotated": false,
	"trimmed": false,
	"spriteSourceSize": {"x":0,"y":0,"w":114,"h":20},
	"sourceSize": {"w":114,"h":20}
},
"barrel0006":
{
	"frame": {"x":231,"y":0,"w":22,"h":39},
	"rotated": false,
	"trimmed": false,
	"spriteSourceSize": {"x":0,"y":0,"w":22,"h":39},
	"sourceSize": {"w":22,"h":39}
},
"barrel0007":
{
	"frame": {"x":0,"y":0,"w":127,"h":39},
	"rotated": false,
	"trimmed": false,
	"spriteSourceSize": {"x":0,"y":0,"w":127,"h":39},
	"sourceSize": {"w":127,"h":39}
},
"barrel0008":
{
	"frame": {"x":128,"y":0,"w":102,"h":39},
	"rotated": false,
	"trimmed": false,
	"spriteSourceSize": {"x":0,"y":0,"w":102,"h":39},
	"sourceSize": {"w":102,"h":39}
},
"barrel0009":
{
	"frame": {"x":173,"y":166,"w":38,"h":16},
	"rotated": false,
	"trimmed": false,
	"spriteSourceSize": {"x":0,"y":0,"w":38,"h":16},
	"sourceSize": {"w":38,"h":16}
},
"barrel0010":
{
	"frame": {"x":219,"y":163,"w":20,"h":30},
	"rotated": false,
	"trimmed": false,
	"spriteSourceSize": {"x":0,"y":0,"w":20,"h":30},
	"sourceSize": {"w":20,"h":30}
},
"barrel0011":
{
	"frame": {"x":0,"y":127,"w":77,"h":21},
	"rotated": false,
	"trimmed": false,
	"spriteSourceSize": {"x":0,"y":0,"w":77,"h":21},
	"sourceSize": {"w":77,"h":21}
},
"mag0000":
{
	"frame": {"x":0,"y":0,"w":0,"h":0},
	"rotated": false,
	"trimmed": false,
	"spriteSourceSize": {"x":0,"y":0,"w":0,"h":0},
	"sourceSize": {"w":0,"h":0}
},
"mag0001":
{
	"frame": {"x":55,"y":149,"w":13,"h":61},
	"rotated": false,
	"trimmed": false,
	"spriteSourceSize": {"x":0,"y":0,"w":13,"h":61},
	"sourceSize": {"w":13,"h":61}
},
"mag0002":
{
	"frame": {"x":132,"y":71,"w":42,"h":67},
	"rotated": false,
	"trimmed": false,
	"spriteSourceSize": {"x":0,"y":0,"w":42,"h":67},
	"sourceSize": {"w":42,"h":67}
},
"mag0003":
{
	"frame": {"x":97,"y":157,"w":13,"h":51},
	"rotated": false,
	"trimmed": false,
	"spriteSourceSize": {"x":0,"y":0,"w":13,"h":51},
	"sourceSize": {"w":13,"h":51}
},
"mag0004":
{
	"frame": {"x":69,"y":157,"w":13,"h":61},
	"rotated": false,
	"trimmed": false,
	"spriteSourceSize": {"x":0,"y":0,"w":13,"h":61},
	"sourceSize": {"w":13,"h":61}
},
"mag0005":
{
	"frame": {"x":83,"y":157,"w":13,"h":61},
	"rotated": false,
	"trimmed": false,
	"spriteSourceSize": {"x":0,"y":0,"w":13,"h":61},
	"sourceSize": {"w":13,"h":61}
},
"muzzle0000":
{
	"frame": {"x":0,"y":0,"w":0,"h":0},
	"rotated": false,
	"trimmed": false,
	"spriteSourceSize": {"x":0,"y":0,"w":0,"h":0},
	"sourceSize": {"w":0,"h":0}
},
"muzzle0001":
{
	"frame": {"x":0,"y":168,"w":20,"h":15},
	"rotated": false,
	"trimmed": false,
	"spriteSourceSize": {"x":0,"y":0,"w":20,"h":15},
	"sourceSize": {"w":20,"h":15}
},
"muzzle0002":
{
	"frame": {"x":238,"y":116,"w":17,"h":13},
	"rotated": false,
	"trimmed": false,
	"spriteSourceSize": {"x":0,"y":0,"w":17,"h":13},
	"sourceSize": {"w":17,"h":13}
},
"muzzle0003":
{
	"frame": {"x":0,"y":149,"w":54,"h":18},
	"rotated": false,
	"trimmed": false,
	"spriteSourceSize": {"x":0,"y":0,"w":54,"h":18},
	"sourceSize": {"w":54,"h":18}
},
"muzzle0004":
{
	"frame": {"x":21,"y":168,"w":20,"h":13},
	"rotated": false,
	"trimmed": false,
	"spriteSourceSize": {"x":0,"y":0,"w":20,"h":13},
	"sourceSize": {"w":20,"h":13}
},
"muzzle0005":
{
	"frame": {"x":238,"y":102,"w":18,"h":13},
	"rotated": false,
	"trimmed": false,
	"spriteSourceSize": {"x":0,"y":0,"w":18,"h":13},
	"sourceSize": {"w":18,"h":13}
},
"optic0001":
{
	"frame": {"x":130,"y":139,"w":42,"h":29},
	"rotated": false,
	"trimmed": false,
	"spriteSourceSize": {"x":0,"y":0,"w":42,"h":29},
	"sourceSize": {"w":42,"h":29}
},
"optic0002":
{
	"frame": {"x":78,"y":127,"w":51,"h":29},
	"rotated": false,
	"trimmed": false,
	"spriteSourceSize": {"x":0,"y":0,"w":51,"h":29},
	"sourceSize": {"w":51,"h":29}
},
"optic0003":
{
	"frame": {"x":175,"y":102,"w":62,"h":31},
	"rotated": false,
	"trimmed": false,
	"spriteSourceSize": {"x":0,"y":0,"w":62,"h":31},
	"sourceSize": {"w":62,"h":31}
},
"optic0004":
{
	"frame": {"x":175,"y":134,"w":43,"h":31},
	"rotated": false,
	"trimmed": false,
	"spriteSourceSize": {"x":0,"y":0,"w":43,"h":31},
	"sourceSize": {"w":43,"h":31}
},
"optic0005":
{
	"frame": {"x":0,"y":72,"w":71,"h":33},
	"rotated": false,
	"trimmed": false,
	"spriteSourceSize": {"x":0,"y":0,"w":71,"h":33},
	"sourceSize": {"w":71,"h":33}
},
"optic0006":
{
	"frame": {"x":219,"y":134,"w":31,"h":28},
	"rotated": false,
	"trimmed": false,
	"spriteSourceSize": {"x":0,"y":0,"w":31,"h":28},
	"sourceSize": {"w":31,"h":28}
},
"optic0007":
{
	"frame": {"x":0,"y":40,"w":131,"h":31},
	"rotated": false,
	"trimmed": false,
	"spriteSourceSize": {"x":0,"y":0,"w":131,"h":31},
	"sourceSize": {"w":131,"h":31}
}},
"meta": {
	"app": "Adobe Animate",
	"version": "16.5.0.100",
	"image": "atlas_mods.png",
	"format": "RGBA8888",
	"size": {"w":256,"h":256},
	"scale": "1"
}
}
