﻿{"frames": {

"base0000":
{
	"frame": {"x":0,"y":0,"w":293,"h":77},
	"rotated": false,
	"trimmed": false,
	"spriteSourceSize": {"x":0,"y":0,"w":293,"h":77},
	"sourceSize": {"w":293,"h":77}
},
"mag0000":
{
	"frame": {"x":0,"y":78,"w":157,"h":34},
	"rotated": false,
	"trimmed": false,
	"spriteSourceSize": {"x":0,"y":0,"w":157,"h":34},
	"sourceSize": {"w":157,"h":34}
}},
"meta": {
	"app": "Adobe Animate",
	"version": "16.5.0.100",
	"image": "atlas_rpg.png",
	"format": "RGBA8888",
	"size": {"w":512,"h":512},
	"scale": "1"
}
}
