﻿{"frames": {

"base0000":
{
	"frame": {"x":0,"y":0,"w":295,"h":83},
	"rotated": false,
	"trimmed": false,
	"spriteSourceSize": {"x":0,"y":0,"w":295,"h":83},
	"sourceSize": {"w":295,"h":83}
},
"mag0000":
{
	"frame": {"x":91,"y":84,"w":36,"h":77},
	"rotated": false,
	"trimmed": false,
	"spriteSourceSize": {"x":0,"y":0,"w":36,"h":77},
	"sourceSize": {"w":36,"h":77}
},
"optic0000":
{
	"frame": {"x":296,"y":0,"w":90,"h":37},
	"rotated": false,
	"trimmed": false,
	"spriteSourceSize": {"x":0,"y":0,"w":90,"h":37},
	"sourceSize": {"w":90,"h":37}
},
"optic0001":
{
	"frame": {"x":387,"y":0,"w":90,"h":37},
	"rotated": false,
	"trimmed": false,
	"spriteSourceSize": {"x":0,"y":0,"w":90,"h":37},
	"sourceSize": {"w":90,"h":37}
},
"optic0002":
{
	"frame": {"x":296,"y":38,"w":90,"h":37},
	"rotated": false,
	"trimmed": false,
	"spriteSourceSize": {"x":0,"y":0,"w":90,"h":37},
	"sourceSize": {"w":90,"h":37}
},
"optic0003":
{
	"frame": {"x":387,"y":38,"w":90,"h":37},
	"rotated": false,
	"trimmed": false,
	"spriteSourceSize": {"x":0,"y":0,"w":90,"h":37},
	"sourceSize": {"w":90,"h":37}
},
"optic0004":
{
	"frame": {"x":296,"y":76,"w":90,"h":37},
	"rotated": false,
	"trimmed": false,
	"spriteSourceSize": {"x":0,"y":0,"w":90,"h":37},
	"sourceSize": {"w":90,"h":37}
},
"optic0005":
{
	"frame": {"x":387,"y":76,"w":90,"h":37},
	"rotated": false,
	"trimmed": false,
	"spriteSourceSize": {"x":0,"y":0,"w":90,"h":37},
	"sourceSize": {"w":90,"h":37}
},
"optic0006":
{
	"frame": {"x":0,"y":84,"w":90,"h":37},
	"rotated": false,
	"trimmed": false,
	"spriteSourceSize": {"x":0,"y":0,"w":90,"h":37},
	"sourceSize": {"w":90,"h":37}
}},
"meta": {
	"app": "Adobe Animate",
	"version": "16.5.0.100",
	"image": "atlas_le6940.png",
	"format": "RGBA8888",
	"size": {"w":512,"h":512},
	"scale": "1"
}
}
