﻿{"frames": {

"base0000":
{
	"frame": {"x":0,"y":0,"w":347,"h":69},
	"rotated": false,
	"trimmed": false,
	"spriteSourceSize": {"x":0,"y":0,"w":347,"h":69},
	"sourceSize": {"w":347,"h":69}
},
"mag0000":
{
	"frame": {"x":349,"y":0,"w":39,"h":69},
	"rotated": false,
	"trimmed": false,
	"spriteSourceSize": {"x":0,"y":0,"w":39,"h":69},
	"sourceSize": {"w":39,"h":69}
},
"optic0000":
{
	"frame": {"x":0,"y":71,"w":176,"h":55},
	"rotated": false,
	"trimmed": false,
	"spriteSourceSize": {"x":0,"y":0,"w":176,"h":55},
	"sourceSize": {"w":176,"h":55}
},
"optic0001":
{
	"frame": {"x":178,"y":71,"w":176,"h":55},
	"rotated": false,
	"trimmed": false,
	"spriteSourceSize": {"x":0,"y":0,"w":176,"h":55},
	"sourceSize": {"w":176,"h":55}
},
"optic0002":
{
	"frame": {"x":0,"y":128,"w":176,"h":55},
	"rotated": false,
	"trimmed": false,
	"spriteSourceSize": {"x":0,"y":0,"w":176,"h":55},
	"sourceSize": {"w":176,"h":55}
},
"optic0003":
{
	"frame": {"x":178,"y":128,"w":176,"h":55},
	"rotated": false,
	"trimmed": false,
	"spriteSourceSize": {"x":0,"y":0,"w":176,"h":55},
	"sourceSize": {"w":176,"h":55}
},
"optic0004":
{
	"frame": {"x":0,"y":185,"w":176,"h":55},
	"rotated": false,
	"trimmed": false,
	"spriteSourceSize": {"x":0,"y":0,"w":176,"h":55},
	"sourceSize": {"w":176,"h":55}
},
"optic0005":
{
	"frame": {"x":178,"y":185,"w":176,"h":55},
	"rotated": false,
	"trimmed": false,
	"spriteSourceSize": {"x":0,"y":0,"w":176,"h":55},
	"sourceSize": {"w":176,"h":55}
},
"optic0006":
{
	"frame": {"x":0,"y":242,"w":176,"h":55},
	"rotated": false,
	"trimmed": false,
	"spriteSourceSize": {"x":0,"y":0,"w":176,"h":55},
	"sourceSize": {"w":176,"h":55}
},
"optic0007":
{
	"frame": {"x":178,"y":242,"w":176,"h":55},
	"rotated": false,
	"trimmed": false,
	"spriteSourceSize": {"x":0,"y":0,"w":176,"h":55},
	"sourceSize": {"w":176,"h":55}
}},
"meta": {
	"app": "Adobe Animate",
	"version": "16.5.0.100",
	"image": "atlas_aug5g.png",
	"format": "RGBA8888",
	"size": {"w":512,"h":512},
	"scale": "1"
}
}
