﻿{"frames": {

"base0000":
{
	"frame": {"x":0,"y":0,"w":273,"h":93},
	"rotated": false,
	"trimmed": false,
	"spriteSourceSize": {"x":0,"y":0,"w":273,"h":93},
	"sourceSize": {"w":273,"h":93}
},
"optic0000":
{
	"frame": {"x":275,"y":0,"w":91,"h":37},
	"rotated": false,
	"trimmed": false,
	"spriteSourceSize": {"x":0,"y":0,"w":91,"h":37},
	"sourceSize": {"w":91,"h":37}
},
"optic0001":
{
	"frame": {"x":368,"y":0,"w":91,"h":37},
	"rotated": false,
	"trimmed": false,
	"spriteSourceSize": {"x":0,"y":0,"w":91,"h":37},
	"sourceSize": {"w":91,"h":37}
},
"optic0002":
{
	"frame": {"x":275,"y":39,"w":91,"h":37},
	"rotated": false,
	"trimmed": false,
	"spriteSourceSize": {"x":0,"y":0,"w":91,"h":37},
	"sourceSize": {"w":91,"h":37}
},
"optic0003":
{
	"frame": {"x":368,"y":39,"w":91,"h":37},
	"rotated": false,
	"trimmed": false,
	"spriteSourceSize": {"x":0,"y":0,"w":91,"h":37},
	"sourceSize": {"w":91,"h":37}
},
"optic0004":
{
	"frame": {"x":275,"y":78,"w":91,"h":37},
	"rotated": false,
	"trimmed": false,
	"spriteSourceSize": {"x":0,"y":0,"w":91,"h":37},
	"sourceSize": {"w":91,"h":37}
},
"optic0005":
{
	"frame": {"x":368,"y":78,"w":91,"h":37},
	"rotated": false,
	"trimmed": false,
	"spriteSourceSize": {"x":0,"y":0,"w":91,"h":37},
	"sourceSize": {"w":91,"h":37}
},
"optic0006":
{
	"frame": {"x":0,"y":95,"w":91,"h":37},
	"rotated": false,
	"trimmed": false,
	"spriteSourceSize": {"x":0,"y":0,"w":91,"h":37},
	"sourceSize": {"w":91,"h":37}
}},
"meta": {
	"app": "Adobe Animate",
	"version": "16.5.0.100",
	"image": "atlas_ksg.png",
	"format": "RGBA8888",
	"size": {"w":512,"h":512},
	"scale": "1"
}
}
