﻿{"frames": {

"base0000":
{
	"frame": {"x":0,"y":0,"w":341,"h":97},
	"rotated": false,
	"trimmed": false,
	"spriteSourceSize": {"x":0,"y":0,"w":341,"h":97},
	"sourceSize": {"w":341,"h":97}
},
"mag0000":
{
	"frame": {"x":435,"y":0,"w":30,"h":57},
	"rotated": false,
	"trimmed": false,
	"spriteSourceSize": {"x":0,"y":0,"w":30,"h":57},
	"sourceSize": {"w":30,"h":57}
},
"optic0000":
{
	"frame": {"x":0,"y":99,"w":90,"h":37},
	"rotated": false,
	"trimmed": false,
	"spriteSourceSize": {"x":0,"y":0,"w":90,"h":37},
	"sourceSize": {"w":90,"h":37}
},
"optic0001":
{
	"frame": {"x":92,"y":99,"w":90,"h":37},
	"rotated": false,
	"trimmed": false,
	"spriteSourceSize": {"x":0,"y":0,"w":90,"h":37},
	"sourceSize": {"w":90,"h":37}
},
"optic0002":
{
	"frame": {"x":184,"y":99,"w":90,"h":37},
	"rotated": false,
	"trimmed": false,
	"spriteSourceSize": {"x":0,"y":0,"w":90,"h":37},
	"sourceSize": {"w":90,"h":37}
},
"optic0003":
{
	"frame": {"x":276,"y":99,"w":90,"h":37},
	"rotated": false,
	"trimmed": false,
	"spriteSourceSize": {"x":0,"y":0,"w":90,"h":37},
	"sourceSize": {"w":90,"h":37}
},
"optic0004":
{
	"frame": {"x":343,"y":0,"w":90,"h":37},
	"rotated": false,
	"trimmed": false,
	"spriteSourceSize": {"x":0,"y":0,"w":90,"h":37},
	"sourceSize": {"w":90,"h":37}
},
"optic0005":
{
	"frame": {"x":343,"y":39,"w":90,"h":37},
	"rotated": false,
	"trimmed": false,
	"spriteSourceSize": {"x":0,"y":0,"w":90,"h":37},
	"sourceSize": {"w":90,"h":37}
},
"optic0006":
{
	"frame": {"x":368,"y":78,"w":90,"h":37},
	"rotated": false,
	"trimmed": false,
	"spriteSourceSize": {"x":0,"y":0,"w":90,"h":37},
	"sourceSize": {"w":90,"h":37}
}},
"meta": {
	"app": "Adobe Animate",
	"version": "16.5.0.100",
	"image": "atlas_honeybadger.png",
	"format": "RGBA8888",
	"size": {"w":512,"h":512},
	"scale": "1"
}
}
