﻿{"frames": {

"base0000":
{
	"frame": {"x":0,"y":0,"w":99,"h":63},
	"rotated": false,
	"trimmed": false,
	"spriteSourceSize": {"x":0,"y":0,"w":99,"h":63},
	"sourceSize": {"w":99,"h":63}
},
"mag0000":
{
	"frame": {"x":0,"y":64,"w":36,"h":68},
	"rotated": false,
	"trimmed": false,
	"spriteSourceSize": {"x":0,"y":0,"w":36,"h":68},
	"sourceSize": {"w":36,"h":68}
},
"slide0000":
{
	"frame": {"x":0,"y":133,"w":87,"h":16},
	"rotated": false,
	"trimmed": false,
	"spriteSourceSize": {"x":0,"y":0,"w":87,"h":16},
	"sourceSize": {"w":87,"h":16}
}},
"meta": {
	"app": "Adobe Animate",
	"version": "16.5.0.100",
	"image": "atlas_g18.png",
	"format": "RGBA8888",
	"size": {"w":128,"h":256},
	"scale": "1"
}
}
