﻿{"frames": {

"base0000":
{
	"frame": {"x":0,"y":0,"w":281,"h":95},
	"rotated": false,
	"trimmed": false,
	"spriteSourceSize": {"x":0,"y":0,"w":281,"h":95},
	"sourceSize": {"w":281,"h":95}
},
"mag0000":
{
	"frame": {"x":464,"y":0,"w":35,"h":77},
	"rotated": false,
	"trimmed": false,
	"spriteSourceSize": {"x":0,"y":0,"w":35,"h":77},
	"sourceSize": {"w":35,"h":77}
},
"optic0000":
{
	"frame": {"x":282,"y":0,"w":90,"h":36},
	"rotated": false,
	"trimmed": false,
	"spriteSourceSize": {"x":0,"y":0,"w":90,"h":36},
	"sourceSize": {"w":90,"h":36}
},
"optic0001":
{
	"frame": {"x":373,"y":0,"w":90,"h":36},
	"rotated": false,
	"trimmed": false,
	"spriteSourceSize": {"x":0,"y":0,"w":90,"h":36},
	"sourceSize": {"w":90,"h":36}
},
"optic0002":
{
	"frame": {"x":282,"y":37,"w":90,"h":36},
	"rotated": false,
	"trimmed": false,
	"spriteSourceSize": {"x":0,"y":0,"w":90,"h":36},
	"sourceSize": {"w":90,"h":36}
},
"optic0003":
{
	"frame": {"x":373,"y":37,"w":90,"h":36},
	"rotated": false,
	"trimmed": false,
	"spriteSourceSize": {"x":0,"y":0,"w":90,"h":36},
	"sourceSize": {"w":90,"h":36}
},
"optic0004":
{
	"frame": {"x":282,"y":74,"w":90,"h":36},
	"rotated": false,
	"trimmed": false,
	"spriteSourceSize": {"x":0,"y":0,"w":90,"h":36},
	"sourceSize": {"w":90,"h":36}
},
"optic0005":
{
	"frame": {"x":373,"y":74,"w":90,"h":36},
	"rotated": false,
	"trimmed": false,
	"spriteSourceSize": {"x":0,"y":0,"w":90,"h":36},
	"sourceSize": {"w":90,"h":36}
},
"optic0006":
{
	"frame": {"x":0,"y":96,"w":90,"h":36},
	"rotated": false,
	"trimmed": false,
	"spriteSourceSize": {"x":0,"y":0,"w":90,"h":36},
	"sourceSize": {"w":90,"h":36}
}},
"meta": {
	"app": "Adobe Animate",
	"version": "16.5.0.100",
	"image": "atlas_tavor.png",
	"format": "RGBA8888",
	"size": {"w":512,"h":512},
	"scale": "1"
}
}
