﻿{"frames": {

"base0000":
{
	"frame": {"x":0,"y":0,"w":298,"h":93},
	"rotated": false,
	"trimmed": false,
	"spriteSourceSize": {"x":0,"y":0,"w":298,"h":93},
	"sourceSize": {"w":298,"h":93}
},
"mag0000":
{
	"frame": {"x":92,"y":94,"w":36,"h":77},
	"rotated": false,
	"trimmed": false,
	"spriteSourceSize": {"x":0,"y":0,"w":36,"h":77},
	"sourceSize": {"w":36,"h":77}
},
"optic0000":
{
	"frame": {"x":299,"y":0,"w":91,"h":37},
	"rotated": false,
	"trimmed": false,
	"spriteSourceSize": {"x":0,"y":0,"w":91,"h":37},
	"sourceSize": {"w":91,"h":37}
},
"optic0001":
{
	"frame": {"x":391,"y":0,"w":91,"h":37},
	"rotated": false,
	"trimmed": false,
	"spriteSourceSize": {"x":0,"y":0,"w":91,"h":37},
	"sourceSize": {"w":91,"h":37}
},
"optic0002":
{
	"frame": {"x":299,"y":38,"w":91,"h":37},
	"rotated": false,
	"trimmed": false,
	"spriteSourceSize": {"x":0,"y":0,"w":91,"h":37},
	"sourceSize": {"w":91,"h":37}
},
"optic0003":
{
	"frame": {"x":391,"y":38,"w":91,"h":37},
	"rotated": false,
	"trimmed": false,
	"spriteSourceSize": {"x":0,"y":0,"w":91,"h":37},
	"sourceSize": {"w":91,"h":37}
},
"optic0004":
{
	"frame": {"x":299,"y":76,"w":91,"h":37},
	"rotated": false,
	"trimmed": false,
	"spriteSourceSize": {"x":0,"y":0,"w":91,"h":37},
	"sourceSize": {"w":91,"h":37}
},
"optic0005":
{
	"frame": {"x":391,"y":76,"w":91,"h":37},
	"rotated": false,
	"trimmed": false,
	"spriteSourceSize": {"x":0,"y":0,"w":91,"h":37},
	"sourceSize": {"w":91,"h":37}
},
"optic0006":
{
	"frame": {"x":0,"y":94,"w":91,"h":37},
	"rotated": false,
	"trimmed": false,
	"spriteSourceSize": {"x":0,"y":0,"w":91,"h":37},
	"sourceSize": {"w":91,"h":37}
}},
"meta": {
	"app": "Adobe Animate",
	"version": "16.5.0.100",
	"image": "atlas_famas.png",
	"format": "RGBA8888",
	"size": {"w":512,"h":512},
	"scale": "1"
}
}
