﻿{"frames": {

"base0000":
{
	"frame": {"x":0,"y":0,"w":241,"h":93},
	"rotated": false,
	"trimmed": false,
	"spriteSourceSize": {"x":0,"y":0,"w":241,"h":93},
	"sourceSize": {"w":241,"h":93}
},
"mag0000":
{
	"frame": {"x":0,"y":94,"w":43,"h":89},
	"rotated": false,
	"trimmed": false,
	"spriteSourceSize": {"x":0,"y":0,"w":43,"h":89},
	"sourceSize": {"w":43,"h":89}
}},
"meta": {
	"app": "Adobe Animate",
	"version": "16.5.0.100",
	"image": "atlas_fmg9.png",
	"format": "RGBA8888",
	"size": {"w":256,"h":256},
	"scale": "1"
}
}
