{
  "manifest": [
    { "id": "level 1", "src": "levels/level 1.txt" },
    { "id": "level 2", "src": "levels/level 2.txt" },
    { "id": "level 3", "src": "levels/level 3.txt" },
    { "id": "level 4", "src": "levels/level 4.txt" },
    { "id": "level 5", "src": "levels/level 5.txt" },
    { "id": "level 6", "src": "levels/level 6.txt" },
    { "id": "level 7", "src": "levels/level 7.txt" },
    { "id": "level 8", "src": "levels/level 8.txt" },
    { "id": "level 9", "src": "levels/level 9.txt" },
    { "id": "level 10", "src": "levels/level 10.txt" },
    { "id": "level 11", "src": "levels/level 11.txt" },
    { "id": "level 12", "src": "levels/level 12.txt" },
    { "id": "level 13", "src": "levels/level 13.txt" },
    { "id": "level 14", "src": "levels/level 14.txt" },
    { "id": "level 15", "src": "levels/level 15.txt" },
    { "id": "level 16", "src": "levels/level 16.txt" },
    { "id": "level 17", "src": "levels/level 17.txt" },
    { "id": "level 18", "src": "levels/level 18.txt" },
    { "id": "level 19", "src": "levels/level 19.txt" },
    { "id": "level 20", "src": "levels/level 20.txt" },
    { "id": "level 21", "src": "levels/level 21.txt" },
    { "id": "level 22", "src": "levels/level 22.txt" },
    { "id": "level 23", "src": "levels/level 23.txt" },
    { "id": "level 24", "src": "levels/level 24.txt" },
    { "id": "level 25", "src": "levels/level 25.txt" },
    { "id": "level 26", "src": "levels/level 26.txt" },
    { "id": "level 27", "src": "levels/level 27.txt" },
    { "id": "level 28", "src": "levels/level 28.txt" },
    { "id": "level 29", "src": "levels/level 29.txt" },
    { "id": "level 30", "src": "levels/level 30.txt" },
    { "id": "level 31", "src": "levels/level 31.txt" },
    { "id": "level 32", "src": "levels/level 32.txt" },
    { "id": "level 33", "src": "levels/level 33.txt" },
    { "id": "level 34", "src": "levels/level 34.txt" },
    { "id": "level 35", "src": "levels/level 35.txt" },
    { "id": "level 36", "src": "levels/level 36.txt" },
    { "id": "level 37", "src": "levels/level 37.txt" },
    { "id": "level 38", "src": "levels/level 38.txt" },
    { "id": "level 39", "src": "levels/level 39.txt" },
    { "id": "level 40", "src": "levels/level 40.txt" },
    { "id": "level 41", "src": "levels/level 41.txt" },
    { "id": "level 42", "src": "levels/level 42.txt" },
    { "id": "level 43", "src": "levels/level 43.txt" },
    { "id": "level 44", "src": "levels/level 44.txt" },
    { "id": "level 45", "src": "levels/level 45.txt" },
    { "id": "level 46", "src": "levels/level 46.txt" },
    { "id": "level 47", "src": "levels/level 47.txt" },
    { "id": "level 48", "src": "levels/level 48.txt" },
    { "id": "level 49", "src": "levels/level 49.txt" },
    { "id": "level 50", "src": "levels/level 50.txt" },
    { "id": "track", "src": "sounds/music.mp3" },
    { "id": "impact", "src": "sounds/impact.mp3" },
    { "id": "select", "src": "sounds/select.mp3" },
    { "id": "jump", "src": "sounds/jump.mp3" },
    { "id": "success", "src": "sounds/success.mp3" },
    { "id": "collect", "src": "sounds/collect.mp3" }
  ]
}