{"frames":{"middle-aged-explorer-asset-6.png":{"frame":{"x":2,"y":2,"w":561,"h":76},"rotated":false,"trimmed":false,"spriteSourceSize":{"x":0,"y":0,"w":561,"h":76},"sourceSize":{"w":561,"h":76},"pivot":{"x":0.5,"y":0.5}},"middle-aged-explorer-asset-3.png":{"frame":{"x":2,"y":82,"w":373,"h":244},"rotated":false,"trimmed":false,"spriteSourceSize":{"x":0,"y":0,"w":373,"h":244},"sourceSize":{"w":373,"h":244},"pivot":{"x":0.5,"y":0.5}},"middle-aged-explorer-asset-15.png":{"frame":{"x":2,"y":330,"w":371,"h":38},"rotated":false,"trimmed":false,"spriteSourceSize":{"x":0,"y":0,"w":371,"h":38},"sourceSize":{"w":371,"h":38},"pivot":{"x":0.5,"y":0.5}},"middle-aged-explorer-asset-12.png":{"frame":{"x":2,"y":372,"w":371,"h":259},"rotated":false,"trimmed":false,"spriteSourceSize":{"x":0,"y":0,"w":371,"h":259},"sourceSize":{"w":371,"h":259},"pivot":{"x":0.5,"y":0.5}},"middle-aged-explorer-asset-16.png":{"frame":{"x":567,"y":2,"w":350,"h":83},"rotated":false,"trimmed":false,"spriteSourceSize":{"x":0,"y":0,"w":350,"h":83},"sourceSize":{"w":350,"h":83},"pivot":{"x":0.5,"y":0.5}},"middle-aged-explorer-asset-58.png":{"frame":{"x":377,"y":330,"w":140,"h":277},"rotated":false,"trimmed":false,"spriteSourceSize":{"x":0,"y":0,"w":140,"h":277},"sourceSize":{"w":140,"h":277},"pivot":{"x":0.5,"y":0.5}},"middle-aged-explorer-asset-57.png":{"frame":{"x":521,"y":89,"w":136,"h":266},"rotated":false,"trimmed":false,"spriteSourceSize":{"x":0,"y":0,"w":136,"h":266},"sourceSize":{"w":136,"h":266},"pivot":{"x":0.5,"y":0.5}},"middle-aged-explorer-asset-84.png":{"frame":{"x":521,"y":359,"w":116,"h":265},"rotated":false,"trimmed":false,"spriteSourceSize":{"x":0,"y":0,"w":116,"h":265},"sourceSize":{"w":116,"h":265},"pivot":{"x":0.5,"y":0.5}},"middle-aged-explorer-asset-81.png":{"frame":{"x":641,"y":359,"w":120,"h":263},"rotated":false,"trimmed":false,"spriteSourceSize":{"x":0,"y":0,"w":120,"h":263},"sourceSize":{"w":120,"h":263},"pivot":{"x":0.5,"y":0.5}},"middle-aged-explorer-asset-43.png":{"frame":{"x":661,"y":89,"w":120,"h":263},"rotated":false,"trimmed":false,"spriteSourceSize":{"x":0,"y":0,"w":120,"h":263},"sourceSize":{"w":120,"h":263},"pivot":{"x":0.5,"y":0.5}},"middle-aged-explorer-asset-47.png":{"frame":{"x":785,"y":89,"w":120,"h":260},"rotated":false,"trimmed":false,"spriteSourceSize":{"x":0,"y":0,"w":120,"h":260},"sourceSize":{"w":120,"h":260},"pivot":{"x":0.5,"y":0.5}},"middle-aged-explorer-asset-87.png":{"frame":{"x":785,"y":353,"w":116,"h":258},"rotated":false,"trimmed":false,"spriteSourceSize":{"x":0,"y":0,"w":116,"h":258},"sourceSize":{"w":116,"h":258},"pivot":{"x":0.5,"y":0.5}},"middle-aged-explorer-asset-85.png":{"frame":{"x":2,"y":635,"w":120,"h":256},"rotated":false,"trimmed":false,"spriteSourceSize":{"x":0,"y":0,"w":120,"h":256},"sourceSize":{"w":120,"h":256},"pivot":{"x":0.5,"y":0.5}},"middle-aged-explorer-asset-13.png":{"frame":{"x":126,"y":635,"w":30,"h":255},"rotated":false,"trimmed":false,"spriteSourceSize":{"x":0,"y":0,"w":30,"h":255},"sourceSize":{"w":30,"h":255},"pivot":{"x":0.5,"y":0.5}},"middle-aged-explorer-asset-46.png":{"frame":{"x":160,"y":635,"w":117,"h":255},"rotated":false,"trimmed":false,"spriteSourceSize":{"x":0,"y":0,"w":117,"h":255},"sourceSize":{"w":117,"h":255},"pivot":{"x":0.5,"y":0.5}},"middle-aged-explorer-asset-49.png":{"frame":{"x":281,"y":635,"w":117,"h":252},"rotated":false,"trimmed":false,"spriteSourceSize":{"x":0,"y":0,"w":117,"h":252},"sourceSize":{"w":117,"h":252},"pivot":{"x":0.5,"y":0.5}},"middle-aged-explorer-asset-8.png":{"frame":{"x":402,"y":628,"w":53,"h":246},"rotated":false,"trimmed":false,"spriteSourceSize":{"x":0,"y":0,"w":53,"h":246},"sourceSize":{"w":53,"h":246},"pivot":{"x":0.5,"y":0.5}},"middle-aged-explorer-asset-9.png":{"frame":{"x":459,"y":628,"w":37,"h":245},"rotated":false,"trimmed":false,"spriteSourceSize":{"x":0,"y":0,"w":37,"h":245},"sourceSize":{"w":37,"h":245},"pivot":{"x":0.5,"y":0.5}},"middle-aged-explorer-asset-33.png":{"frame":{"x":379,"y":82,"w":70,"h":206},"rotated":false,"trimmed":false,"spriteSourceSize":{"x":0,"y":0,"w":70,"h":206},"sourceSize":{"w":70,"h":206},"pivot":{"x":0.5,"y":0.5}},"middle-aged-explorer-asset-34.png":{"frame":{"x":500,"y":628,"w":83,"h":202},"rotated":false,"trimmed":false,"spriteSourceSize":{"x":0,"y":0,"w":83,"h":202},"sourceSize":{"w":83,"h":202},"pivot":{"x":0.5,"y":0.5}},"middle-aged-explorer-asset-83.png":{"frame":{"x":587,"y":628,"w":73,"h":189},"rotated":false,"trimmed":true,"spriteSourceSize":{"x":23,"y":0,"w":73,"h":189},"sourceSize":{"w":96,"h":189},"pivot":{"x":0.5,"y":0.5}},"middle-aged-explorer-asset-79.png":{"frame":{"x":664,"y":626,"w":65,"h":188},"rotated":false,"trimmed":false,"spriteSourceSize":{"x":0,"y":0,"w":65,"h":188},"sourceSize":{"w":65,"h":188},"pivot":{"x":0.5,"y":0.5}},"middle-aged-explorer-asset-80.png":{"frame":{"x":765,"y":615,"w":74,"h":183},"rotated":false,"trimmed":false,"spriteSourceSize":{"x":0,"y":0,"w":74,"h":183},"sourceSize":{"w":74,"h":183},"pivot":{"x":0.5,"y":0.5}},"middle-aged-explorer-asset-28.png":{"frame":{"x":453,"y":82,"w":61,"h":181},"rotated":false,"trimmed":false,"spriteSourceSize":{"x":0,"y":0,"w":61,"h":181},"sourceSize":{"w":61,"h":181},"pivot":{"x":0.5,"y":0.5}},"middle-aged-explorer-asset-35.png":{"frame":{"x":843,"y":615,"w":70,"h":180},"rotated":false,"trimmed":false,"spriteSourceSize":{"x":0,"y":0,"w":70,"h":180},"sourceSize":{"w":70,"h":180},"pivot":{"x":0.5,"y":0.5}},"middle-aged-explorer-asset-44.png":{"frame":{"x":2,"y":895,"w":121,"h":180},"rotated":false,"trimmed":false,"spriteSourceSize":{"x":0,"y":0,"w":121,"h":180},"sourceSize":{"w":121,"h":180},"pivot":{"x":0.5,"y":0.5}},"middle-aged-explorer-asset-11.png":{"frame":{"x":733,"y":802,"w":173,"h":62},"rotated":false,"trimmed":false,"spriteSourceSize":{"x":0,"y":0,"w":173,"h":62},"sourceSize":{"w":173,"h":62},"pivot":{"x":0.5,"y":0.5}},"middle-aged-explorer-asset-17.png":{"frame":{"x":127,"y":894,"w":167,"h":167},"rotated":false,"trimmed":false,"spriteSourceSize":{"x":0,"y":0,"w":167,"h":167},"sourceSize":{"w":167,"h":167},"pivot":{"x":0.5,"y":0.5}},"middle-aged-explorer-asset-25.png":{"frame":{"x":664,"y":818,"w":61,"h":165},"rotated":false,"trimmed":false,"spriteSourceSize":{"x":0,"y":0,"w":61,"h":165},"sourceSize":{"w":61,"h":165},"pivot":{"x":0.5,"y":0.5}},"middle-aged-explorer-asset-82.png":{"frame":{"x":298,"y":891,"w":126,"h":165},"rotated":false,"trimmed":false,"spriteSourceSize":{"x":0,"y":0,"w":126,"h":165},"sourceSize":{"w":126,"h":165},"pivot":{"x":0.5,"y":0.5}},"middle-aged-explorer-asset-88.png":{"frame":{"x":428,"y":878,"w":120,"h":165},"rotated":false,"trimmed":false,"spriteSourceSize":{"x":0,"y":0,"w":120,"h":165},"sourceSize":{"w":120,"h":165},"pivot":{"x":0.5,"y":0.5}},"middle-aged-explorer-asset-36.png":{"frame":{"x":552,"y":834,"w":83,"h":163},"rotated":false,"trimmed":false,"spriteSourceSize":{"x":0,"y":0,"w":83,"h":163},"sourceSize":{"w":83,"h":163},"pivot":{"x":0.5,"y":0.5}},"middle-aged-explorer-asset-93.png":{"frame":{"x":729,"y":868,"w":64,"h":162},"rotated":false,"trimmed":false,"spriteSourceSize":{"x":0,"y":0,"w":64,"h":162},"sourceSize":{"w":64,"h":162},"pivot":{"x":0.5,"y":0.5}},"middle-aged-explorer-asset-96.png":{"frame":{"x":797,"y":868,"w":64,"h":162},"rotated":false,"trimmed":false,"spriteSourceSize":{"x":0,"y":0,"w":64,"h":162},"sourceSize":{"w":64,"h":162},"pivot":{"x":0.5,"y":0.5}},"middle-aged-explorer-asset-31.png":{"frame":{"x":921,"y":2,"w":61,"h":161},"rotated":false,"trimmed":false,"spriteSourceSize":{"x":0,"y":0,"w":61,"h":161},"sourceSize":{"w":61,"h":161},"pivot":{"x":0.5,"y":0.5}},"middle-aged-explorer-asset-77.png":{"frame":{"x":917,"y":167,"w":65,"h":158},"rotated":false,"trimmed":false,"spriteSourceSize":{"x":0,"y":0,"w":65,"h":158},"sourceSize":{"w":65,"h":158},"pivot":{"x":0.5,"y":0.5}},"middle-aged-explorer-asset-78.png":{"frame":{"x":905,"y":353,"w":74,"h":154},"rotated":false,"trimmed":false,"spriteSourceSize":{"x":0,"y":0,"w":74,"h":154},"sourceSize":{"w":74,"h":154},"pivot":{"x":0.5,"y":0.5}},"middle-aged-explorer-asset-101.png":{"frame":{"x":865,"y":868,"w":106,"h":151},"rotated":false,"trimmed":false,"spriteSourceSize":{"x":0,"y":0,"w":106,"h":151},"sourceSize":{"w":106,"h":151},"pivot":{"x":0.5,"y":0.5}},"middle-aged-explorer-asset-97.png":{"frame":{"x":917,"y":511,"w":64,"h":149},"rotated":false,"trimmed":false,"spriteSourceSize":{"x":0,"y":0,"w":64,"h":149},"sourceSize":{"w":64,"h":149},"pivot":{"x":0.5,"y":0.5}},"middle-aged-explorer-asset-22.png":{"frame":{"x":917,"y":664,"w":52,"h":147},"rotated":false,"trimmed":false,"spriteSourceSize":{"x":0,"y":0,"w":52,"h":147},"sourceSize":{"w":52,"h":147},"pivot":{"x":0.5,"y":0.5}},"middle-aged-explorer-asset-21.png":{"frame":{"x":986,"y":2,"w":42,"h":145},"rotated":false,"trimmed":false,"spriteSourceSize":{"x":0,"y":0,"w":42,"h":145},"sourceSize":{"w":42,"h":145},"pivot":{"x":0.5,"y":0.5}},"middle-aged-explorer-asset-29.png":{"frame":{"x":1032,"y":2,"w":61,"h":145},"rotated":false,"trimmed":false,"spriteSourceSize":{"x":0,"y":0,"w":61,"h":145},"sourceSize":{"w":61,"h":145},"pivot":{"x":0.5,"y":0.5}},"middle-aged-explorer-asset-89.png":{"frame":{"x":983,"y":329,"w":47,"h":145},"rotated":false,"trimmed":true,"spriteSourceSize":{"x":0,"y":0,"w":47,"h":145},"sourceSize":{"w":82,"h":145},"pivot":{"x":0.5,"y":0.5}},"middle-aged-explorer-asset-99.png":{"frame":{"x":986,"y":151,"w":64,"h":145},"rotated":false,"trimmed":false,"spriteSourceSize":{"x":0,"y":0,"w":64,"h":145},"sourceSize":{"w":64,"h":145},"pivot":{"x":0.5,"y":0.5}},"middle-aged-explorer-asset-71.png":{"frame":{"x":428,"y":1047,"w":143,"h":20},"rotated":false,"trimmed":false,"spriteSourceSize":{"x":0,"y":0,"w":143,"h":20},"sourceSize":{"w":143,"h":20},"pivot":{"x":0.5,"y":0.5}},"middle-aged-explorer-asset-18.png":{"frame":{"x":2,"y":1079,"w":140,"h":140},"rotated":false,"trimmed":false,"spriteSourceSize":{"x":0,"y":0,"w":140,"h":140},"sourceSize":{"w":140,"h":140},"pivot":{"x":0.5,"y":0.5}},"middle-aged-explorer-asset-19.png":{"frame":{"x":575,"y":1001,"w":140,"h":98},"rotated":false,"trimmed":false,"spriteSourceSize":{"x":0,"y":0,"w":140,"h":98},"sourceSize":{"w":140,"h":98},"pivot":{"x":0.5,"y":0.5}},"middle-aged-explorer-asset-90.png":{"frame":{"x":1034,"y":300,"w":52,"h":137},"rotated":false,"trimmed":false,"spriteSourceSize":{"x":0,"y":0,"w":52,"h":137},"sourceSize":{"w":52,"h":137},"pivot":{"x":0.5,"y":0.5}},"middle-aged-explorer-asset-104.png":{"frame":{"x":146,"y":1071,"w":81,"h":133},"rotated":false,"trimmed":false,"spriteSourceSize":{"x":0,"y":0,"w":81,"h":133},"sourceSize":{"w":81,"h":133},"pivot":{"x":0.5,"y":0.5}},"middle-aged-explorer-asset-56.png":{"frame":{"x":231,"y":1103,"w":132,"h":95},"rotated":false,"trimmed":false,"spriteSourceSize":{"x":0,"y":0,"w":132,"h":95},"sourceSize":{"w":132,"h":95},"pivot":{"x":0.5,"y":0.5}},"middle-aged-explorer-asset-53.png":{"frame":{"x":367,"y":1103,"w":129,"h":100},"rotated":false,"trimmed":false,"spriteSourceSize":{"x":0,"y":0,"w":129,"h":100},"sourceSize":{"w":129,"h":100},"pivot":{"x":0.5,"y":0.5}},"middle-aged-explorer-asset-55.png":{"frame":{"x":500,"y":1103,"w":129,"h":100},"rotated":false,"trimmed":false,"spriteSourceSize":{"x":0,"y":0,"w":129,"h":100},"sourceSize":{"w":129,"h":100},"pivot":{"x":0.5,"y":0.5}},"middle-aged-explorer-asset-129.png":{"frame":{"x":633,"y":1103,"w":126,"h":97},"rotated":false,"trimmed":false,"spriteSourceSize":{"x":0,"y":0,"w":126,"h":97},"sourceSize":{"w":126,"h":97},"pivot":{"x":0.5,"y":0.5}},"middle-aged-explorer-asset-51.png":{"frame":{"x":865,"y":1023,"w":125,"h":71},"rotated":false,"trimmed":false,"spriteSourceSize":{"x":0,"y":0,"w":125,"h":71},"sourceSize":{"w":125,"h":71},"pivot":{"x":0.5,"y":0.5}},"middle-aged-explorer-asset-38.png":{"frame":{"x":719,"y":1034,"w":124,"h":62},"rotated":false,"trimmed":false,"spriteSourceSize":{"x":0,"y":0,"w":124,"h":62},"sourceSize":{"w":124,"h":62},"pivot":{"x":0.5,"y":0.5}},"middle-aged-explorer-asset-32.png":{"frame":{"x":994,"y":478,"w":90,"h":123},"rotated":false,"trimmed":false,"spriteSourceSize":{"x":0,"y":0,"w":90,"h":123},"sourceSize":{"w":90,"h":123},"pivot":{"x":0.5,"y":0.5}},"middle-aged-explorer-asset-40.png":{"frame":{"x":763,"y":1100,"w":123,"h":86},"rotated":false,"trimmed":false,"spriteSourceSize":{"x":0,"y":0,"w":123,"h":86},"sourceSize":{"w":123,"h":86},"pivot":{"x":0.5,"y":0.5}},"middle-aged-explorer-asset-54.png":{"frame":{"x":890,"y":1098,"w":84,"h":121},"rotated":false,"trimmed":false,"spriteSourceSize":{"x":0,"y":0,"w":84,"h":121},"sourceSize":{"w":84,"h":121},"pivot":{"x":0.5,"y":0.5}},"middle-aged-explorer-asset-100.png":{"frame":{"x":978,"y":1098,"w":67,"h":120},"rotated":false,"trimmed":false,"spriteSourceSize":{"x":0,"y":0,"w":67,"h":120},"sourceSize":{"w":67,"h":120},"pivot":{"x":0.5,"y":0.5}},"middle-aged-explorer-asset-132.png":{"frame":{"x":973,"y":664,"w":120,"h":86},"rotated":false,"trimmed":false,"spriteSourceSize":{"x":0,"y":0,"w":120,"h":86},"sourceSize":{"w":120,"h":86},"pivot":{"x":0.5,"y":0.5}},"middle-aged-explorer-asset-94.png":{"frame":{"x":973,"y":754,"w":67,"h":110},"rotated":false,"trimmed":false,"spriteSourceSize":{"x":0,"y":0,"w":67,"h":110},"sourceSize":{"w":67,"h":110},"pivot":{"x":0.5,"y":0.5}},"middle-aged-explorer-asset-50.png":{"frame":{"x":975,"y":868,"w":109,"h":92},"rotated":false,"trimmed":false,"spriteSourceSize":{"x":0,"y":0,"w":109,"h":92},"sourceSize":{"w":109,"h":92},"pivot":{"x":0.5,"y":0.5}},"middle-aged-explorer-asset-70.png":{"frame":{"x":994,"y":964,"w":92,"h":107},"rotated":false,"trimmed":false,"spriteSourceSize":{"x":0,"y":0,"w":92,"h":107},"sourceSize":{"w":92,"h":107},"pivot":{"x":0.5,"y":0.5}},"middle-aged-explorer-asset-45.png":{"frame":{"x":1097,"y":2,"w":73,"h":103},"rotated":false,"trimmed":false,"spriteSourceSize":{"x":0,"y":0,"w":73,"h":103},"sourceSize":{"w":73,"h":103},"pivot":{"x":0.5,"y":0.5}},"middle-aged-explorer-asset-52.png":{"frame":{"x":1044,"y":754,"w":103,"h":101},"rotated":false,"trimmed":false,"spriteSourceSize":{"x":0,"y":0,"w":103,"h":101},"sourceSize":{"w":103,"h":101},"pivot":{"x":0.5,"y":0.5}},"middle-aged-explorer-asset-48.png":{"frame":{"x":1097,"y":109,"w":70,"h":102},"rotated":false,"trimmed":false,"spriteSourceSize":{"x":0,"y":0,"w":70,"h":102},"sourceSize":{"w":70,"h":102},"pivot":{"x":0.5,"y":0.5}},"middle-aged-explorer-asset-86.png":{"frame":{"x":1088,"y":859,"w":72,"h":101},"rotated":false,"trimmed":false,"spriteSourceSize":{"x":0,"y":0,"w":72,"h":101},"sourceSize":{"w":72,"h":101},"pivot":{"x":0.5,"y":0.5}},"middle-aged-explorer-asset-102.png":{"frame":{"x":1049,"y":1075,"w":86,"h":99},"rotated":false,"trimmed":false,"spriteSourceSize":{"x":0,"y":0,"w":86,"h":99},"sourceSize":{"w":86,"h":99},"pivot":{"x":0.5,"y":0.5}},"middle-aged-explorer-asset-103.png":{"frame":{"x":1174,"y":2,"w":92,"h":98},"rotated":false,"trimmed":false,"spriteSourceSize":{"x":0,"y":0,"w":92,"h":98},"sourceSize":{"w":92,"h":98},"pivot":{"x":0.5,"y":0.5}},"middle-aged-explorer-asset-26.png":{"frame":{"x":1090,"y":964,"w":77,"h":98},"rotated":false,"trimmed":false,"spriteSourceSize":{"x":0,"y":0,"w":77,"h":98},"sourceSize":{"w":77,"h":98},"pivot":{"x":0.5,"y":0.5}},"middle-aged-explorer-asset-75.png":{"frame":{"x":1174,"y":104,"w":86,"h":91},"rotated":false,"trimmed":false,"spriteSourceSize":{"x":0,"y":0,"w":86,"h":91},"sourceSize":{"w":86,"h":91},"pivot":{"x":0.5,"y":0.5}},"middle-aged-explorer-asset-27.png":{"frame":{"x":1171,"y":199,"w":65,"h":89},"rotated":false,"trimmed":true,"spriteSourceSize":{"x":0,"y":1,"w":65,"h":89},"sourceSize":{"w":67,"h":90},"pivot":{"x":0.5,"y":0.5}},"middle-aged-explorer-asset-59.png":{"frame":{"x":1090,"y":215,"w":77,"h":89},"rotated":false,"trimmed":false,"spriteSourceSize":{"x":0,"y":0,"w":77,"h":89},"sourceSize":{"w":77,"h":89},"pivot":{"x":0.5,"y":0.5}},"middle-aged-explorer-asset-68.png":{"frame":{"x":231,"y":1071,"w":87,"h":22},"rotated":false,"trimmed":false,"spriteSourceSize":{"x":0,"y":0,"w":87,"h":22},"sourceSize":{"w":87,"h":22},"pivot":{"x":0.5,"y":0.5}},"middle-aged-explorer-asset-131.png":{"frame":{"x":1171,"y":292,"w":82,"h":86},"rotated":false,"trimmed":false,"spriteSourceSize":{"x":0,"y":0,"w":82,"h":86},"sourceSize":{"w":82,"h":86},"pivot":{"x":0.5,"y":0.5}},"middle-aged-explorer-asset-72.png":{"frame":{"x":322,"y":1060,"w":84,"h":39},"rotated":false,"trimmed":false,"spriteSourceSize":{"x":0,"y":0,"w":84,"h":39},"sourceSize":{"w":84,"h":39},"pivot":{"x":0.5,"y":0.5}},"middle-aged-explorer-asset-95.png":{"frame":{"x":1097,"y":308,"w":52,"h":78},"rotated":false,"trimmed":false,"spriteSourceSize":{"x":0,"y":0,"w":52,"h":78},"sourceSize":{"w":52,"h":78},"pivot":{"x":0.5,"y":0.5}},"middle-aged-explorer-asset-130.png":{"frame":{"x":1171,"y":382,"w":75,"h":75},"rotated":false,"trimmed":true,"spriteSourceSize":{"x":0,"y":0,"w":75,"h":75},"sourceSize":{"w":109,"h":75},"pivot":{"x":0.5,"y":0.5}},"middle-aged-explorer-asset-60.png":{"frame":{"x":1090,"y":390,"w":75,"h":56},"rotated":false,"trimmed":false,"spriteSourceSize":{"x":0,"y":0,"w":75,"h":56},"sourceSize":{"w":75,"h":56},"pivot":{"x":0.5,"y":0.5}},"middle-aged-explorer-asset-24.png":{"frame":{"x":1097,"y":450,"w":48,"h":74},"rotated":false,"trimmed":false,"spriteSourceSize":{"x":0,"y":0,"w":48,"h":74},"sourceSize":{"w":48,"h":74},"pivot":{"x":0.5,"y":0.5}},"middle-aged-explorer-asset-42.png":{"frame":{"x":1171,"y":461,"w":53,"h":72},"rotated":false,"trimmed":false,"spriteSourceSize":{"x":0,"y":0,"w":53,"h":72},"sourceSize":{"w":53,"h":72},"pivot":{"x":0.5,"y":0.5}},"middle-aged-explorer-asset-61.png":{"frame":{"x":1049,"y":1178,"w":72,"h":40},"rotated":false,"trimmed":false,"spriteSourceSize":{"x":0,"y":0,"w":72,"h":40},"sourceSize":{"w":72,"h":40},"pivot":{"x":0.5,"y":0.5}},"heart-asset-2.png":{"frame":{"x":1097,"y":528,"w":52,"h":71},"rotated":false,"trimmed":false,"spriteSourceSize":{"x":0,"y":0,"w":52,"h":71},"sourceSize":{"w":52,"h":71},"pivot":{"x":0.5,"y":0.5}},"heart-asset-3.png":{"frame":{"x":1171,"y":537,"w":53,"h":71},"rotated":false,"trimmed":false,"spriteSourceSize":{"x":0,"y":0,"w":53,"h":71},"sourceSize":{"w":53,"h":71},"pivot":{"x":0.5,"y":0.5}},"heart-asset-4.png":{"frame":{"x":1097,"y":603,"w":53,"h":71},"rotated":false,"trimmed":false,"spriteSourceSize":{"x":0,"y":0,"w":53,"h":71},"sourceSize":{"w":53,"h":71},"pivot":{"x":0.5,"y":0.5}},"heart-asset-5.png":{"frame":{"x":1097,"y":678,"w":53,"h":71},"rotated":false,"trimmed":false,"spriteSourceSize":{"x":0,"y":0,"w":53,"h":71},"sourceSize":{"w":53,"h":71},"pivot":{"x":0.5,"y":0.5}},"heart-asset-1.png":{"frame":{"x":1151,"y":753,"w":51,"h":70},"rotated":false,"trimmed":false,"spriteSourceSize":{"x":0,"y":0,"w":51,"h":70},"sourceSize":{"w":51,"h":70},"pivot":{"x":0.5,"y":0.5}},"middle-aged-explorer-asset-39.png":{"frame":{"x":1206,"y":612,"w":59,"h":70},"rotated":false,"trimmed":false,"spriteSourceSize":{"x":0,"y":0,"w":59,"h":70},"sourceSize":{"w":59,"h":70},"pivot":{"x":0.5,"y":0.5}},"middle-aged-explorer-asset-30.png":{"frame":{"x":1171,"y":827,"w":68,"h":69},"rotated":false,"trimmed":true,"spriteSourceSize":{"x":0,"y":1,"w":68,"h":69},"sourceSize":{"w":68,"h":70},"pivot":{"x":0.5,"y":0.5}},"middle-aged-explorer-asset-98.png":{"frame":{"x":1206,"y":686,"w":50,"h":69},"rotated":false,"trimmed":false,"spriteSourceSize":{"x":0,"y":0,"w":50,"h":69},"sourceSize":{"w":50,"h":69},"pivot":{"x":0.5,"y":0.5}},"middle-aged-explorer-asset-63.png":{"frame":{"x":1171,"y":900,"w":55,"h":66},"rotated":false,"trimmed":false,"spriteSourceSize":{"x":0,"y":0,"w":55,"h":66},"sourceSize":{"w":55,"h":66},"pivot":{"x":0.5,"y":0.5}},"middle-aged-explorer-asset-74.png":{"frame":{"x":985,"y":605,"w":66,"h":48},"rotated":false,"trimmed":false,"spriteSourceSize":{"x":0,"y":0,"w":66,"h":48},"sourceSize":{"w":66,"h":48},"pivot":{"x":0.5,"y":0.5}},"middle-aged-explorer-asset-92.png":{"frame":{"x":1154,"y":612,"w":47,"h":66},"rotated":false,"trimmed":false,"spriteSourceSize":{"x":0,"y":0,"w":47,"h":66},"sourceSize":{"w":47,"h":66},"pivot":{"x":0.5,"y":0.5}},"middle-aged-explorer-asset-73.png":{"frame":{"x":1206,"y":759,"w":52,"h":64},"rotated":false,"trimmed":false,"spriteSourceSize":{"x":0,"y":0,"w":52,"h":64},"sourceSize":{"w":52,"h":64},"pivot":{"x":0.5,"y":0.5}},"middle-aged-explorer-asset-64.png":{"frame":{"x":453,"y":267,"w":62,"h":44},"rotated":false,"trimmed":false,"spriteSourceSize":{"x":0,"y":0,"w":62,"h":44},"sourceSize":{"w":62,"h":44},"pivot":{"x":0.5,"y":0.5}},"middle-aged-explorer-asset-62.png":{"frame":{"x":1171,"y":970,"w":52,"h":61},"rotated":false,"trimmed":false,"spriteSourceSize":{"x":0,"y":0,"w":52,"h":61},"sourceSize":{"w":52,"h":61},"pivot":{"x":0.5,"y":0.5}},"middle-aged-explorer-asset-23.png":{"frame":{"x":1154,"y":682,"w":44,"h":54},"rotated":false,"trimmed":false,"spriteSourceSize":{"x":0,"y":0,"w":44,"h":54},"sourceSize":{"w":44,"h":54},"pivot":{"x":0.5,"y":0.5}},"middle-aged-explorer-asset-41.png":{"frame":{"x":1125,"y":1178,"w":53,"h":38},"rotated":false,"trimmed":false,"spriteSourceSize":{"x":0,"y":0,"w":53,"h":38},"sourceSize":{"w":53,"h":38},"pivot":{"x":0.5,"y":0.5}},"middle-aged-explorer-asset-126.png":{"frame":{"x":379,"y":292,"w":51,"h":34},"rotated":false,"trimmed":false,"spriteSourceSize":{"x":0,"y":0,"w":51,"h":34},"sourceSize":{"w":51,"h":34},"pivot":{"x":0.5,"y":0.5}},"middle-aged-explorer-asset-37.png":{"frame":{"x":763,"y":1190,"w":51,"h":29},"rotated":false,"trimmed":false,"spriteSourceSize":{"x":0,"y":0,"w":51,"h":29},"sourceSize":{"w":51,"h":29},"pivot":{"x":0.5,"y":0.5}},"middle-aged-explorer-asset-10.png":{"frame":{"x":818,"y":1190,"w":50,"h":29},"rotated":false,"trimmed":false,"spriteSourceSize":{"x":0,"y":0,"w":50,"h":29},"sourceSize":{"w":50,"h":29},"pivot":{"x":0.5,"y":0.5}},"middle-aged-explorer-asset-14.png":{"frame":{"x":1034,"y":441,"w":50,"h":21},"rotated":false,"trimmed":false,"spriteSourceSize":{"x":0,"y":0,"w":50,"h":21},"sourceSize":{"w":50,"h":21},"pivot":{"x":0.5,"y":0.5}},"middle-aged-explorer-asset-91.png":{"frame":{"x":910,"y":815,"w":41,"h":45},"rotated":false,"trimmed":false,"spriteSourceSize":{"x":0,"y":0,"w":41,"h":45},"sourceSize":{"w":41,"h":45},"pivot":{"x":0.5,"y":0.5}},"middle-aged-explorer-asset-125.png":{"frame":{"x":500,"y":834,"w":42,"h":38},"rotated":false,"trimmed":false,"spriteSourceSize":{"x":0,"y":0,"w":42,"h":38},"sourceSize":{"w":42,"h":38},"pivot":{"x":0.5,"y":0.5}},"middle-aged-explorer-asset-69.png":{"frame":{"x":1054,"y":151,"w":39,"h":35},"rotated":false,"trimmed":false,"spriteSourceSize":{"x":0,"y":0,"w":39,"h":35},"sourceSize":{"w":39,"h":35},"pivot":{"x":0.5,"y":0.5}},"middle-aged-explorer-asset-76.png":{"frame":{"x":1230,"y":900,"w":34,"h":37},"rotated":false,"trimmed":false,"spriteSourceSize":{"x":0,"y":0,"w":34,"h":37},"sourceSize":{"w":34,"h":37},"pivot":{"x":0.5,"y":0.5}},"middle-aged-explorer-asset-124.png":{"frame":{"x":1240,"y":199,"w":25,"h":35},"rotated":false,"trimmed":true,"spriteSourceSize":{"x":0,"y":0,"w":25,"h":35},"sourceSize":{"w":25,"h":36},"pivot":{"x":0.5,"y":0.5}},"middle-aged-explorer-asset-127.png":{"frame":{"x":1054,"y":190,"w":32,"h":31},"rotated":false,"trimmed":false,"spriteSourceSize":{"x":0,"y":0,"w":32,"h":31},"sourceSize":{"w":32,"h":31},"pivot":{"x":0.5,"y":0.5}},"middle-aged-explorer-asset-119.png":{"frame":{"x":434,"y":315,"w":31,"h":11},"rotated":false,"trimmed":false,"spriteSourceSize":{"x":0,"y":0,"w":31,"h":11},"sourceSize":{"w":31,"h":11},"pivot":{"x":0.5,"y":0.5}},"middle-aged-explorer-asset-122.png":{"frame":{"x":410,"y":1071,"w":31,"h":28},"rotated":false,"trimmed":false,"spriteSourceSize":{"x":0,"y":0,"w":31,"h":28},"sourceSize":{"w":31,"h":28},"pivot":{"x":0.5,"y":0.5}},"middle-aged-explorer-asset-128.png":{"frame":{"x":986,"y":300,"w":30,"h":25},"rotated":false,"trimmed":false,"spriteSourceSize":{"x":0,"y":0,"w":30,"h":25},"sourceSize":{"w":30,"h":25},"pivot":{"x":0.5,"y":0.5}},"middle-aged-explorer-asset-67.png":{"frame":{"x":1149,"y":450,"w":18,"h":30},"rotated":false,"trimmed":false,"spriteSourceSize":{"x":0,"y":0,"w":18,"h":30},"sourceSize":{"w":18,"h":30},"pivot":{"x":0.5,"y":0.5}},"middle-aged-explorer-asset-123.png":{"frame":{"x":445,"y":1071,"w":27,"h":28},"rotated":false,"trimmed":false,"spriteSourceSize":{"x":0,"y":0,"w":27,"h":28},"sourceSize":{"w":27,"h":28},"pivot":{"x":0.5,"y":0.5}},"middle-aged-explorer-asset-117.png":{"frame":{"x":765,"y":356,"w":16,"h":21},"rotated":false,"trimmed":false,"spriteSourceSize":{"x":0,"y":0,"w":16,"h":21},"sourceSize":{"w":16,"h":21},"pivot":{"x":0.5,"y":0.5}},"middle-aged-explorer-asset-118.png":{"frame":{"x":377,"y":611,"w":21,"h":16},"rotated":false,"trimmed":false,"spriteSourceSize":{"x":0,"y":0,"w":21,"h":16},"sourceSize":{"w":21,"h":16},"pivot":{"x":0.5,"y":0.5}},"middle-aged-explorer-asset-121.png":{"frame":{"x":639,"y":821,"w":21,"h":19},"rotated":false,"trimmed":false,"spriteSourceSize":{"x":0,"y":0,"w":21,"h":19},"sourceSize":{"w":21,"h":19},"pivot":{"x":0.5,"y":0.5}},"middle-aged-explorer-asset-120.png":{"frame":{"x":909,"y":329,"w":14,"h":20},"rotated":false,"trimmed":false,"spriteSourceSize":{"x":0,"y":0,"w":14,"h":20},"sourceSize":{"w":14,"h":20},"pivot":{"x":0.5,"y":0.5}},"middle-aged-explorer-asset-4.png":{"frame":{"x":231,"y":1202,"w":12,"h":16},"rotated":false,"trimmed":false,"spriteSourceSize":{"x":0,"y":0,"w":12,"h":16},"sourceSize":{"w":12,"h":16},"pivot":{"x":0.5,"y":0.5}},"middle-aged-explorer-asset-7.png":{"frame":{"x":1088,"y":450,"w":5,"h":13},"rotated":false,"trimmed":false,"spriteSourceSize":{"x":0,"y":0,"w":5,"h":13},"sourceSize":{"w":5,"h":13},"pivot":{"x":0.5,"y":0.5}},"middle-aged-explorer-asset-1.png":{"frame":{"x":639,"y":987,"w":10,"h":10},"rotated":false,"trimmed":false,"spriteSourceSize":{"x":0,"y":0,"w":10,"h":10},"sourceSize":{"w":10,"h":10},"pivot":{"x":0.5,"y":0.5}},"middle-aged-explorer-asset-2.png":{"frame":{"x":127,"y":1065,"w":10,"h":10},"rotated":false,"trimmed":false,"spriteSourceSize":{"x":0,"y":0,"w":10,"h":10},"sourceSize":{"w":10,"h":10},"pivot":{"x":0.5,"y":0.5}},"heart-asset-6.png":{"frame":{"x":1151,"y":753,"w":51,"h":70},"rotated":false,"trimmed":false,"spriteSourceSize":{"x":0,"y":0,"w":51,"h":70},"sourceSize":{"w":51,"h":70},"pivot":{"x":0.5,"y":0.5}}},"meta":{"app":"http://github.com/odrick/free-tex-packer-core","version":"0.1.9","image":"character7.png","format":"RGBA8888","size":{"w":2048,"h":2048},"scale":1}}