﻿{"frames": {

"debris_target_default":
{
	"frame": {"x":376,"y":201,"w":14,"h":9},
	"rotated": false,
	"trimmed": false,
	"spriteSourceSize": {"x":0,"y":0,"w":14,"h":9},
	"sourceSize": {"w":14,"h":9}
},
"debris_target_metal":
{
	"frame": {"x":341,"y":213,"w":14,"h":9},
	"rotated": false,
	"trimmed": false,
	"spriteSourceSize": {"x":0,"y":0,"w":14,"h":9},
	"sourceSize": {"w":14,"h":9}
},
"decal_bullet_hole_default":
{
	"frame": {"x":434,"y":110,"w":11,"h":13},
	"rotated": false,
	"trimmed": false,
	"spriteSourceSize": {"x":0,"y":0,"w":11,"h":13},
	"sourceSize": {"w":11,"h":13}
},
"decal_bullet_hole_metal":
{
	"frame": {"x":364,"y":194,"w":11,"h":13},
	"rotated": false,
	"trimmed": false,
	"spriteSourceSize": {"x":0,"y":0,"w":11,"h":13},
	"sourceSize": {"w":11,"h":13}
},
"decal_crater":
{
	"frame": {"x":298,"y":57,"w":100,"h":101},
	"rotated": false,
	"trimmed": false,
	"spriteSourceSize": {"x":0,"y":0,"w":100,"h":101},
	"sourceSize": {"w":100,"h":101}
},
"decal_wall":
{
	"frame": {"x":0,"y":0,"w":297,"h":283},
	"rotated": false,
	"trimmed": false,
	"spriteSourceSize": {"x":0,"y":0,"w":297,"h":283},
	"sourceSize": {"w":297,"h":283}
},
"harrier":
{
	"frame": {"x":298,"y":0,"w":186,"h":56},
	"rotated": false,
	"trimmed": false,
	"spriteSourceSize": {"x":0,"y":0,"w":186,"h":56},
	"sourceSize": {"w":186,"h":56}
},
"harrier_weapon":
{
	"frame": {"x":298,"y":213,"w":42,"h":16},
	"rotated": false,
	"trimmed": false,
	"spriteSourceSize": {"x":0,"y":0,"w":42,"h":16},
	"sourceSize": {"w":42,"h":16}
},
"particle_dust":
{
	"frame": {"x":399,"y":177,"w":32,"h":33},
	"rotated": false,
	"trimmed": false,
	"spriteSourceSize": {"x":0,"y":0,"w":32,"h":33},
	"sourceSize": {"w":32,"h":33}
},
"rope_default":
{
	"frame": {"x":504,"y":117,"w":7,"h":24},
	"rotated": false,
	"trimmed": false,
	"spriteSourceSize": {"x":0,"y":0,"w":7,"h":24},
	"sourceSize": {"w":7,"h":24}
},
"rope_holder":
{
	"frame": {"x":405,"y":227,"w":9,"h":62},
	"rotated": false,
	"trimmed": false,
	"spriteSourceSize": {"x":0,"y":0,"w":9,"h":62},
	"sourceSize": {"w":9,"h":62}
},
"shell_12g":
{
	"frame": {"x":378,"y":248,"w":14,"h":7},
	"rotated": false,
	"trimmed": false,
	"spriteSourceSize": {"x":0,"y":0,"w":14,"h":7},
	"sourceSize": {"w":14,"h":7}
},
"shell_45acp":
{
	"frame": {"x":502,"y":234,"w":10,"h":5},
	"rotated": false,
	"trimmed": false,
	"spriteSourceSize": {"x":0,"y":0,"w":10,"h":5},
	"sourceSize": {"w":10,"h":5}
},
"shell_50bmg":
{
	"frame": {"x":376,"y":194,"w":21,"h":6},
	"rotated": false,
	"trimmed": false,
	"spriteSourceSize": {"x":0,"y":0,"w":21,"h":6},
	"sourceSize": {"w":21,"h":6}
},
"shell_50cal":
{
	"frame": {"x":478,"y":251,"w":12,"h":7},
	"rotated": false,
	"trimmed": false,
	"spriteSourceSize": {"x":0,"y":0,"w":12,"h":7},
	"sourceSize": {"w":12,"h":7}
},
"shell_556mm":
{
	"frame": {"x":487,"y":117,"w":16,"h":5},
	"rotated": false,
	"trimmed": false,
	"spriteSourceSize": {"x":0,"y":0,"w":16,"h":5},
	"sourceSize": {"w":16,"h":5}
},
"shell_762mm":
{
	"frame": {"x":459,"y":251,"w":18,"h":5},
	"rotated": false,
	"trimmed": false,
	"spriteSourceSize": {"x":0,"y":0,"w":18,"h":5},
	"sourceSize": {"w":18,"h":5}
},
"shell_9mm":
{
	"frame": {"x":504,"y":142,"w":8,"h":5},
	"rotated": false,
	"trimmed": false,
	"spriteSourceSize": {"x":0,"y":0,"w":8,"h":5},
	"sourceSize": {"w":8,"h":5}
},
"shell_casing":
{
	"frame": {"x":502,"y":228,"w":10,"h":5},
	"rotated": false,
	"trimmed": false,
	"spriteSourceSize": {"x":0,"y":0,"w":10,"h":5},
	"sourceSize": {"w":10,"h":5}
},
"soldier_body":
{
	"frame": {"x":417,"y":212,"w":20,"h":39},
	"rotated": false,
	"trimmed": false,
	"spriteSourceSize": {"x":0,"y":0,"w":20,"h":39},
	"sourceSize": {"w":20,"h":39}
},
"soldier_body_metal":
{
	"frame": {"x":438,"y":212,"w":20,"h":39},
	"rotated": false,
	"trimmed": false,
	"spriteSourceSize": {"x":0,"y":0,"w":20,"h":39},
	"sourceSize": {"w":20,"h":39}
},
"soldier_head":
{
	"frame": {"x":298,"y":230,"w":20,"h":21},
	"rotated": false,
	"trimmed": false,
	"spriteSourceSize": {"x":0,"y":0,"w":20,"h":21},
	"sourceSize": {"w":20,"h":21}
},
"soldier_head_metal":
{
	"frame": {"x":319,"y":230,"w":20,"h":21},
	"rotated": false,
	"trimmed": false,
	"spriteSourceSize": {"x":0,"y":0,"w":20,"h":21},
	"sourceSize": {"w":20,"h":21}
},
"soldier_tread":
{
	"frame": {"x":364,"y":211,"w":52,"h":15},
	"rotated": false,
	"trimmed": false,
	"spriteSourceSize": {"x":0,"y":0,"w":52,"h":15},
	"sourceSize": {"w":52,"h":15}
},
"soldier_weapon_default":
{
	"frame": {"x":459,"y":212,"w":48,"h":15},
	"rotated": false,
	"trimmed": false,
	"spriteSourceSize": {"x":0,"y":0,"w":48,"h":15},
	"sourceSize": {"w":48,"h":15}
},
"soldier_weapon_sniper":
{
	"frame": {"x":298,"y":159,"w":66,"h":20},
	"rotated": false,
	"trimmed": false,
	"spriteSourceSize": {"x":0,"y":0,"w":66,"h":20},
	"sourceSize": {"w":66,"h":20}
},
"soldier_wheel_large":
{
	"frame": {"x":365,"y":159,"w":33,"h":34},
	"rotated": false,
	"trimmed": false,
	"spriteSourceSize": {"x":0,"y":0,"w":33,"h":34},
	"sourceSize": {"w":33,"h":34}
},
"soldier_wheel_small":
{
	"frame": {"x":487,"y":92,"w":23,"h":24},
	"rotated": false,
	"trimmed": false,
	"spriteSourceSize": {"x":0,"y":0,"w":23,"h":24},
	"sourceSize": {"w":23,"h":24}
},
"star":
{
	"frame": {"x":399,"y":57,"w":52,"h":52},
	"rotated": false,
	"trimmed": false,
	"spriteSourceSize": {"x":0,"y":0,"w":52,"h":52},
	"sourceSize": {"w":52,"h":52}
},
"target_body":
{
	"frame": {"x":452,"y":57,"w":34,"h":66},
	"rotated": false,
	"trimmed": false,
	"spriteSourceSize": {"x":0,"y":0,"w":34,"h":66},
	"sourceSize": {"w":34,"h":66}
},
"target_body_gib_1":
{
	"frame": {"x":487,"y":46,"w":24,"h":45},
	"rotated": false,
	"trimmed": false,
	"spriteSourceSize": {"x":0,"y":0,"w":24,"h":45},
	"sourceSize": {"w":24,"h":45}
},
"target_body_gib_1_metal":
{
	"frame": {"x":485,"y":0,"w":25,"h":45},
	"rotated": false,
	"trimmed": false,
	"spriteSourceSize": {"x":0,"y":0,"w":25,"h":45},
	"sourceSize": {"w":25,"h":45}
},
"target_body_gib_2":
{
	"frame": {"x":434,"y":173,"w":34,"h":38},
	"rotated": false,
	"trimmed": false,
	"spriteSourceSize": {"x":0,"y":0,"w":34,"h":38},
	"sourceSize": {"w":34,"h":38}
},
"target_body_gib_2_metal":
{
	"frame": {"x":469,"y":173,"w":34,"h":38},
	"rotated": false,
	"trimmed": false,
	"spriteSourceSize": {"x":0,"y":0,"w":34,"h":38},
	"sourceSize": {"w":34,"h":38}
},
"target_body_gib_3":
{
	"frame": {"x":434,"y":124,"w":34,"h":48},
	"rotated": false,
	"trimmed": false,
	"spriteSourceSize": {"x":0,"y":0,"w":34,"h":48},
	"sourceSize": {"w":34,"h":48}
},
"target_body_gib_3_metal":
{
	"frame": {"x":469,"y":124,"w":34,"h":48},
	"rotated": false,
	"trimmed": false,
	"spriteSourceSize": {"x":0,"y":0,"w":34,"h":48},
	"sourceSize": {"w":34,"h":48}
},
"target_body_metal":
{
	"frame": {"x":399,"y":110,"w":34,"h":66},
	"rotated": false,
	"trimmed": false,
	"spriteSourceSize": {"x":0,"y":0,"w":34,"h":66},
	"sourceSize": {"w":34,"h":66}
},
"target_head":
{
	"frame": {"x":298,"y":180,"w":32,"h":32},
	"rotated": false,
	"trimmed": false,
	"spriteSourceSize": {"x":0,"y":0,"w":32,"h":32},
	"sourceSize": {"w":32,"h":32}
},
"target_head_gib_1":
{
	"frame": {"x":341,"y":227,"w":31,"h":20},
	"rotated": false,
	"trimmed": false,
	"spriteSourceSize": {"x":0,"y":0,"w":31,"h":20},
	"sourceSize": {"w":31,"h":20}
},
"target_head_gib_1_metal":
{
	"frame": {"x":373,"y":227,"w":31,"h":20},
	"rotated": false,
	"trimmed": false,
	"spriteSourceSize": {"x":0,"y":0,"w":31,"h":20},
	"sourceSize": {"w":31,"h":20}
},
"target_head_gib_2":
{
	"frame": {"x":340,"y":248,"w":18,"h":23},
	"rotated": false,
	"trimmed": false,
	"spriteSourceSize": {"x":0,"y":0,"w":18,"h":23},
	"sourceSize": {"w":18,"h":23}
},
"target_head_gib_2_metal":
{
	"frame": {"x":359,"y":248,"w":18,"h":23},
	"rotated": false,
	"trimmed": false,
	"spriteSourceSize": {"x":0,"y":0,"w":18,"h":23},
	"sourceSize": {"w":18,"h":23}
},
"target_head_gib_3":
{
	"frame": {"x":481,"y":228,"w":20,"h":22},
	"rotated": false,
	"trimmed": false,
	"spriteSourceSize": {"x":0,"y":0,"w":20,"h":22},
	"sourceSize": {"w":20,"h":22}
},
"target_head_gib_3_metal":
{
	"frame": {"x":459,"y":228,"w":21,"h":22},
	"rotated": false,
	"trimmed": false,
	"spriteSourceSize": {"x":0,"y":0,"w":21,"h":22},
	"sourceSize": {"w":21,"h":22}
},
"target_head_metal":
{
	"frame": {"x":331,"y":180,"w":32,"h":32},
	"rotated": false,
	"trimmed": false,
	"spriteSourceSize": {"x":0,"y":0,"w":32,"h":32},
	"sourceSize": {"w":32,"h":32}
}},
"meta": {
	"app": "Adobe Animate",
	"version": "16.5.0.100",
	"image": "atlas_objects.png",
	"format": "RGBA8888",
	"size": {"w":512,"h":512},
	"scale": "1"
}
}
