{"frames":{"irresponsible-mom-asset-220.png":{"frame":{"x":2,"y":2,"w":558,"h":266},"rotated":false,"trimmed":false,"spriteSourceSize":{"x":0,"y":0,"w":558,"h":266},"sourceSize":{"w":558,"h":266},"pivot":{"x":0.5,"y":0.5}},"irresponsible-mom-asset-222.png":{"frame":{"x":2,"y":272,"w":311,"h":101},"rotated":false,"trimmed":true,"spriteSourceSize":{"x":0,"y":0,"w":311,"h":101},"sourceSize":{"w":311,"h":102},"pivot":{"x":0.5,"y":0.5}},"irresponsible-mom-asset-223.png":{"frame":{"x":2,"y":377,"w":284,"h":191},"rotated":false,"trimmed":false,"spriteSourceSize":{"x":0,"y":0,"w":284,"h":191},"sourceSize":{"w":284,"h":191},"pivot":{"x":0.5,"y":0.5}},"irresponsible-mom-asset-178.png":{"frame":{"x":317,"y":272,"w":222,"h":205},"rotated":false,"trimmed":false,"spriteSourceSize":{"x":0,"y":0,"w":222,"h":205},"sourceSize":{"w":222,"h":205},"pivot":{"x":0.5,"y":0.5}},"irresponsible-mom-asset-221.png":{"frame":{"x":290,"y":481,"w":202,"h":77},"rotated":false,"trimmed":false,"spriteSourceSize":{"x":0,"y":0,"w":202,"h":77},"sourceSize":{"w":202,"h":77},"pivot":{"x":0.5,"y":0.5}},"irresponsible-mom-asset-177.png":{"frame":{"x":564,"y":2,"w":195,"h":90},"rotated":false,"trimmed":false,"spriteSourceSize":{"x":0,"y":0,"w":195,"h":90},"sourceSize":{"w":195,"h":90},"pivot":{"x":0.5,"y":0.5}},"irresponsible-mom-asset-227.png":{"frame":{"x":564,"y":96,"w":195,"h":195},"rotated":false,"trimmed":false,"spriteSourceSize":{"x":0,"y":0,"w":195,"h":195},"sourceSize":{"w":195,"h":195},"pivot":{"x":0.5,"y":0.5}},"irresponsible-mom-asset-219.png":{"frame":{"x":543,"y":295,"w":187,"h":88},"rotated":false,"trimmed":true,"spriteSourceSize":{"x":0,"y":0,"w":187,"h":88},"sourceSize":{"w":188,"h":88},"pivot":{"x":0.5,"y":0.5}},"irresponsible-mom-asset-228.png":{"frame":{"x":543,"y":387,"w":170,"h":173},"rotated":false,"trimmed":true,"spriteSourceSize":{"x":0,"y":0,"w":170,"h":173},"sourceSize":{"w":171,"h":174},"pivot":{"x":0.5,"y":0.5}},"irresponsible-mom-asset-246.png":{"frame":{"x":2,"y":572,"w":66,"h":145},"rotated":false,"trimmed":false,"spriteSourceSize":{"x":0,"y":0,"w":66,"h":145},"sourceSize":{"w":66,"h":145},"pivot":{"x":0.5,"y":0.5}},"irresponsible-mom-asset-254.png":{"frame":{"x":72,"y":572,"w":66,"h":145},"rotated":false,"trimmed":false,"spriteSourceSize":{"x":0,"y":0,"w":66,"h":145},"sourceSize":{"w":66,"h":145},"pivot":{"x":0.5,"y":0.5}},"irresponsible-mom-asset-244.png":{"frame":{"x":142,"y":572,"w":56,"h":142},"rotated":false,"trimmed":false,"spriteSourceSize":{"x":0,"y":0,"w":56,"h":142},"sourceSize":{"w":56,"h":142},"pivot":{"x":0.5,"y":0.5}},"irresponsible-mom-asset-252.png":{"frame":{"x":202,"y":572,"w":56,"h":142},"rotated":false,"trimmed":false,"spriteSourceSize":{"x":0,"y":0,"w":56,"h":142},"sourceSize":{"w":56,"h":142},"pivot":{"x":0.5,"y":0.5}},"irresponsible-mom-asset-243.png":{"frame":{"x":262,"y":572,"w":66,"h":139},"rotated":false,"trimmed":false,"spriteSourceSize":{"x":0,"y":0,"w":66,"h":139},"sourceSize":{"w":66,"h":139},"pivot":{"x":0.5,"y":0.5}},"irresponsible-mom-asset-251.png":{"frame":{"x":332,"y":564,"w":66,"h":139},"rotated":false,"trimmed":false,"spriteSourceSize":{"x":0,"y":0,"w":66,"h":139},"sourceSize":{"w":66,"h":139},"pivot":{"x":0.5,"y":0.5}},"irresponsible-mom-asset-240.png":{"frame":{"x":402,"y":564,"w":56,"h":136},"rotated":false,"trimmed":false,"spriteSourceSize":{"x":0,"y":0,"w":56,"h":136},"sourceSize":{"w":56,"h":136},"pivot":{"x":0.5,"y":0.5}},"irresponsible-mom-asset-248.png":{"frame":{"x":462,"y":564,"w":56,"h":136},"rotated":false,"trimmed":false,"spriteSourceSize":{"x":0,"y":0,"w":56,"h":136},"sourceSize":{"w":56,"h":136},"pivot":{"x":0.5,"y":0.5}},"irresponsible-mom-asset-264.png":{"frame":{"x":717,"y":387,"w":35,"h":132},"rotated":false,"trimmed":false,"spriteSourceSize":{"x":0,"y":0,"w":35,"h":132},"sourceSize":{"w":35,"h":132},"pivot":{"x":0.5,"y":0.5}},"irresponsible-mom-asset-263.png":{"frame":{"x":717,"y":523,"w":35,"h":131},"rotated":false,"trimmed":false,"spriteSourceSize":{"x":0,"y":0,"w":35,"h":131},"sourceSize":{"w":35,"h":131},"pivot":{"x":0.5,"y":0.5}},"irresponsible-mom-asset-258.png":{"frame":{"x":522,"y":564,"w":35,"h":130},"rotated":false,"trimmed":false,"spriteSourceSize":{"x":0,"y":0,"w":35,"h":130},"sourceSize":{"w":35,"h":130},"pivot":{"x":0.5,"y":0.5}},"irresponsible-mom-asset-259.png":{"frame":{"x":561,"y":564,"w":42,"h":130},"rotated":false,"trimmed":false,"spriteSourceSize":{"x":0,"y":0,"w":42,"h":130},"sourceSize":{"w":42,"h":130},"pivot":{"x":0.5,"y":0.5}},"irresponsible-mom-asset-241.png":{"frame":{"x":607,"y":564,"w":56,"h":123},"rotated":false,"trimmed":false,"spriteSourceSize":{"x":0,"y":0,"w":56,"h":123},"sourceSize":{"w":56,"h":123},"pivot":{"x":0.5,"y":0.5}},"irresponsible-mom-asset-249.png":{"frame":{"x":2,"y":721,"w":56,"h":123},"rotated":false,"trimmed":false,"spriteSourceSize":{"x":0,"y":0,"w":56,"h":123},"sourceSize":{"w":56,"h":123},"pivot":{"x":0.5,"y":0.5}},"irresponsible-mom-asset-262.png":{"frame":{"x":62,"y":721,"w":35,"h":123},"rotated":false,"trimmed":false,"spriteSourceSize":{"x":0,"y":0,"w":35,"h":123},"sourceSize":{"w":35,"h":123},"pivot":{"x":0.5,"y":0.5}},"irresponsible-mom-asset-256.png":{"frame":{"x":101,"y":721,"w":35,"h":122},"rotated":false,"trimmed":false,"spriteSourceSize":{"x":0,"y":0,"w":35,"h":122},"sourceSize":{"w":35,"h":122},"pivot":{"x":0.5,"y":0.5}},"irresponsible-mom-asset-261.png":{"frame":{"x":140,"y":721,"w":35,"h":122},"rotated":false,"trimmed":false,"spriteSourceSize":{"x":0,"y":0,"w":35,"h":122},"sourceSize":{"w":35,"h":122},"pivot":{"x":0.5,"y":0.5}},"irresponsible-mom-asset-257.png":{"frame":{"x":667,"y":564,"w":42,"h":121},"rotated":false,"trimmed":false,"spriteSourceSize":{"x":0,"y":0,"w":42,"h":121},"sourceSize":{"w":42,"h":121},"pivot":{"x":0.5,"y":0.5}},"irresponsible-mom-asset-270.png":{"frame":{"x":179,"y":718,"w":32,"h":115},"rotated":false,"trimmed":false,"spriteSourceSize":{"x":0,"y":0,"w":32,"h":115},"sourceSize":{"w":32,"h":115},"pivot":{"x":0.5,"y":0.5}},"irresponsible-mom-asset-273.png":{"frame":{"x":215,"y":718,"w":32,"h":115},"rotated":false,"trimmed":false,"spriteSourceSize":{"x":0,"y":0,"w":32,"h":115},"sourceSize":{"w":32,"h":115},"pivot":{"x":0.5,"y":0.5}},"irresponsible-mom-asset-247.png":{"frame":{"x":251,"y":718,"w":66,"h":114},"rotated":false,"trimmed":false,"spriteSourceSize":{"x":0,"y":0,"w":66,"h":114},"sourceSize":{"w":66,"h":114},"pivot":{"x":0.5,"y":0.5}},"irresponsible-mom-asset-255.png":{"frame":{"x":321,"y":715,"w":66,"h":114},"rotated":false,"trimmed":false,"spriteSourceSize":{"x":0,"y":0,"w":66,"h":114},"sourceSize":{"w":66,"h":114},"pivot":{"x":0.5,"y":0.5}},"irresponsible-mom-asset-267.png":{"frame":{"x":713,"y":658,"w":28,"h":110},"rotated":false,"trimmed":false,"spriteSourceSize":{"x":0,"y":0,"w":28,"h":110},"sourceSize":{"w":28,"h":110},"pivot":{"x":0.5,"y":0.5}},"irresponsible-mom-asset-271.png":{"frame":{"x":667,"y":689,"w":30,"h":110},"rotated":false,"trimmed":false,"spriteSourceSize":{"x":0,"y":0,"w":30,"h":110},"sourceSize":{"w":30,"h":110},"pivot":{"x":0.5,"y":0.5}},"irresponsible-mom-asset-278.png":{"frame":{"x":607,"y":691,"w":29,"h":109},"rotated":false,"trimmed":false,"spriteSourceSize":{"x":0,"y":0,"w":29,"h":109},"sourceSize":{"w":29,"h":109},"pivot":{"x":0.5,"y":0.5}},"irresponsible-mom-asset-275.png":{"frame":{"x":391,"y":707,"w":27,"h":107},"rotated":false,"trimmed":false,"spriteSourceSize":{"x":0,"y":0,"w":27,"h":107},"sourceSize":{"w":27,"h":107},"pivot":{"x":0.5,"y":0.5}},"irresponsible-mom-asset-279.png":{"frame":{"x":422,"y":704,"w":28,"h":107},"rotated":false,"trimmed":false,"spriteSourceSize":{"x":0,"y":0,"w":28,"h":107},"sourceSize":{"w":28,"h":107},"pivot":{"x":0.5,"y":0.5}},"irresponsible-mom-asset-173.png":{"frame":{"x":422,"y":815,"w":96,"h":29},"rotated":false,"trimmed":false,"spriteSourceSize":{"x":0,"y":0,"w":96,"h":29},"sourceSize":{"w":96,"h":29},"pivot":{"x":0.5,"y":0.5}},"irresponsible-mom-asset-172.png":{"frame":{"x":454,"y":704,"w":32,"h":94},"rotated":false,"trimmed":false,"spriteSourceSize":{"x":0,"y":0,"w":32,"h":94},"sourceSize":{"w":32,"h":94},"pivot":{"x":0.5,"y":0.5}},"irresponsible-mom-asset-175.png":{"frame":{"x":490,"y":704,"w":32,"h":94},"rotated":false,"trimmed":false,"spriteSourceSize":{"x":0,"y":0,"w":32,"h":94},"sourceSize":{"w":32,"h":94},"pivot":{"x":0.5,"y":0.5}},"irresponsible-mom-asset-225.png":{"frame":{"x":734,"y":295,"w":88,"h":88},"rotated":false,"trimmed":false,"spriteSourceSize":{"x":0,"y":0,"w":88,"h":88},"sourceSize":{"w":88,"h":88},"pivot":{"x":0.5,"y":0.5}},"irresponsible-mom-asset-147.png":{"frame":{"x":526,"y":698,"w":34,"h":87},"rotated":false,"trimmed":false,"spriteSourceSize":{"x":0,"y":0,"w":34,"h":87},"sourceSize":{"w":34,"h":87},"pivot":{"x":0.5,"y":0.5}},"irresponsible-mom-asset-274.png":{"frame":{"x":564,"y":698,"w":32,"h":85},"rotated":false,"trimmed":false,"spriteSourceSize":{"x":0,"y":0,"w":32,"h":85},"sourceSize":{"w":32,"h":85},"pivot":{"x":0.5,"y":0.5}},"irresponsible-mom-asset-237.png":{"frame":{"x":763,"y":2,"w":57,"h":80},"rotated":false,"trimmed":false,"spriteSourceSize":{"x":0,"y":0,"w":57,"h":80},"sourceSize":{"w":57,"h":80},"pivot":{"x":0.5,"y":0.5}},"irresponsible-mom-asset-268.png":{"frame":{"x":763,"y":86,"w":28,"h":80},"rotated":false,"trimmed":false,"spriteSourceSize":{"x":0,"y":0,"w":28,"h":80},"sourceSize":{"w":28,"h":80},"pivot":{"x":0.5,"y":0.5}},"irresponsible-mom-asset-276.png":{"frame":{"x":496,"y":481,"w":27,"h":79},"rotated":false,"trimmed":false,"spriteSourceSize":{"x":0,"y":0,"w":27,"h":79},"sourceSize":{"w":27,"h":79},"pivot":{"x":0.5,"y":0.5}},"irresponsible-mom-asset-224.png":{"frame":{"x":526,"y":789,"w":76,"h":50},"rotated":false,"trimmed":false,"spriteSourceSize":{"x":0,"y":0,"w":76,"h":50},"sourceSize":{"w":76,"h":50},"pivot":{"x":0.5,"y":0.5}},"irresponsible-mom-asset-174.png":{"frame":{"x":701,"y":772,"w":69,"h":72},"rotated":false,"trimmed":false,"spriteSourceSize":{"x":0,"y":0,"w":69,"h":72},"sourceSize":{"w":69,"h":72},"pivot":{"x":0.5,"y":0.5}},"irresponsible-mom-asset-176.png":{"frame":{"x":774,"y":387,"w":69,"h":72},"rotated":false,"trimmed":false,"spriteSourceSize":{"x":0,"y":0,"w":69,"h":72},"sourceSize":{"w":69,"h":72},"pivot":{"x":0.5,"y":0.5}},"irresponsible-mom-asset-260.png":{"frame":{"x":606,"y":804,"w":71,"h":35},"rotated":false,"trimmed":false,"spriteSourceSize":{"x":0,"y":0,"w":71,"h":35},"sourceSize":{"w":71,"h":35},"pivot":{"x":0.5,"y":0.5}},"irresponsible-mom-asset-265.png":{"frame":{"x":774,"y":463,"w":71,"h":35},"rotated":false,"trimmed":false,"spriteSourceSize":{"x":0,"y":0,"w":71,"h":35},"sourceSize":{"w":71,"h":35},"pivot":{"x":0.5,"y":0.5}},"irresponsible-mom-asset-266.png":{"frame":{"x":774,"y":502,"w":71,"h":41},"rotated":false,"trimmed":false,"spriteSourceSize":{"x":0,"y":0,"w":71,"h":41},"sourceSize":{"w":71,"h":41},"pivot":{"x":0.5,"y":0.5}},"irresponsible-mom-asset-236.png":{"frame":{"x":795,"y":86,"w":46,"h":70},"rotated":false,"trimmed":false,"spriteSourceSize":{"x":0,"y":0,"w":46,"h":70},"sourceSize":{"w":46,"h":70},"pivot":{"x":0.5,"y":0.5}},"irresponsible-mom-asset-269.png":{"frame":{"x":826,"y":160,"w":25,"h":70},"rotated":false,"trimmed":false,"spriteSourceSize":{"x":0,"y":0,"w":25,"h":70},"sourceSize":{"w":25,"h":70},"pivot":{"x":0.5,"y":0.5}},"irresponsible-mom-asset-272.png":{"frame":{"x":824,"y":2,"w":27,"h":70},"rotated":false,"trimmed":false,"spriteSourceSize":{"x":0,"y":0,"w":27,"h":70},"sourceSize":{"w":27,"h":70},"pivot":{"x":0.5,"y":0.5}},"irresponsible-mom-asset-238.png":{"frame":{"x":763,"y":170,"w":56,"h":69},"rotated":false,"trimmed":false,"spriteSourceSize":{"x":0,"y":0,"w":56,"h":69},"sourceSize":{"w":56,"h":69},"pivot":{"x":0.5,"y":0.5}},"irresponsible-mom-asset-245.png":{"frame":{"x":774,"y":547,"w":40,"h":69},"rotated":false,"trimmed":false,"spriteSourceSize":{"x":0,"y":0,"w":40,"h":69},"sourceSize":{"w":40,"h":69},"pivot":{"x":0.5,"y":0.5}},"irresponsible-mom-asset-253.png":{"frame":{"x":774,"y":620,"w":40,"h":69},"rotated":false,"trimmed":false,"spriteSourceSize":{"x":0,"y":0,"w":40,"h":69},"sourceSize":{"w":40,"h":69},"pivot":{"x":0.5,"y":0.5}},"irresponsible-mom-asset-152.png":{"frame":{"x":745,"y":693,"w":48,"h":68},"rotated":false,"trimmed":false,"spriteSourceSize":{"x":0,"y":0,"w":48,"h":68},"sourceSize":{"w":48,"h":68},"pivot":{"x":0.5,"y":0.5}},"irresponsible-mom-asset-239.png":{"frame":{"x":774,"y":765,"w":59,"h":68},"rotated":false,"trimmed":false,"spriteSourceSize":{"x":0,"y":0,"w":59,"h":68},"sourceSize":{"w":59,"h":68},"pivot":{"x":0.5,"y":0.5}},"irresponsible-mom-asset-233.png":{"frame":{"x":2,"y":848,"w":66,"h":54},"rotated":false,"trimmed":false,"spriteSourceSize":{"x":0,"y":0,"w":66,"h":54},"sourceSize":{"w":66,"h":54},"pivot":{"x":0.5,"y":0.5}},"irresponsible-mom-asset-277.png":{"frame":{"x":251,"y":836,"w":24,"h":66},"rotated":false,"trimmed":false,"spriteSourceSize":{"x":0,"y":0,"w":24,"h":66},"sourceSize":{"w":24,"h":66},"pivot":{"x":0.5,"y":0.5}},"irresponsible-mom-asset-157.png":{"frame":{"x":179,"y":837,"w":64,"h":39},"rotated":false,"trimmed":false,"spriteSourceSize":{"x":0,"y":0,"w":64,"h":39},"sourceSize":{"w":64,"h":39},"pivot":{"x":0.5,"y":0.5}},"irresponsible-mom-asset-229.png":{"frame":{"x":763,"y":243,"w":64,"h":43},"rotated":false,"trimmed":false,"spriteSourceSize":{"x":0,"y":0,"w":64,"h":43},"sourceSize":{"w":64,"h":43},"pivot":{"x":0.5,"y":0.5}},"irresponsible-mom-asset-242.png":{"frame":{"x":774,"y":837,"w":40,"h":63},"rotated":false,"trimmed":false,"spriteSourceSize":{"x":0,"y":0,"w":40,"h":63},"sourceSize":{"w":40,"h":63},"pivot":{"x":0.5,"y":0.5}},"irresponsible-mom-asset-250.png":{"frame":{"x":279,"y":836,"w":40,"h":63},"rotated":false,"trimmed":false,"spriteSourceSize":{"x":0,"y":0,"w":40,"h":63},"sourceSize":{"w":40,"h":63},"pivot":{"x":0.5,"y":0.5}},"irresponsible-mom-asset-168.png":{"frame":{"x":818,"y":547,"w":31,"h":62},"rotated":false,"trimmed":false,"spriteSourceSize":{"x":0,"y":0,"w":31,"h":62},"sourceSize":{"w":31,"h":62},"pivot":{"x":0.5,"y":0.5}},"irresponsible-mom-asset-162.png":{"frame":{"x":101,"y":847,"w":61,"h":32},"rotated":false,"trimmed":false,"spriteSourceSize":{"x":0,"y":0,"w":61,"h":32},"sourceSize":{"w":61,"h":32},"pivot":{"x":0.5,"y":0.5}},"irresponsible-mom-asset-164.png":{"frame":{"x":323,"y":848,"w":60,"h":29},"rotated":false,"trimmed":false,"spriteSourceSize":{"x":0,"y":0,"w":60,"h":29},"sourceSize":{"w":60,"h":29},"pivot":{"x":0.5,"y":0.5}},"irresponsible-mom-asset-230.png":{"frame":{"x":797,"y":693,"w":45,"h":60},"rotated":false,"trimmed":false,"spriteSourceSize":{"x":0,"y":0,"w":45,"h":60},"sourceSize":{"w":45,"h":60},"pivot":{"x":0.5,"y":0.5}},"irresponsible-mom-asset-153.png":{"frame":{"x":522,"y":843,"w":39,"h":59},"rotated":false,"trimmed":false,"spriteSourceSize":{"x":0,"y":0,"w":39,"h":59},"sourceSize":{"w":39,"h":59},"pivot":{"x":0.5,"y":0.5}},"irresponsible-mom-asset-160.png":{"frame":{"x":387,"y":848,"w":59,"h":49},"rotated":false,"trimmed":false,"spriteSourceSize":{"x":0,"y":0,"w":59,"h":49},"sourceSize":{"w":59,"h":49},"pivot":{"x":0.5,"y":0.5}},"irresponsible-mom-asset-151.png":{"frame":{"x":565,"y":843,"w":48,"h":58},"rotated":false,"trimmed":false,"spriteSourceSize":{"x":0,"y":0,"w":48,"h":58},"sourceSize":{"w":48,"h":58},"pivot":{"x":0.5,"y":0.5}},"irresponsible-mom-asset-154.png":{"frame":{"x":617,"y":843,"w":50,"h":58},"rotated":false,"trimmed":false,"spriteSourceSize":{"x":0,"y":0,"w":50,"h":58},"sourceSize":{"w":50,"h":58},"pivot":{"x":0.5,"y":0.5}},"irresponsible-mom-asset-156.png":{"frame":{"x":855,"y":2,"w":45,"h":57},"rotated":false,"trimmed":false,"spriteSourceSize":{"x":0,"y":0,"w":45,"h":57},"sourceSize":{"w":45,"h":57},"pivot":{"x":0.5,"y":0.5}},"irresponsible-mom-asset-163.png":{"frame":{"x":855,"y":63,"w":38,"h":57},"rotated":false,"trimmed":false,"spriteSourceSize":{"x":0,"y":0,"w":38,"h":57},"sourceSize":{"w":38,"h":57},"pivot":{"x":0.5,"y":0.5}},"irresponsible-mom-asset-150.png":{"frame":{"x":837,"y":757,"w":55,"h":33},"rotated":false,"trimmed":false,"spriteSourceSize":{"x":0,"y":0,"w":55,"h":33},"sourceSize":{"w":55,"h":33},"pivot":{"x":0.5,"y":0.5}},"irresponsible-mom-asset-169.png":{"frame":{"x":450,"y":848,"w":55,"h":47},"rotated":false,"trimmed":false,"spriteSourceSize":{"x":0,"y":0,"w":55,"h":47},"sourceSize":{"w":55,"h":47},"pivot":{"x":0.5,"y":0.5}},"irresponsible-mom-asset-234.png":{"frame":{"x":849,"y":234,"w":49,"h":55},"rotated":false,"trimmed":false,"spriteSourceSize":{"x":0,"y":0,"w":49,"h":55},"sourceSize":{"w":49,"h":55},"pivot":{"x":0.5,"y":0.5}},"irresponsible-mom-asset-235.png":{"frame":{"x":847,"y":293,"w":53,"h":55},"rotated":false,"trimmed":false,"spriteSourceSize":{"x":0,"y":0,"w":53,"h":55},"sourceSize":{"w":53,"h":55},"pivot":{"x":0.5,"y":0.5}},"irresponsible-mom-asset-158.png":{"frame":{"x":671,"y":848,"w":41,"h":54},"rotated":false,"trimmed":false,"spriteSourceSize":{"x":0,"y":0,"w":41,"h":54},"sourceSize":{"w":41,"h":54},"pivot":{"x":0.5,"y":0.5}},"irresponsible-mom-asset-155.png":{"frame":{"x":847,"y":352,"w":53,"h":39},"rotated":false,"trimmed":false,"spriteSourceSize":{"x":0,"y":0,"w":53,"h":39},"sourceSize":{"w":53,"h":39},"pivot":{"x":0.5,"y":0.5}},"irresponsible-mom-asset-165.png":{"frame":{"x":72,"y":848,"w":20,"h":53},"rotated":false,"trimmed":false,"spriteSourceSize":{"x":0,"y":0,"w":20,"h":53},"sourceSize":{"w":20,"h":53},"pivot":{"x":0.5,"y":0.5}},"irresponsible-mom-asset-167.png":{"frame":{"x":847,"y":395,"w":52,"h":44},"rotated":false,"trimmed":false,"spriteSourceSize":{"x":0,"y":0,"w":52,"h":44},"sourceSize":{"w":52,"h":44},"pivot":{"x":0.5,"y":0.5}},"irresponsible-mom-asset-159.png":{"frame":{"x":855,"y":124,"w":44,"h":50},"rotated":false,"trimmed":false,"spriteSourceSize":{"x":0,"y":0,"w":44,"h":50},"sourceSize":{"w":44,"h":50},"pivot":{"x":0.5,"y":0.5}},"irresponsible-mom-asset-161.png":{"frame":{"x":853,"y":443,"w":47,"h":49},"rotated":false,"trimmed":false,"spriteSourceSize":{"x":0,"y":0,"w":47,"h":49},"sourceSize":{"w":47,"h":49},"pivot":{"x":0.5,"y":0.5}},"irresponsible-mom-asset-170.png":{"frame":{"x":853,"y":496,"w":47,"h":24},"rotated":false,"trimmed":false,"spriteSourceSize":{"x":0,"y":0,"w":47,"h":24},"sourceSize":{"w":47,"h":24},"pivot":{"x":0.5,"y":0.5}},"irresponsible-mom-asset-149.png":{"frame":{"x":855,"y":178,"w":45,"h":16},"rotated":false,"trimmed":false,"spriteSourceSize":{"x":0,"y":0,"w":45,"h":16},"sourceSize":{"w":45,"h":16},"pivot":{"x":0.5,"y":0.5}},"irresponsible-mom-asset-226.png":{"frame":{"x":855,"y":198,"w":30,"h":30},"rotated":false,"trimmed":false,"spriteSourceSize":{"x":0,"y":0,"w":30,"h":30},"sourceSize":{"w":30,"h":30},"pivot":{"x":0.5,"y":0.5}},"irresponsible-mom-asset-171.png":{"frame":{"x":290,"y":377,"w":20,"h":27},"rotated":false,"trimmed":false,"spriteSourceSize":{"x":0,"y":0,"w":20,"h":27},"sourceSize":{"w":20,"h":27},"pivot":{"x":0.5,"y":0.5}},"irresponsible-mom-asset-148.png":{"frame":{"x":756,"y":387,"w":13,"h":23},"rotated":false,"trimmed":false,"spriteSourceSize":{"x":0,"y":0,"w":13,"h":23},"sourceSize":{"w":13,"h":23},"pivot":{"x":0.5,"y":0.5}},"irresponsible-mom-asset-166.png":{"frame":{"x":640,"y":691,"w":23,"h":23},"rotated":false,"trimmed":false,"spriteSourceSize":{"x":0,"y":0,"w":23,"h":23},"sourceSize":{"w":23,"h":23},"pivot":{"x":0.5,"y":0.5}},"irresponsible-mom-asset-232.png":{"frame":{"x":847,"y":352,"w":53,"h":39},"rotated":false,"trimmed":false,"spriteSourceSize":{"x":0,"y":0,"w":53,"h":39},"sourceSize":{"w":53,"h":39},"pivot":{"x":0.5,"y":0.5}},"irresponsible-mom-asset-231.png":{"frame":{"x":671,"y":848,"w":41,"h":54},"rotated":false,"trimmed":false,"spriteSourceSize":{"x":0,"y":0,"w":41,"h":54},"sourceSize":{"w":41,"h":54},"pivot":{"x":0.5,"y":0.5}}},"meta":{"app":"http://github.com/odrick/free-tex-packer-core","version":"0.1.9","image":"c.png","format":"RGBA8888","size":{"w":2048,"h":2048},"scale":1}}