{"frames":{"irresponsible-mom-asset-297.png":{"frame":{"x":2,"y":2,"w":563,"h":292},"rotated":false,"trimmed":false,"spriteSourceSize":{"x":0,"y":0,"w":563,"h":292},"sourceSize":{"w":563,"h":292},"pivot":{"x":0.5,"y":0.5}},"irresponsible-mom-asset-298.png":{"frame":{"x":2,"y":298,"w":446,"h":300},"rotated":false,"trimmed":false,"spriteSourceSize":{"x":0,"y":0,"w":446,"h":300},"sourceSize":{"w":446,"h":300},"pivot":{"x":0.5,"y":0.5}},"irresponsible-mom-asset-301.png":{"frame":{"x":569,"y":2,"w":148,"h":297},"rotated":false,"trimmed":false,"spriteSourceSize":{"x":0,"y":0,"w":148,"h":297},"sourceSize":{"w":148,"h":297},"pivot":{"x":0.5,"y":0.5}},"irresponsible-mom-asset-304.png":{"frame":{"x":2,"y":602,"w":148,"h":297},"rotated":false,"trimmed":false,"spriteSourceSize":{"x":0,"y":0,"w":148,"h":297},"sourceSize":{"w":148,"h":297},"pivot":{"x":0.5,"y":0.5}},"irresponsible-mom-asset-302.png":{"frame":{"x":154,"y":602,"w":270,"h":270},"rotated":false,"trimmed":false,"spriteSourceSize":{"x":0,"y":0,"w":270,"h":270},"sourceSize":{"w":270,"h":270},"pivot":{"x":0.5,"y":0.5}},"irresponsible-mom-asset-300.png":{"frame":{"x":452,"y":303,"w":261,"h":265},"rotated":false,"trimmed":true,"spriteSourceSize":{"x":0,"y":0,"w":261,"h":265},"sourceSize":{"w":262,"h":266},"pivot":{"x":0.5,"y":0.5}},"irresponsible-mom-asset-299.png":{"frame":{"x":452,"y":572,"w":251,"h":95},"rotated":false,"trimmed":false,"spriteSourceSize":{"x":0,"y":0,"w":251,"h":95},"sourceSize":{"w":251,"h":95},"pivot":{"x":0.5,"y":0.5}},"irresponsible-mom-asset-307.png":{"frame":{"x":721,"y":2,"w":241,"h":246},"rotated":false,"trimmed":false,"spriteSourceSize":{"x":0,"y":0,"w":241,"h":246},"sourceSize":{"w":241,"h":246},"pivot":{"x":0.5,"y":0.5}},"irresponsible-mom-asset-288.png":{"frame":{"x":428,"y":671,"w":69,"h":122},"rotated":false,"trimmed":false,"spriteSourceSize":{"x":0,"y":0,"w":69,"h":122},"sourceSize":{"w":69,"h":122},"pivot":{"x":0.5,"y":0.5}},"irresponsible-mom-asset-287.png":{"frame":{"x":501,"y":671,"w":61,"h":114},"rotated":false,"trimmed":false,"spriteSourceSize":{"x":0,"y":0,"w":61,"h":114},"sourceSize":{"w":61,"h":114},"pivot":{"x":0.5,"y":0.5}},"irresponsible-mom-asset-281.png":{"frame":{"x":501,"y":789,"w":29,"h":109},"rotated":false,"trimmed":false,"spriteSourceSize":{"x":0,"y":0,"w":29,"h":109},"sourceSize":{"w":29,"h":109},"pivot":{"x":0.5,"y":0.5}},"irresponsible-mom-asset-286.png":{"frame":{"x":428,"y":797,"w":28,"h":100},"rotated":false,"trimmed":false,"spriteSourceSize":{"x":0,"y":0,"w":28,"h":100},"sourceSize":{"w":28,"h":100},"pivot":{"x":0.5,"y":0.5}},"irresponsible-mom-asset-283.png":{"frame":{"x":460,"y":797,"w":27,"h":98},"rotated":false,"trimmed":false,"spriteSourceSize":{"x":0,"y":0,"w":27,"h":98},"sourceSize":{"w":27,"h":98},"pivot":{"x":0.5,"y":0.5}},"irresponsible-mom-asset-285.png":{"frame":{"x":534,"y":789,"w":27,"h":98},"rotated":false,"trimmed":false,"spriteSourceSize":{"x":0,"y":0,"w":27,"h":98},"sourceSize":{"w":27,"h":98},"pivot":{"x":0.5,"y":0.5}},"irresponsible-mom-asset-284.png":{"frame":{"x":565,"y":789,"w":27,"h":94},"rotated":false,"trimmed":false,"spriteSourceSize":{"x":0,"y":0,"w":27,"h":94},"sourceSize":{"w":27,"h":94},"pivot":{"x":0.5,"y":0.5}},"irresponsible-mom-asset-295.png":{"frame":{"x":566,"y":671,"w":77,"h":90},"rotated":false,"trimmed":false,"spriteSourceSize":{"x":0,"y":0,"w":77,"h":90},"sourceSize":{"w":77,"h":90},"pivot":{"x":0.5,"y":0.5}},"irresponsible-mom-asset-305.png":{"frame":{"x":596,"y":765,"w":70,"h":83},"rotated":false,"trimmed":true,"spriteSourceSize":{"x":0,"y":1,"w":70,"h":83},"sourceSize":{"w":70,"h":84},"pivot":{"x":0.5,"y":0.5}},"irresponsible-mom-asset-282.png":{"frame":{"x":647,"y":671,"w":29,"h":80},"rotated":false,"trimmed":false,"spriteSourceSize":{"x":0,"y":0,"w":29,"h":80},"sourceSize":{"w":29,"h":80},"pivot":{"x":0.5,"y":0.5}},"irresponsible-mom-asset-306.png":{"frame":{"x":670,"y":755,"w":76,"h":60},"rotated":false,"trimmed":true,"spriteSourceSize":{"x":0,"y":1,"w":76,"h":60},"sourceSize":{"w":76,"h":61},"pivot":{"x":0.5,"y":0.5}},"irresponsible-mom-asset-280.png":{"frame":{"x":670,"y":819,"w":25,"h":67},"rotated":false,"trimmed":false,"spriteSourceSize":{"x":0,"y":0,"w":25,"h":67},"sourceSize":{"w":25,"h":67},"pivot":{"x":0.5,"y":0.5}},"irresponsible-mom-asset-292.png":{"frame":{"x":680,"y":671,"w":66,"h":58},"rotated":false,"trimmed":false,"spriteSourceSize":{"x":0,"y":0,"w":66,"h":58},"sourceSize":{"w":66,"h":58},"pivot":{"x":0.5,"y":0.5}},"irresponsible-mom-asset-289.png":{"frame":{"x":699,"y":819,"w":53,"h":63},"rotated":false,"trimmed":false,"spriteSourceSize":{"x":0,"y":0,"w":53,"h":63},"sourceSize":{"w":53,"h":63},"pivot":{"x":0.5,"y":0.5}},"irresponsible-mom-asset-291.png":{"frame":{"x":707,"y":572,"w":42,"h":62},"rotated":false,"trimmed":false,"spriteSourceSize":{"x":0,"y":0,"w":42,"h":62},"sourceSize":{"w":42,"h":62},"pivot":{"x":0.5,"y":0.5}},"irresponsible-mom-asset-296.png":{"frame":{"x":750,"y":638,"w":53,"h":60},"rotated":false,"trimmed":false,"spriteSourceSize":{"x":0,"y":0,"w":53,"h":60},"sourceSize":{"w":53,"h":60},"pivot":{"x":0.5,"y":0.5}},"irresponsible-mom-asset-290.png":{"frame":{"x":750,"y":702,"w":48,"h":54},"rotated":false,"trimmed":false,"spriteSourceSize":{"x":0,"y":0,"w":48,"h":54},"sourceSize":{"w":48,"h":54},"pivot":{"x":0.5,"y":0.5}},"irresponsible-mom-asset-293.png":{"frame":{"x":750,"y":760,"w":35,"h":51},"rotated":false,"trimmed":false,"spriteSourceSize":{"x":0,"y":0,"w":35,"h":51},"sourceSize":{"w":35,"h":51},"pivot":{"x":0.5,"y":0.5}},"irresponsible-mom-asset-294.png":{"frame":{"x":596,"y":852,"w":35,"h":41},"rotated":false,"trimmed":false,"spriteSourceSize":{"x":0,"y":0,"w":35,"h":41},"sourceSize":{"w":35,"h":41},"pivot":{"x":0.5,"y":0.5}},"irresponsible-mom-asset-303.png":{"frame":{"x":756,"y":815,"w":41,"h":41},"rotated":false,"trimmed":false,"spriteSourceSize":{"x":0,"y":0,"w":41,"h":41},"sourceSize":{"w":41,"h":41},"pivot":{"x":0.5,"y":0.5}},"irresponsible-mom-asset-308.png":{"frame":{"x":680,"y":733,"w":18,"h":18},"rotated":false,"trimmed":false,"spriteSourceSize":{"x":0,"y":0,"w":18,"h":18},"sourceSize":{"w":18,"h":18},"pivot":{"x":0.5,"y":0.5}}},"meta":{"app":"http://github.com/odrick/free-tex-packer-core","version":"0.1.9","image":"d.png","format":"RGBA8888","size":{"w":2048,"h":2048},"scale":1}}