{"frames":{"irresponsible-dad-asset-asset-96.png":{"frame":{"x":2,"y":2,"w":626,"h":397},"rotated":false,"trimmed":false,"spriteSourceSize":{"x":0,"y":0,"w":626,"h":397},"sourceSize":{"w":626,"h":397},"pivot":{"x":0.5,"y":0.5}},"irresponsible-dad-asset-asset-162.png":{"frame":{"x":2,"y":403,"w":541,"h":195},"rotated":false,"trimmed":false,"spriteSourceSize":{"x":0,"y":0,"w":541,"h":195},"sourceSize":{"w":541,"h":195},"pivot":{"x":0.5,"y":0.5}},"irresponsible-dad-asset-asset-71.png":{"frame":{"x":2,"y":602,"w":292,"h":481},"rotated":false,"trimmed":false,"spriteSourceSize":{"x":0,"y":0,"w":292,"h":481},"sourceSize":{"w":292,"h":481},"pivot":{"x":0.5,"y":0.5}},"irresponsible-dad-asset-asset-165.png":{"frame":{"x":632,"y":2,"w":386,"h":228},"rotated":false,"trimmed":false,"spriteSourceSize":{"x":0,"y":0,"w":386,"h":228},"sourceSize":{"w":386,"h":228},"pivot":{"x":0.5,"y":0.5}},"irresponsible-dad-asset-asset-91.png":{"frame":{"x":632,"y":234,"w":300,"h":300},"rotated":false,"trimmed":false,"spriteSourceSize":{"x":0,"y":0,"w":300,"h":300},"sourceSize":{"w":300,"h":300},"pivot":{"x":0.5,"y":0.5}},"irresponsible-dad-asset-asset-92.png":{"frame":{"x":298,"y":602,"w":148,"h":297},"rotated":false,"trimmed":false,"spriteSourceSize":{"x":0,"y":0,"w":148,"h":297},"sourceSize":{"w":148,"h":297},"pivot":{"x":0.5,"y":0.5}},"irresponsible-dad-asset-asset-95.png":{"frame":{"x":450,"y":602,"w":148,"h":297},"rotated":false,"trimmed":false,"spriteSourceSize":{"x":0,"y":0,"w":148,"h":297},"sourceSize":{"w":148,"h":297},"pivot":{"x":0.5,"y":0.5}},"irresponsible-dad-asset-asset-166.png":{"frame":{"x":602,"y":538,"w":119,"h":288},"rotated":false,"trimmed":false,"spriteSourceSize":{"x":0,"y":0,"w":119,"h":288},"sourceSize":{"w":119,"h":288},"pivot":{"x":0.5,"y":0.5}},"irresponsible-dad-asset-asset-93.png":{"frame":{"x":725,"y":538,"w":261,"h":265},"rotated":false,"trimmed":true,"spriteSourceSize":{"x":0,"y":0,"w":261,"h":265},"sourceSize":{"w":262,"h":266},"pivot":{"x":0.5,"y":0.5}},"irresponsible-dad-asset-asset-97.png":{"frame":{"x":725,"y":807,"w":251,"h":95},"rotated":false,"trimmed":false,"spriteSourceSize":{"x":0,"y":0,"w":251,"h":95},"sourceSize":{"w":251,"h":95},"pivot":{"x":0.5,"y":0.5}},"irresponsible-dad-asset-asset-107.png":{"frame":{"x":602,"y":830,"w":97,"h":235},"rotated":false,"trimmed":false,"spriteSourceSize":{"x":0,"y":0,"w":97,"h":235},"sourceSize":{"w":97,"h":235},"pivot":{"x":0.5,"y":0.5}},"irresponsible-dad-asset-asset-139.png":{"frame":{"x":1022,"y":2,"w":102,"h":233},"rotated":false,"trimmed":false,"spriteSourceSize":{"x":0,"y":0,"w":102,"h":233},"sourceSize":{"w":102,"h":233},"pivot":{"x":0.5,"y":0.5}},"irresponsible-dad-asset-asset-103.png":{"frame":{"x":990,"y":239,"w":97,"h":232},"rotated":false,"trimmed":false,"spriteSourceSize":{"x":0,"y":0,"w":97,"h":232},"sourceSize":{"w":97,"h":232},"pivot":{"x":0.5,"y":0.5}},"irresponsible-dad-asset-asset-109.png":{"frame":{"x":990,"y":475,"w":97,"h":231},"rotated":false,"trimmed":false,"spriteSourceSize":{"x":0,"y":0,"w":97,"h":231},"sourceSize":{"w":97,"h":231},"pivot":{"x":0.5,"y":0.5}},"irresponsible-dad-asset-asset-136.png":{"frame":{"x":990,"y":710,"w":102,"h":231},"rotated":false,"trimmed":false,"spriteSourceSize":{"x":0,"y":0,"w":102,"h":231},"sourceSize":{"w":102,"h":231},"pivot":{"x":0.5,"y":0.5}},"irresponsible-dad-asset-asset-137.png":{"frame":{"x":2,"y":1087,"w":101,"h":229},"rotated":false,"trimmed":false,"spriteSourceSize":{"x":0,"y":0,"w":101,"h":229},"sourceSize":{"w":101,"h":229},"pivot":{"x":0.5,"y":0.5}},"irresponsible-dad-asset-asset-106.png":{"frame":{"x":107,"y":1087,"w":97,"h":228},"rotated":false,"trimmed":false,"spriteSourceSize":{"x":0,"y":0,"w":97,"h":228},"sourceSize":{"w":97,"h":228},"pivot":{"x":0.5,"y":0.5}},"irresponsible-dad-asset-asset-133.png":{"frame":{"x":208,"y":1087,"w":101,"h":227},"rotated":false,"trimmed":false,"spriteSourceSize":{"x":0,"y":0,"w":101,"h":227},"sourceSize":{"w":101,"h":227},"pivot":{"x":0.5,"y":0.5}},"irresponsible-dad-asset-asset-117.png":{"frame":{"x":313,"y":1069,"w":109,"h":221},"rotated":false,"trimmed":false,"spriteSourceSize":{"x":0,"y":0,"w":109,"h":221},"sourceSize":{"w":109,"h":221},"pivot":{"x":0.5,"y":0.5}},"irresponsible-dad-asset-asset-115.png":{"frame":{"x":426,"y":1069,"w":117,"h":221},"rotated":false,"trimmed":false,"spriteSourceSize":{"x":0,"y":0,"w":117,"h":221},"sourceSize":{"w":117,"h":221},"pivot":{"x":0.5,"y":0.5}},"irresponsible-dad-asset-asset-129.png":{"frame":{"x":547,"y":1069,"w":68,"h":206},"rotated":false,"trimmed":false,"spriteSourceSize":{"x":0,"y":0,"w":68,"h":206},"sourceSize":{"w":68,"h":206},"pivot":{"x":0.5,"y":0.5}},"irresponsible-dad-asset-asset-99.png":{"frame":{"x":619,"y":1069,"w":68,"h":206},"rotated":false,"trimmed":false,"spriteSourceSize":{"x":0,"y":0,"w":68,"h":206},"sourceSize":{"w":68,"h":206},"pivot":{"x":0.5,"y":0.5}},"irresponsible-dad-asset-asset-130.png":{"frame":{"x":691,"y":1069,"w":75,"h":202},"rotated":false,"trimmed":false,"spriteSourceSize":{"x":0,"y":0,"w":75,"h":202},"sourceSize":{"w":75,"h":202},"pivot":{"x":0.5,"y":0.5}},"irresponsible-dad-asset-asset-131.png":{"frame":{"x":770,"y":906,"w":66,"h":196},"rotated":false,"trimmed":false,"spriteSourceSize":{"x":0,"y":0,"w":66,"h":196},"sourceSize":{"w":66,"h":196},"pivot":{"x":0.5,"y":0.5}},"irresponsible-dad-asset-asset-132.png":{"frame":{"x":770,"y":1106,"w":73,"h":192},"rotated":false,"trimmed":false,"spriteSourceSize":{"x":0,"y":0,"w":73,"h":192},"sourceSize":{"w":73,"h":192},"pivot":{"x":0.5,"y":0.5}},"irresponsible-dad-asset-asset-100.png":{"frame":{"x":840,"y":906,"w":80,"h":190},"rotated":false,"trimmed":false,"spriteSourceSize":{"x":0,"y":0,"w":80,"h":190},"sourceSize":{"w":80,"h":190},"pivot":{"x":0.5,"y":0.5}},"irresponsible-dad-asset-asset-101.png":{"frame":{"x":847,"y":1100,"w":66,"h":186},"rotated":false,"trimmed":false,"spriteSourceSize":{"x":0,"y":0,"w":66,"h":186},"sourceSize":{"w":66,"h":186},"pivot":{"x":0.5,"y":0.5}},"irresponsible-dad-asset-asset-104.png":{"frame":{"x":917,"y":1100,"w":97,"h":179},"rotated":false,"trimmed":false,"spriteSourceSize":{"x":0,"y":0,"w":97,"h":179},"sourceSize":{"w":97,"h":179},"pivot":{"x":0.5,"y":0.5}},"irresponsible-dad-asset-asset-110.png":{"frame":{"x":1018,"y":945,"w":97,"h":175},"rotated":false,"trimmed":false,"spriteSourceSize":{"x":0,"y":0,"w":97,"h":175},"sourceSize":{"w":97,"h":175},"pivot":{"x":0.5,"y":0.5}},"irresponsible-dad-asset-asset-102.png":{"frame":{"x":1018,"y":1124,"w":78,"h":169},"rotated":false,"trimmed":false,"spriteSourceSize":{"x":0,"y":0,"w":78,"h":169},"sourceSize":{"w":78,"h":169},"pivot":{"x":0.5,"y":0.5}},"irresponsible-dad-asset-asset-140.png":{"frame":{"x":1128,"y":2,"w":98,"h":165},"rotated":false,"trimmed":false,"spriteSourceSize":{"x":0,"y":0,"w":98,"h":165},"sourceSize":{"w":98,"h":165},"pivot":{"x":0.5,"y":0.5}},"irresponsible-dad-asset-asset-80.png":{"frame":{"x":1128,"y":171,"w":81,"h":163},"rotated":false,"trimmed":false,"spriteSourceSize":{"x":0,"y":0,"w":81,"h":163},"sourceSize":{"w":81,"h":163},"pivot":{"x":0.5,"y":0.5}},"irresponsible-dad-asset-asset-134.png":{"frame":{"x":298,"y":903,"w":97,"h":161},"rotated":false,"trimmed":false,"spriteSourceSize":{"x":0,"y":0,"w":97,"h":161},"sourceSize":{"w":97,"h":161},"pivot":{"x":0.5,"y":0.5}},"irresponsible-dad-asset-asset-149.png":{"frame":{"x":924,"y":906,"w":62,"h":146},"rotated":false,"trimmed":false,"spriteSourceSize":{"x":0,"y":0,"w":62,"h":146},"sourceSize":{"w":62,"h":146},"pivot":{"x":0.5,"y":0.5}},"irresponsible-dad-asset-asset-83.png":{"frame":{"x":399,"y":903,"w":81,"h":146},"rotated":false,"trimmed":false,"spriteSourceSize":{"x":0,"y":0,"w":81,"h":146},"sourceSize":{"w":81,"h":146},"pivot":{"x":0.5,"y":0.5}},"irresponsible-dad-asset-asset-76.png":{"frame":{"x":484,"y":903,"w":70,"h":140},"rotated":false,"trimmed":false,"spriteSourceSize":{"x":0,"y":0,"w":70,"h":140},"sourceSize":{"w":70,"h":140},"pivot":{"x":0.5,"y":0.5}},"irresponsible-dad-asset-asset-74.png":{"frame":{"x":1119,"y":338,"w":70,"h":139},"rotated":false,"trimmed":false,"spriteSourceSize":{"x":0,"y":0,"w":70,"h":139},"sourceSize":{"w":70,"h":139},"pivot":{"x":0.5,"y":0.5}},"irresponsible-dad-asset-asset-75.png":{"frame":{"x":1119,"y":481,"w":73,"h":138},"rotated":false,"trimmed":false,"spriteSourceSize":{"x":0,"y":0,"w":73,"h":138},"sourceSize":{"w":73,"h":138},"pivot":{"x":0.5,"y":0.5}},"irresponsible-dad-asset-asset-142.png":{"frame":{"x":1119,"y":623,"w":74,"h":137},"rotated":false,"trimmed":false,"spriteSourceSize":{"x":0,"y":0,"w":74,"h":137},"sourceSize":{"w":74,"h":137},"pivot":{"x":0.5,"y":0.5}},"irresponsible-dad-asset-asset-146.png":{"frame":{"x":703,"y":906,"w":61,"h":136},"rotated":false,"trimmed":false,"spriteSourceSize":{"x":0,"y":0,"w":61,"h":136},"sourceSize":{"w":61,"h":136},"pivot":{"x":0.5,"y":0.5}},"irresponsible-dad-asset-asset-152.png":{"frame":{"x":1096,"y":764,"w":62,"h":134},"rotated":false,"trimmed":false,"spriteSourceSize":{"x":0,"y":0,"w":62,"h":134},"sourceSize":{"w":62,"h":134},"pivot":{"x":0.5,"y":0.5}},"irresponsible-dad-asset-asset-46.png":{"frame":{"x":1119,"y":902,"w":71,"h":133},"rotated":false,"trimmed":false,"spriteSourceSize":{"x":0,"y":0,"w":71,"h":133},"sourceSize":{"w":71,"h":133},"pivot":{"x":0.5,"y":0.5}},"irresponsible-dad-asset-asset-54.png":{"frame":{"x":1119,"y":1039,"w":71,"h":133},"rotated":false,"trimmed":false,"spriteSourceSize":{"x":0,"y":0,"w":71,"h":133},"sourceSize":{"w":71,"h":133},"pivot":{"x":0.5,"y":0.5}},"irresponsible-dad-asset-asset-114.png":{"frame":{"x":1230,"y":2,"w":132,"h":82},"rotated":false,"trimmed":false,"spriteSourceSize":{"x":0,"y":0,"w":132,"h":82},"sourceSize":{"w":132,"h":82},"pivot":{"x":0.5,"y":0.5}},"irresponsible-dad-asset-asset-141.png":{"frame":{"x":547,"y":403,"w":75,"h":131},"rotated":false,"trimmed":false,"spriteSourceSize":{"x":0,"y":0,"w":75,"h":131},"sourceSize":{"w":75,"h":131},"pivot":{"x":0.5,"y":0.5}},"irresponsible-dad-asset-asset-44.png":{"frame":{"x":1162,"y":764,"w":65,"h":130},"rotated":false,"trimmed":false,"spriteSourceSize":{"x":0,"y":0,"w":65,"h":130},"sourceSize":{"w":65,"h":130},"pivot":{"x":0.5,"y":0.5}},"irresponsible-dad-asset-asset-52.png":{"frame":{"x":1193,"y":338,"w":65,"h":130},"rotated":false,"trimmed":false,"spriteSourceSize":{"x":0,"y":0,"w":65,"h":130},"sourceSize":{"w":65,"h":130},"pivot":{"x":0.5,"y":0.5}},"irresponsible-dad-asset-asset-43.png":{"frame":{"x":1100,"y":1176,"w":71,"h":128},"rotated":false,"trimmed":false,"spriteSourceSize":{"x":0,"y":0,"w":71,"h":128},"sourceSize":{"w":71,"h":128},"pivot":{"x":0.5,"y":0.5}},"irresponsible-dad-asset-asset-51.png":{"frame":{"x":1175,"y":1176,"w":71,"h":128},"rotated":false,"trimmed":false,"spriteSourceSize":{"x":0,"y":0,"w":71,"h":128},"sourceSize":{"w":71,"h":128},"pivot":{"x":0.5,"y":0.5}},"irresponsible-dad-asset-asset-64.png":{"frame":{"x":936,"y":234,"w":42,"h":127},"rotated":false,"trimmed":false,"spriteSourceSize":{"x":0,"y":0,"w":42,"h":127},"sourceSize":{"w":42,"h":127},"pivot":{"x":0.5,"y":0.5}},"irresponsible-dad-asset-asset-62.png":{"frame":{"x":936,"y":365,"w":50,"h":126},"rotated":false,"trimmed":false,"spriteSourceSize":{"x":0,"y":0,"w":50,"h":126},"sourceSize":{"w":50,"h":126},"pivot":{"x":0.5,"y":0.5}},"irresponsible-dad-asset-asset-63.png":{"frame":{"x":1196,"y":472,"w":43,"h":126},"rotated":false,"trimmed":false,"spriteSourceSize":{"x":0,"y":0,"w":43,"h":126},"sourceSize":{"w":43,"h":126},"pivot":{"x":0.5,"y":0.5}},"irresponsible-dad-asset-asset-40.png":{"frame":{"x":1197,"y":602,"w":65,"h":125},"rotated":false,"trimmed":false,"spriteSourceSize":{"x":0,"y":0,"w":65,"h":125},"sourceSize":{"w":65,"h":125},"pivot":{"x":0.5,"y":0.5}},"irresponsible-dad-asset-asset-48.png":{"frame":{"x":1243,"y":472,"w":65,"h":125},"rotated":false,"trimmed":false,"spriteSourceSize":{"x":0,"y":0,"w":65,"h":125},"sourceSize":{"w":65,"h":125},"pivot":{"x":0.5,"y":0.5}},"irresponsible-dad-asset-asset-61.png":{"frame":{"x":1312,"y":88,"w":42,"h":125},"rotated":false,"trimmed":false,"spriteSourceSize":{"x":0,"y":0,"w":42,"h":125},"sourceSize":{"w":42,"h":125},"pivot":{"x":0.5,"y":0.5}},"irresponsible-dad-asset-asset-127.png":{"frame":{"x":313,"y":1294,"w":124,"h":21},"rotated":false,"trimmed":false,"spriteSourceSize":{"x":0,"y":0,"w":124,"h":21},"sourceSize":{"w":124,"h":21},"pivot":{"x":0.5,"y":0.5}},"irresponsible-dad-asset-asset-150.png":{"frame":{"x":1230,"y":88,"w":61,"h":124},"rotated":false,"trimmed":false,"spriteSourceSize":{"x":0,"y":0,"w":61,"h":124},"sourceSize":{"w":61,"h":124},"pivot":{"x":0.5,"y":0.5}},"irresponsible-dad-asset-asset-87.png":{"frame":{"x":1231,"y":731,"w":124,"h":124},"rotated":false,"trimmed":false,"spriteSourceSize":{"x":0,"y":0,"w":124,"h":124},"sourceSize":{"w":124,"h":124},"pivot":{"x":0.5,"y":0.5}},"irresponsible-dad-asset-asset-81.png":{"frame":{"x":1266,"y":601,"w":70,"h":123},"rotated":false,"trimmed":false,"spriteSourceSize":{"x":0,"y":0,"w":70,"h":123},"sourceSize":{"w":70,"h":123},"pivot":{"x":0.5,"y":0.5}},"irresponsible-dad-asset-asset-84.png":{"frame":{"x":1262,"y":217,"w":90,"h":123},"rotated":false,"trimmed":false,"spriteSourceSize":{"x":0,"y":0,"w":90,"h":123},"sourceSize":{"w":90,"h":123},"pivot":{"x":0.5,"y":0.5}},"irresponsible-dad-asset-asset-59.png":{"frame":{"x":1262,"y":344,"w":78,"h":122},"rotated":false,"trimmed":false,"spriteSourceSize":{"x":0,"y":0,"w":78,"h":122},"sourceSize":{"w":78,"h":122},"pivot":{"x":0.5,"y":0.5}},"irresponsible-dad-asset-asset-98.png":{"frame":{"x":1231,"y":859,"w":122,"h":51},"rotated":false,"trimmed":false,"spriteSourceSize":{"x":0,"y":0,"w":122,"h":51},"sourceSize":{"w":122,"h":51},"pivot":{"x":0.5,"y":0.5}},"irresponsible-dad-asset-asset-113.png":{"frame":{"x":1250,"y":914,"w":103,"h":120},"rotated":false,"trimmed":false,"spriteSourceSize":{"x":0,"y":0,"w":103,"h":120},"sourceSize":{"w":103,"h":120},"pivot":{"x":0.5,"y":0.5}},"irresponsible-dad-asset-asset-174.png":{"frame":{"x":1194,"y":1038,"w":69,"h":120},"rotated":false,"trimmed":false,"spriteSourceSize":{"x":0,"y":0,"w":69,"h":120},"sourceSize":{"w":69,"h":120},"pivot":{"x":0.5,"y":0.5}},"irresponsible-dad-asset-asset-154.png":{"frame":{"x":1267,"y":1038,"w":67,"h":117},"rotated":false,"trimmed":false,"spriteSourceSize":{"x":0,"y":0,"w":67,"h":117},"sourceSize":{"w":67,"h":117},"pivot":{"x":0.5,"y":0.5}},"irresponsible-dad-asset-asset-122.png":{"frame":{"x":1250,"y":1162,"w":110,"h":116},"rotated":false,"trimmed":false,"spriteSourceSize":{"x":0,"y":0,"w":110,"h":116},"sourceSize":{"w":110,"h":116},"pivot":{"x":0.5,"y":0.5}},"irresponsible-dad-asset-asset-112.png":{"frame":{"x":2,"y":1320,"w":103,"h":115},"rotated":false,"trimmed":false,"spriteSourceSize":{"x":0,"y":0,"w":103,"h":115},"sourceSize":{"w":103,"h":115},"pivot":{"x":0.5,"y":0.5}},"irresponsible-dad-asset-asset-58.png":{"frame":{"x":109,"y":1319,"w":68,"h":113},"rotated":false,"trimmed":false,"spriteSourceSize":{"x":0,"y":0,"w":68,"h":113},"sourceSize":{"w":68,"h":113},"pivot":{"x":0.5,"y":0.5}},"irresponsible-dad-asset-asset-147.png":{"frame":{"x":181,"y":1319,"w":67,"h":110},"rotated":false,"trimmed":false,"spriteSourceSize":{"x":0,"y":0,"w":67,"h":110},"sourceSize":{"w":67,"h":110},"pivot":{"x":0.5,"y":0.5}},"irresponsible-dad-asset-asset-175.png":{"frame":{"x":1250,"y":1282,"w":110,"h":90},"rotated":false,"trimmed":false,"spriteSourceSize":{"x":0,"y":0,"w":110,"h":90},"sourceSize":{"w":110,"h":90},"pivot":{"x":0.5,"y":0.5}},"irresponsible-dad-asset-asset-171.png":{"frame":{"x":917,"y":1283,"w":93,"h":109},"rotated":false,"trimmed":false,"spriteSourceSize":{"x":0,"y":0,"w":93,"h":109},"sourceSize":{"w":93,"h":109},"pivot":{"x":0.5,"y":0.5}},"irresponsible-dad-asset-asset-163.png":{"frame":{"x":252,"y":1319,"w":105,"h":68},"rotated":false,"trimmed":false,"spriteSourceSize":{"x":0,"y":0,"w":105,"h":68},"sourceSize":{"w":105,"h":68},"pivot":{"x":0.5,"y":0.5}},"irresponsible-dad-asset-asset-27.png":{"frame":{"x":1312,"y":470,"w":46,"h":105},"rotated":false,"trimmed":false,"spriteSourceSize":{"x":0,"y":0,"w":46,"h":105},"sourceSize":{"w":46,"h":105},"pivot":{"x":0.5,"y":0.5}},"irresponsible-dad-asset-asset-30.png":{"frame":{"x":1194,"y":914,"w":46,"h":105},"rotated":false,"trimmed":false,"spriteSourceSize":{"x":0,"y":0,"w":46,"h":105},"sourceSize":{"w":46,"h":105},"pivot":{"x":0.5,"y":0.5}},"irresponsible-dad-asset-asset-47.png":{"frame":{"x":691,"y":1275,"w":71,"h":104},"rotated":false,"trimmed":false,"spriteSourceSize":{"x":0,"y":0,"w":71,"h":104},"sourceSize":{"w":71,"h":104},"pivot":{"x":0.5,"y":0.5}},"irresponsible-dad-asset-asset-55.png":{"frame":{"x":1014,"y":1297,"w":71,"h":104},"rotated":false,"trimmed":false,"spriteSourceSize":{"x":0,"y":0,"w":71,"h":104},"sourceSize":{"w":71,"h":104},"pivot":{"x":0.5,"y":0.5}},"irresponsible-dad-asset-asset-125.png":{"frame":{"x":361,"y":1319,"w":93,"h":103},"rotated":false,"trimmed":false,"spriteSourceSize":{"x":0,"y":0,"w":93,"h":103},"sourceSize":{"w":93,"h":103},"pivot":{"x":0.5,"y":0.5}},"irresponsible-dad-asset-asset-108.png":{"frame":{"x":847,"y":1290,"w":61,"h":102},"rotated":false,"trimmed":false,"spriteSourceSize":{"x":0,"y":0,"w":61,"h":102},"sourceSize":{"w":61,"h":102},"pivot":{"x":0.5,"y":0.5}},"irresponsible-dad-asset-asset-41.png":{"frame":{"x":766,"y":1302,"w":65,"h":102},"rotated":false,"trimmed":false,"spriteSourceSize":{"x":0,"y":0,"w":65,"h":102},"sourceSize":{"w":65,"h":102},"pivot":{"x":0.5,"y":0.5}},"irresponsible-dad-asset-asset-49.png":{"frame":{"x":1089,"y":1308,"w":65,"h":102},"rotated":false,"trimmed":false,"spriteSourceSize":{"x":0,"y":0,"w":65,"h":102},"sourceSize":{"w":65,"h":102},"pivot":{"x":0.5,"y":0.5}},"irresponsible-dad-asset-asset-138.png":{"frame":{"x":1158,"y":1308,"w":61,"h":101},"rotated":false,"trimmed":false,"spriteSourceSize":{"x":0,"y":0,"w":61,"h":101},"sourceSize":{"w":61,"h":101},"pivot":{"x":0.5,"y":0.5}},"irresponsible-dad-asset-asset-35.png":{"frame":{"x":1213,"y":216,"w":44,"h":101},"rotated":false,"trimmed":false,"spriteSourceSize":{"x":0,"y":0,"w":44,"h":101},"sourceSize":{"w":44,"h":101},"pivot":{"x":0.5,"y":0.5}},"irresponsible-dad-asset-asset-38.png":{"frame":{"x":458,"y":1294,"w":44,"h":101},"rotated":false,"trimmed":false,"spriteSourceSize":{"x":0,"y":0,"w":44,"h":101},"sourceSize":{"w":44,"h":101},"pivot":{"x":0.5,"y":0.5}},"irresponsible-dad-asset-asset-111.png":{"frame":{"x":506,"y":1294,"w":78,"h":100},"rotated":false,"trimmed":false,"spriteSourceSize":{"x":0,"y":0,"w":78,"h":100},"sourceSize":{"w":78,"h":100},"pivot":{"x":0.5,"y":0.5}},"irresponsible-dad-asset-asset-105.png":{"frame":{"x":588,"y":1279,"w":61,"h":99},"rotated":false,"trimmed":false,"spriteSourceSize":{"x":0,"y":0,"w":61,"h":99},"sourceSize":{"w":61,"h":99},"pivot":{"x":0.5,"y":0.5}},"irresponsible-dad-asset-asset-135.png":{"frame":{"x":1366,"y":2,"w":62,"h":99},"rotated":false,"trimmed":false,"spriteSourceSize":{"x":0,"y":0,"w":62,"h":99},"sourceSize":{"w":62,"h":99},"pivot":{"x":0.5,"y":0.5}},"irresponsible-dad-asset-asset-77.png":{"frame":{"x":1344,"y":344,"w":77,"h":98},"rotated":false,"trimmed":false,"spriteSourceSize":{"x":0,"y":0,"w":77,"h":98},"sourceSize":{"w":77,"h":98},"pivot":{"x":0.5,"y":0.5}},"irresponsible-dad-asset-asset-172.png":{"frame":{"x":1340,"y":579,"w":83,"h":97},"rotated":false,"trimmed":false,"spriteSourceSize":{"x":0,"y":0,"w":83,"h":97},"sourceSize":{"w":83,"h":97},"pivot":{"x":0.5,"y":0.5}},"irresponsible-dad-asset-asset-173.png":{"frame":{"x":1338,"y":1038,"w":78,"h":97},"rotated":false,"trimmed":false,"spriteSourceSize":{"x":0,"y":0,"w":78,"h":97},"sourceSize":{"w":78,"h":97},"pivot":{"x":0.5,"y":0.5}},"irresponsible-dad-asset-asset-161.png":{"frame":{"x":1364,"y":1139,"w":46,"h":96},"rotated":false,"trimmed":false,"spriteSourceSize":{"x":0,"y":0,"w":46,"h":96},"sourceSize":{"w":46,"h":96},"pivot":{"x":0.5,"y":0.5}},"irresponsible-dad-asset-asset-67.png":{"frame":{"x":1364,"y":1239,"w":49,"h":95},"rotated":false,"trimmed":false,"spriteSourceSize":{"x":0,"y":0,"w":49,"h":95},"sourceSize":{"w":49,"h":95},"pivot":{"x":0.5,"y":0.5}},"irresponsible-dad-asset-asset-69.png":{"frame":{"x":1364,"y":1338,"w":49,"h":95},"rotated":false,"trimmed":false,"spriteSourceSize":{"x":0,"y":0,"w":49,"h":95},"sourceSize":{"w":49,"h":95},"pivot":{"x":0.5,"y":0.5}},"irresponsible-dad-asset-asset-32.png":{"frame":{"x":558,"y":903,"w":40,"h":94},"rotated":false,"trimmed":false,"spriteSourceSize":{"x":0,"y":0,"w":40,"h":94},"sourceSize":{"w":40,"h":94},"pivot":{"x":0.5,"y":0.5}},"irresponsible-dad-asset-asset-36.png":{"frame":{"x":1362,"y":446,"w":40,"h":94},"rotated":false,"trimmed":false,"spriteSourceSize":{"x":0,"y":0,"w":40,"h":94},"sourceSize":{"w":40,"h":94},"pivot":{"x":0.5,"y":0.5}},"irresponsible-dad-asset-asset-168.png":{"frame":{"x":1432,"y":2,"w":84,"h":93},"rotated":false,"trimmed":false,"spriteSourceSize":{"x":0,"y":0,"w":84,"h":93},"sourceSize":{"w":84,"h":93},"pivot":{"x":0.5,"y":0.5}},"irresponsible-dad-asset-asset-23.png":{"frame":{"x":1414,"y":1139,"w":39,"h":91},"rotated":false,"trimmed":false,"spriteSourceSize":{"x":0,"y":0,"w":39,"h":91},"sourceSize":{"w":39,"h":91},"pivot":{"x":0.5,"y":0.5}},"irresponsible-dad-asset-asset-28.png":{"frame":{"x":1457,"y":99,"w":39,"h":91},"rotated":false,"trimmed":false,"spriteSourceSize":{"x":0,"y":0,"w":39,"h":91},"sourceSize":{"w":39,"h":91},"pivot":{"x":0.5,"y":0.5}},"irresponsible-dad-asset-asset-68.png":{"frame":{"x":1457,"y":194,"w":44,"h":90},"rotated":false,"trimmed":false,"spriteSourceSize":{"x":0,"y":0,"w":44,"h":90},"sourceSize":{"w":44,"h":90},"pivot":{"x":0.5,"y":0.5}},"irresponsible-dad-asset-asset-116.png":{"frame":{"x":1158,"y":1413,"w":87,"h":22},"rotated":false,"trimmed":false,"spriteSourceSize":{"x":0,"y":0,"w":87,"h":22},"sourceSize":{"w":87,"h":22},"pivot":{"x":0.5,"y":0.5}},"irresponsible-dad-asset-asset-78.png":{"frame":{"x":1457,"y":288,"w":47,"h":87},"rotated":false,"trimmed":false,"spriteSourceSize":{"x":0,"y":0,"w":47,"h":87},"sourceSize":{"w":47,"h":87},"pivot":{"x":0.5,"y":0.5}},"irresponsible-dad-asset-asset-119.png":{"frame":{"x":1427,"y":379,"w":74,"h":85},"rotated":false,"trimmed":false,"spriteSourceSize":{"x":0,"y":0,"w":74,"h":85},"sourceSize":{"w":74,"h":85},"pivot":{"x":0.5,"y":0.5}},"irresponsible-dad-asset-asset-13.png":{"frame":{"x":1427,"y":468,"w":77,"h":83},"rotated":false,"trimmed":false,"spriteSourceSize":{"x":0,"y":0,"w":77,"h":83},"sourceSize":{"w":77,"h":83},"pivot":{"x":0.5,"y":0.5}},"irresponsible-dad-asset-asset-118.png":{"frame":{"x":588,"y":1383,"w":82,"h":50},"rotated":false,"trimmed":false,"spriteSourceSize":{"x":0,"y":0,"w":82,"h":50},"sourceSize":{"w":82,"h":50},"pivot":{"x":0.5,"y":0.5}},"irresponsible-dad-asset-asset-123.png":{"frame":{"x":674,"y":1383,"w":82,"h":50},"rotated":false,"trimmed":false,"spriteSourceSize":{"x":0,"y":0,"w":82,"h":50},"sourceSize":{"w":82,"h":50},"pivot":{"x":0.5,"y":0.5}},"irresponsible-dad-asset-asset-182.png":{"frame":{"x":1427,"y":555,"w":71,"h":81},"rotated":false,"trimmed":false,"spriteSourceSize":{"x":0,"y":0,"w":71,"h":81},"sourceSize":{"w":71,"h":81},"pivot":{"x":0.5,"y":0.5}},"irresponsible-dad-asset-asset-31.png":{"frame":{"x":1457,"y":640,"w":50,"h":81},"rotated":false,"trimmed":false,"spriteSourceSize":{"x":0,"y":0,"w":50,"h":81},"sourceSize":{"w":50,"h":81},"pivot":{"x":0.5,"y":0.5}},"irresponsible-dad-asset-asset-10.png":{"frame":{"x":1457,"y":725,"w":57,"h":80},"rotated":false,"trimmed":false,"spriteSourceSize":{"x":0,"y":0,"w":57,"h":80},"sourceSize":{"w":57,"h":80},"pivot":{"x":0.5,"y":0.5}},"irresponsible-dad-asset-asset-120.png":{"frame":{"x":1359,"y":680,"w":72,"h":80},"rotated":false,"trimmed":false,"spriteSourceSize":{"x":0,"y":0,"w":72,"h":80},"sourceSize":{"w":72,"h":80},"pivot":{"x":0.5,"y":0.5}},"irresponsible-dad-asset-asset-148.png":{"frame":{"x":1457,"y":809,"w":47,"h":78},"rotated":false,"trimmed":false,"spriteSourceSize":{"x":0,"y":0,"w":47,"h":78},"sourceSize":{"w":47,"h":78},"pivot":{"x":0.5,"y":0.5}},"irresponsible-dad-asset-asset-39.png":{"frame":{"x":1457,"y":891,"w":48,"h":77},"rotated":false,"trimmed":false,"spriteSourceSize":{"x":0,"y":0,"w":48,"h":77},"sourceSize":{"w":48,"h":77},"pivot":{"x":0.5,"y":0.5}},"irresponsible-dad-asset-asset-169.png":{"frame":{"x":1359,"y":764,"w":70,"h":76},"rotated":false,"trimmed":false,"spriteSourceSize":{"x":0,"y":0,"w":70,"h":76},"sourceSize":{"w":70,"h":76},"pivot":{"x":0.5,"y":0.5}},"irresponsible-dad-asset-asset-3.png":{"frame":{"x":1249,"y":1376,"w":75,"h":56},"rotated":false,"trimmed":false,"spriteSourceSize":{"x":0,"y":0,"w":75,"h":56},"sourceSize":{"w":75,"h":56},"pivot":{"x":0.5,"y":0.5}},"irresponsible-dad-asset-asset-73.png":{"frame":{"x":1457,"y":972,"w":48,"h":74},"rotated":false,"trimmed":false,"spriteSourceSize":{"x":0,"y":0,"w":48,"h":74},"sourceSize":{"w":48,"h":74},"pivot":{"x":0.5,"y":0.5}},"irresponsible-dad-asset-asset-170.png":{"frame":{"x":1420,"y":1050,"w":71,"h":73},"rotated":false,"trimmed":false,"spriteSourceSize":{"x":0,"y":0,"w":71,"h":73},"sourceSize":{"w":71,"h":73},"pivot":{"x":0.5,"y":0.5}},"heart-asset-2.png":{"frame":{"x":1457,"y":1127,"w":52,"h":71},"rotated":false,"trimmed":false,"spriteSourceSize":{"x":0,"y":0,"w":52,"h":71},"sourceSize":{"w":52,"h":71},"pivot":{"x":0.5,"y":0.5}},"heart-asset-3.png":{"frame":{"x":1457,"y":1202,"w":53,"h":71},"rotated":false,"trimmed":false,"spriteSourceSize":{"x":0,"y":0,"w":53,"h":71},"sourceSize":{"w":53,"h":71},"pivot":{"x":0.5,"y":0.5}},"heart-asset-4.png":{"frame":{"x":1359,"y":844,"w":53,"h":71},"rotated":false,"trimmed":false,"spriteSourceSize":{"x":0,"y":0,"w":53,"h":71},"sourceSize":{"w":53,"h":71},"pivot":{"x":0.5,"y":0.5}},"heart-asset-5.png":{"frame":{"x":1358,"y":105,"w":53,"h":71},"rotated":false,"trimmed":false,"spriteSourceSize":{"x":0,"y":0,"w":53,"h":71},"sourceSize":{"w":53,"h":71},"pivot":{"x":0.5,"y":0.5}},"irresponsible-dad-asset-asset-56.png":{"frame":{"x":252,"y":1391,"w":71,"h":41},"rotated":false,"trimmed":false,"spriteSourceSize":{"x":0,"y":0,"w":71,"h":41},"sourceSize":{"w":71,"h":41},"pivot":{"x":0.5,"y":0.5}},"heart-asset-1.png":{"frame":{"x":1358,"y":180,"w":51,"h":70},"rotated":false,"trimmed":false,"spriteSourceSize":{"x":0,"y":0,"w":51,"h":70},"sourceSize":{"w":51,"h":70},"pivot":{"x":0.5,"y":0.5}},"irresponsible-dad-asset-asset-8.png":{"frame":{"x":1356,"y":254,"w":46,"h":70},"rotated":false,"trimmed":false,"spriteSourceSize":{"x":0,"y":0,"w":46,"h":70},"sourceSize":{"w":46,"h":70},"pivot":{"x":0.5,"y":0.5}},"irresponsible-dad-asset-asset-11.png":{"frame":{"x":1357,"y":919,"w":56,"h":69},"rotated":false,"trimmed":false,"spriteSourceSize":{"x":0,"y":0,"w":56,"h":69},"sourceSize":{"w":56,"h":69},"pivot":{"x":0.5,"y":0.5}},"irresponsible-dad-asset-asset-82.png":{"frame":{"x":1406,"y":254,"w":47,"h":69},"rotated":false,"trimmed":true,"spriteSourceSize":{"x":0,"y":1,"w":47,"h":69},"sourceSize":{"w":47,"h":70},"pivot":{"x":0.5,"y":0.5}},"irresponsible-dad-asset-asset-176.png":{"frame":{"x":458,"y":1399,"w":68,"h":36},"rotated":false,"trimmed":false,"spriteSourceSize":{"x":0,"y":0,"w":68,"h":36},"sourceSize":{"w":68,"h":36},"pivot":{"x":0.5,"y":0.5}},"irresponsible-dad-asset-asset-33.png":{"frame":{"x":1417,"y":1277,"w":48,"h":68},"rotated":false,"trimmed":false,"spriteSourceSize":{"x":0,"y":0,"w":48,"h":68},"sourceSize":{"w":48,"h":68},"pivot":{"x":0.5,"y":0.5}},"irresponsible-dad-asset-asset-9.png":{"frame":{"x":1417,"y":1349,"w":59,"h":68},"rotated":false,"trimmed":false,"spriteSourceSize":{"x":0,"y":0,"w":59,"h":68},"sourceSize":{"w":59,"h":68},"pivot":{"x":0.5,"y":0.5}},"irresponsible-dad-asset-asset-156.png":{"frame":{"x":181,"y":1433,"w":67,"h":58},"rotated":false,"trimmed":false,"spriteSourceSize":{"x":0,"y":0,"w":67,"h":58},"sourceSize":{"w":67,"h":58},"pivot":{"x":0.5,"y":0.5}},"irresponsible-dad-asset-asset-24.png":{"frame":{"x":1469,"y":1277,"w":46,"h":67},"rotated":false,"trimmed":false,"spriteSourceSize":{"x":0,"y":0,"w":46,"h":67},"sourceSize":{"w":46,"h":67},"pivot":{"x":0.5,"y":0.5}},"irresponsible-dad-asset-asset-66.png":{"frame":{"x":2,"y":1439,"w":67,"h":58},"rotated":false,"trimmed":false,"spriteSourceSize":{"x":0,"y":0,"w":67,"h":58},"sourceSize":{"w":67,"h":58},"pivot":{"x":0.5,"y":0.5}},"irresponsible-dad-asset-asset-144.png":{"frame":{"x":327,"y":1426,"w":47,"h":66},"rotated":false,"trimmed":false,"spriteSourceSize":{"x":0,"y":0,"w":47,"h":66},"sourceSize":{"w":47,"h":66},"pivot":{"x":0.5,"y":0.5}},"irresponsible-dad-asset-asset-151.png":{"frame":{"x":378,"y":1426,"w":47,"h":66},"rotated":false,"trimmed":false,"spriteSourceSize":{"x":0,"y":0,"w":47,"h":66},"sourceSize":{"w":47,"h":66},"pivot":{"x":0.5,"y":0.5}},"irresponsible-dad-asset-asset-17.png":{"frame":{"x":109,"y":1436,"w":66,"h":54},"rotated":false,"trimmed":false,"spriteSourceSize":{"x":0,"y":0,"w":66,"h":54},"sourceSize":{"w":66,"h":54},"pivot":{"x":0.5,"y":0.5}},"irresponsible-dad-asset-asset-4.png":{"frame":{"x":924,"y":1056,"w":64,"h":40},"rotated":false,"trimmed":false,"spriteSourceSize":{"x":0,"y":0,"w":64,"h":40},"sourceSize":{"w":64,"h":40},"pivot":{"x":0.5,"y":0.5}},"irresponsible-dad-asset-asset-65.png":{"frame":{"x":530,"y":1398,"w":42,"h":64},"rotated":false,"trimmed":false,"spriteSourceSize":{"x":0,"y":0,"w":42,"h":64},"sourceSize":{"w":42,"h":64},"pivot":{"x":0.5,"y":0.5}},"irresponsible-dad-asset-asset-155.png":{"frame":{"x":1357,"y":992,"w":63,"h":39},"rotated":false,"trimmed":false,"spriteSourceSize":{"x":0,"y":0,"w":63,"h":39},"sourceSize":{"w":63,"h":39},"pivot":{"x":0.5,"y":0.5}},"irresponsible-dad-asset-asset-177.png":{"frame":{"x":1417,"y":1421,"w":44,"h":63},"rotated":false,"trimmed":false,"spriteSourceSize":{"x":0,"y":0,"w":44,"h":63},"sourceSize":{"w":44,"h":63},"pivot":{"x":0.5,"y":0.5}},"irresponsible-dad-asset-asset-60.png":{"frame":{"x":429,"y":1439,"w":63,"h":53},"rotated":false,"trimmed":false,"spriteSourceSize":{"x":0,"y":0,"w":63,"h":53},"sourceSize":{"w":63,"h":53},"pivot":{"x":0.5,"y":0.5}},"irresponsible-dad-asset-asset-45.png":{"frame":{"x":558,"y":1001,"w":40,"h":62},"rotated":false,"trimmed":false,"spriteSourceSize":{"x":0,"y":0,"w":40,"h":62},"sourceSize":{"w":40,"h":62},"pivot":{"x":0.5,"y":0.5}},"irresponsible-dad-asset-asset-53.png":{"frame":{"x":1413,"y":180,"w":40,"h":62},"rotated":false,"trimmed":false,"spriteSourceSize":{"x":0,"y":0,"w":40,"h":62},"sourceSize":{"w":40,"h":62},"pivot":{"x":0.5,"y":0.5}},"irresponsible-dad-asset-asset-12.png":{"frame":{"x":576,"y":1439,"w":60,"h":54},"rotated":false,"trimmed":false,"spriteSourceSize":{"x":0,"y":0,"w":60,"h":54},"sourceSize":{"w":60,"h":54},"pivot":{"x":0.5,"y":0.5}},"irresponsible-dad-asset-asset-158.png":{"frame":{"x":547,"y":538,"w":50,"h":59},"rotated":false,"trimmed":false,"spriteSourceSize":{"x":0,"y":0,"w":50,"h":59},"sourceSize":{"w":50,"h":59},"pivot":{"x":0.5,"y":0.5}},"irresponsible-dad-asset-asset-29.png":{"frame":{"x":1249,"y":1437,"w":27,"h":59},"rotated":false,"trimmed":false,"spriteSourceSize":{"x":0,"y":0,"w":27,"h":59},"sourceSize":{"w":27,"h":59},"pivot":{"x":0.5,"y":0.5}},"irresponsible-dad-asset-asset-57.png":{"frame":{"x":1465,"y":1421,"w":50,"h":59},"rotated":false,"trimmed":false,"spriteSourceSize":{"x":0,"y":0,"w":50,"h":59},"sourceSize":{"w":50,"h":59},"pivot":{"x":0.5,"y":0.5}},"irresponsible-dad-asset-asset-25.png":{"frame":{"x":73,"y":1439,"w":25,"h":58},"rotated":false,"trimmed":false,"spriteSourceSize":{"x":0,"y":0,"w":25,"h":58},"sourceSize":{"w":25,"h":58},"pivot":{"x":0.5,"y":0.5}},"irresponsible-dad-asset-asset-157.png":{"frame":{"x":640,"y":1439,"w":52,"h":57},"rotated":false,"trimmed":false,"spriteSourceSize":{"x":0,"y":0,"w":52,"h":57},"sourceSize":{"w":52,"h":57},"pivot":{"x":0.5,"y":0.5}},"irresponsible-dad-asset-asset-34.png":{"frame":{"x":496,"y":1439,"w":26,"h":57},"rotated":false,"trimmed":false,"spriteSourceSize":{"x":0,"y":0,"w":26,"h":57},"sourceSize":{"w":26,"h":57},"pivot":{"x":0.5,"y":0.5}},"irresponsible-dad-asset-asset-37.png":{"frame":{"x":696,"y":1439,"w":27,"h":57},"rotated":false,"trimmed":false,"spriteSourceSize":{"x":0,"y":0,"w":27,"h":57},"sourceSize":{"w":27,"h":57},"pivot":{"x":0.5,"y":0.5}},"irresponsible-dad-asset-asset-42.png":{"frame":{"x":727,"y":1439,"w":40,"h":57},"rotated":false,"trimmed":false,"spriteSourceSize":{"x":0,"y":0,"w":40,"h":57},"sourceSize":{"w":40,"h":57},"pivot":{"x":0.5,"y":0.5}},"irresponsible-dad-asset-asset-50.png":{"frame":{"x":771,"y":1439,"w":40,"h":57},"rotated":false,"trimmed":false,"spriteSourceSize":{"x":0,"y":0,"w":40,"h":57},"sourceSize":{"w":40,"h":57},"pivot":{"x":0.5,"y":0.5}},"irresponsible-dad-asset-asset-6.png":{"frame":{"x":815,"y":1439,"w":45,"h":57},"rotated":false,"trimmed":false,"spriteSourceSize":{"x":0,"y":0,"w":45,"h":57},"sourceSize":{"w":45,"h":57},"pivot":{"x":0.5,"y":0.5}},"irresponsible-dad-asset-asset-179.png":{"frame":{"x":864,"y":1439,"w":48,"h":56},"rotated":false,"trimmed":false,"spriteSourceSize":{"x":0,"y":0,"w":48,"h":56},"sourceSize":{"w":48,"h":56},"pivot":{"x":0.5,"y":0.5}},"irresponsible-dad-asset-asset-19.png":{"frame":{"x":916,"y":1439,"w":53,"h":55},"rotated":false,"trimmed":false,"spriteSourceSize":{"x":0,"y":0,"w":53,"h":55},"sourceSize":{"w":53,"h":55},"pivot":{"x":0.5,"y":0.5}},"irresponsible-dad-asset-asset-20.png":{"frame":{"x":973,"y":1439,"w":49,"h":55},"rotated":false,"trimmed":false,"spriteSourceSize":{"x":0,"y":0,"w":49,"h":55},"sourceSize":{"w":49,"h":55},"pivot":{"x":0.5,"y":0.5}},"irresponsible-dad-asset-asset-5.png":{"frame":{"x":1026,"y":1439,"w":41,"h":54},"rotated":false,"trimmed":false,"spriteSourceSize":{"x":0,"y":0,"w":41,"h":54},"sourceSize":{"w":41,"h":54},"pivot":{"x":0.5,"y":0.5}},"irresponsible-dad-asset-asset-72.png":{"frame":{"x":1071,"y":1439,"w":44,"h":54},"rotated":false,"trimmed":false,"spriteSourceSize":{"x":0,"y":0,"w":44,"h":54},"sourceSize":{"w":44,"h":54},"pivot":{"x":0.5,"y":0.5}},"irresponsible-dad-asset-asset-167.png":{"frame":{"x":835,"y":1396,"w":53,"h":38},"rotated":false,"trimmed":false,"spriteSourceSize":{"x":0,"y":0,"w":53,"h":38},"sourceSize":{"w":53,"h":38},"pivot":{"x":0.5,"y":0.5}},"irresponsible-dad-asset-asset-7.png":{"frame":{"x":892,"y":1396,"w":53,"h":39},"rotated":false,"trimmed":false,"spriteSourceSize":{"x":0,"y":0,"w":53,"h":39},"sourceSize":{"w":53,"h":39},"pivot":{"x":0.5,"y":0.5}},"irresponsible-dad-asset-asset-178.png":{"frame":{"x":1119,"y":1439,"w":51,"h":40},"rotated":false,"trimmed":false,"spriteSourceSize":{"x":0,"y":0,"w":51,"h":40},"sourceSize":{"w":51,"h":40},"pivot":{"x":0.5,"y":0.5}},"irresponsible-dad-asset-asset-121.png":{"frame":{"x":1174,"y":1439,"w":45,"h":45},"rotated":false,"trimmed":false,"spriteSourceSize":{"x":0,"y":0,"w":45,"h":45},"sourceSize":{"w":45,"h":45},"pivot":{"x":0.5,"y":0.5}},"irresponsible-dad-asset-asset-143.png":{"frame":{"x":1280,"y":1437,"w":41,"h":45},"rotated":false,"trimmed":false,"spriteSourceSize":{"x":0,"y":0,"w":41,"h":45},"sourceSize":{"w":41,"h":45},"pivot":{"x":0.5,"y":0.5}},"irresponsible-dad-asset-asset-181.png":{"frame":{"x":1325,"y":1437,"w":45,"h":45},"rotated":false,"trimmed":false,"spriteSourceSize":{"x":0,"y":0,"w":45,"h":45},"sourceSize":{"w":45,"h":45},"pivot":{"x":0.5,"y":0.5}},"irresponsible-dad-asset-asset-21.png":{"frame":{"x":526,"y":1466,"w":45,"h":16},"rotated":false,"trimmed":false,"spriteSourceSize":{"x":0,"y":0,"w":45,"h":16},"sourceSize":{"w":45,"h":16},"pivot":{"x":0.5,"y":0.5}},"irresponsible-dad-asset-asset-90.png":{"frame":{"x":252,"y":1436,"w":45,"h":45},"rotated":false,"trimmed":false,"spriteSourceSize":{"x":0,"y":0,"w":45,"h":45},"sourceSize":{"w":45,"h":45},"pivot":{"x":0.5,"y":0.5}},"irresponsible-dad-asset-asset-15.png":{"frame":{"x":1374,"y":1437,"w":39,"h":35},"rotated":false,"trimmed":false,"spriteSourceSize":{"x":0,"y":0,"w":39,"h":35},"sourceSize":{"w":39,"h":35},"pivot":{"x":0.5,"y":0.5}},"irresponsible-dad-asset-asset-160.png":{"frame":{"x":936,"y":495,"w":35,"h":39},"rotated":false,"trimmed":false,"spriteSourceSize":{"x":0,"y":0,"w":35,"h":39},"sourceSize":{"w":35,"h":39},"pivot":{"x":0.5,"y":0.5}},"irresponsible-dad-asset-asset-126.png":{"frame":{"x":653,"y":1279,"w":34,"h":37},"rotated":false,"trimmed":false,"spriteSourceSize":{"x":0,"y":0,"w":34,"h":37},"sourceSize":{"w":34,"h":37},"pivot":{"x":0.5,"y":0.5}},"irresponsible-dad-asset-asset-180.png":{"frame":{"x":703,"y":830,"w":18,"h":30},"rotated":false,"trimmed":false,"spriteSourceSize":{"x":0,"y":0,"w":18,"h":30},"sourceSize":{"w":18,"h":30},"pivot":{"x":0.5,"y":0.5}},"irresponsible-dad-asset-asset-14.png":{"frame":{"x":1096,"y":239,"w":19,"h":27},"rotated":false,"trimmed":false,"spriteSourceSize":{"x":0,"y":0,"w":19,"h":27},"sourceSize":{"w":19,"h":27},"pivot":{"x":0.5,"y":0.5}},"irresponsible-dad-asset-asset-159.png":{"frame":{"x":703,"y":1046,"w":27,"h":19},"rotated":false,"trimmed":false,"spriteSourceSize":{"x":0,"y":0,"w":27,"h":19},"sourceSize":{"w":27,"h":19},"pivot":{"x":0.5,"y":0.5}},"irresponsible-dad-asset-asset-22.png":{"frame":{"x":1295,"y":88,"w":13,"h":23},"rotated":false,"trimmed":false,"spriteSourceSize":{"x":0,"y":0,"w":13,"h":23},"sourceSize":{"w":13,"h":23},"pivot":{"x":0.5,"y":0.5}},"irresponsible-dad-asset-asset-94.png":{"frame":{"x":1312,"y":579,"w":18,"h":18},"rotated":false,"trimmed":false,"spriteSourceSize":{"x":0,"y":0,"w":18,"h":18},"sourceSize":{"w":18,"h":18},"pivot":{"x":0.5,"y":0.5}},"irresponsible-dad-asset-asset-1.png":{"frame":{"x":1194,"y":1162,"w":10,"h":10},"rotated":false,"trimmed":false,"spriteSourceSize":{"x":0,"y":0,"w":10,"h":10},"sourceSize":{"w":10,"h":10},"pivot":{"x":0.5,"y":0.5}},"irresponsible-dad-asset-asset-2.png":{"frame":{"x":1208,"y":1162,"w":10,"h":10},"rotated":false,"trimmed":false,"spriteSourceSize":{"x":0,"y":0,"w":10,"h":10},"sourceSize":{"w":10,"h":10},"pivot":{"x":0.5,"y":0.5}},"heart-asset-6.png":{"frame":{"x":1358,"y":180,"w":51,"h":70},"rotated":false,"trimmed":false,"spriteSourceSize":{"x":0,"y":0,"w":51,"h":70},"sourceSize":{"w":51,"h":70},"pivot":{"x":0.5,"y":0.5}},"irresponsible-dad-asset-asset-124.png":{"frame":{"x":674,"y":1383,"w":82,"h":50},"rotated":false,"trimmed":false,"spriteSourceSize":{"x":0,"y":0,"w":82,"h":50},"sourceSize":{"w":82,"h":50},"pivot":{"x":0.5,"y":0.5}}},"meta":{"app":"http://github.com/odrick/free-tex-packer-core","version":"0.1.9","image":"character3.png","format":"RGBA8888","size":{"w":2048,"h":2048},"scale":1}}