{"frames":{"santa-asset-93.png":{"frame":{"x":2,"y":2,"w":298,"h":340},"rotated":false,"trimmed":false,"spriteSourceSize":{"x":0,"y":0,"w":298,"h":340},"sourceSize":{"w":298,"h":340},"pivot":{"x":0.5,"y":0.5}},"santa-asset-94.png":{"frame":{"x":304,"y":2,"w":296,"h":327},"rotated":false,"trimmed":false,"spriteSourceSize":{"x":0,"y":0,"w":296,"h":327},"sourceSize":{"w":296,"h":327},"pivot":{"x":0.5,"y":0.5}},"santa-asset-137.png":{"frame":{"x":2,"y":346,"w":181,"h":271},"rotated":false,"trimmed":false,"spriteSourceSize":{"x":0,"y":0,"w":181,"h":271},"sourceSize":{"w":181,"h":271},"pivot":{"x":0.5,"y":0.5}},"santa-asset-126.png":{"frame":{"x":187,"y":346,"w":182,"h":268},"rotated":false,"trimmed":false,"spriteSourceSize":{"x":0,"y":0,"w":182,"h":268},"sourceSize":{"w":182,"h":268},"pivot":{"x":0.5,"y":0.5}},"santa-asset-134.png":{"frame":{"x":373,"y":333,"w":181,"h":268},"rotated":false,"trimmed":false,"spriteSourceSize":{"x":0,"y":0,"w":181,"h":268},"sourceSize":{"w":181,"h":268},"pivot":{"x":0.5,"y":0.5}},"santa-asset-129.png":{"frame":{"x":604,"y":2,"w":182,"h":267},"rotated":false,"trimmed":false,"spriteSourceSize":{"x":0,"y":0,"w":182,"h":267},"sourceSize":{"w":182,"h":267},"pivot":{"x":0.5,"y":0.5}},"santa-asset-120.png":{"frame":{"x":2,"y":621,"w":264,"h":202},"rotated":false,"trimmed":false,"spriteSourceSize":{"x":0,"y":0,"w":264,"h":202},"sourceSize":{"w":264,"h":202},"pivot":{"x":0.5,"y":0.5}},"santa-asset-135.png":{"frame":{"x":604,"y":273,"w":179,"h":264},"rotated":false,"trimmed":false,"spriteSourceSize":{"x":0,"y":0,"w":179,"h":264},"sourceSize":{"w":179,"h":264},"pivot":{"x":0.5,"y":0.5}},"santa-asset-121.png":{"frame":{"x":790,"y":2,"w":264,"h":219},"rotated":false,"trimmed":false,"spriteSourceSize":{"x":0,"y":0,"w":264,"h":219},"sourceSize":{"w":264,"h":219},"pivot":{"x":0.5,"y":0.5}},"santa-asset-123.png":{"frame":{"x":558,"y":541,"w":179,"h":261},"rotated":false,"trimmed":false,"spriteSourceSize":{"x":0,"y":0,"w":179,"h":261},"sourceSize":{"w":179,"h":261},"pivot":{"x":0.5,"y":0.5}},"santa-asset-131.png":{"frame":{"x":741,"y":541,"w":179,"h":261},"rotated":false,"trimmed":false,"spriteSourceSize":{"x":0,"y":0,"w":179,"h":261},"sourceSize":{"w":179,"h":261},"pivot":{"x":0.5,"y":0.5}},"santa-asset-127.png":{"frame":{"x":787,"y":273,"w":179,"h":260},"rotated":false,"trimmed":false,"spriteSourceSize":{"x":0,"y":0,"w":179,"h":260},"sourceSize":{"w":179,"h":260},"pivot":{"x":0.5,"y":0.5}},"santa-asset-122.png":{"frame":{"x":270,"y":618,"w":241,"h":107},"rotated":false,"trimmed":false,"spriteSourceSize":{"x":0,"y":0,"w":241,"h":107},"sourceSize":{"w":241,"h":107},"pivot":{"x":0.5,"y":0.5}},"santa-asset-143.png":{"frame":{"x":2,"y":827,"w":137,"h":218},"rotated":false,"trimmed":false,"spriteSourceSize":{"x":0,"y":0,"w":137,"h":218},"sourceSize":{"w":137,"h":218},"pivot":{"x":0.5,"y":0.5}},"santa-asset-139.png":{"frame":{"x":143,"y":827,"w":138,"h":218},"rotated":false,"trimmed":false,"spriteSourceSize":{"x":0,"y":0,"w":138,"h":218},"sourceSize":{"w":138,"h":218},"pivot":{"x":0.5,"y":0.5}},"santa-asset-84.png":{"frame":{"x":285,"y":806,"w":146,"h":217},"rotated":false,"trimmed":false,"spriteSourceSize":{"x":0,"y":0,"w":146,"h":217},"sourceSize":{"w":146,"h":217},"pivot":{"x":0.5,"y":0.5}},"santa-asset-144.png":{"frame":{"x":435,"y":806,"w":137,"h":215},"rotated":false,"trimmed":false,"spriteSourceSize":{"x":0,"y":0,"w":137,"h":215},"sourceSize":{"w":137,"h":215},"pivot":{"x":0.5,"y":0.5}},"santa-asset-140.png":{"frame":{"x":576,"y":806,"w":138,"h":214},"rotated":false,"trimmed":false,"spriteSourceSize":{"x":0,"y":0,"w":138,"h":214},"sourceSize":{"w":138,"h":214},"pivot":{"x":0.5,"y":0.5}},"santa-asset-138.png":{"frame":{"x":718,"y":806,"w":181,"h":206},"rotated":false,"trimmed":false,"spriteSourceSize":{"x":0,"y":0,"w":181,"h":206},"sourceSize":{"w":181,"h":206},"pivot":{"x":0.5,"y":0.5}},"santa-asset-130.png":{"frame":{"x":2,"y":1049,"w":182,"h":204},"rotated":false,"trimmed":false,"spriteSourceSize":{"x":0,"y":0,"w":182,"h":204},"sourceSize":{"w":182,"h":204},"pivot":{"x":0.5,"y":0.5}},"santa-asset-141.png":{"frame":{"x":188,"y":1049,"w":119,"h":200},"rotated":false,"trimmed":false,"spriteSourceSize":{"x":0,"y":0,"w":119,"h":200},"sourceSize":{"w":119,"h":200},"pivot":{"x":0.5,"y":0.5}},"santa-asset-132.png":{"frame":{"x":311,"y":1027,"w":179,"h":199},"rotated":false,"trimmed":false,"spriteSourceSize":{"x":0,"y":0,"w":179,"h":199},"sourceSize":{"w":179,"h":199},"pivot":{"x":0.5,"y":0.5}},"santa-asset-145.png":{"frame":{"x":924,"y":537,"w":118,"h":199},"rotated":false,"trimmed":false,"spriteSourceSize":{"x":0,"y":0,"w":118,"h":199},"sourceSize":{"w":118,"h":199},"pivot":{"x":0.5,"y":0.5}},"santa-asset-114.png":{"frame":{"x":924,"y":740,"w":100,"h":197},"rotated":false,"trimmed":false,"spriteSourceSize":{"x":0,"y":0,"w":100,"h":197},"sourceSize":{"w":100,"h":197},"pivot":{"x":0.5,"y":0.5}},"santa-asset-124.png":{"frame":{"x":494,"y":1025,"w":179,"h":197},"rotated":false,"trimmed":false,"spriteSourceSize":{"x":0,"y":0,"w":179,"h":197},"sourceSize":{"w":179,"h":197},"pivot":{"x":0.5,"y":0.5}},"santa-asset-111.png":{"frame":{"x":677,"y":1024,"w":100,"h":196},"rotated":false,"trimmed":false,"spriteSourceSize":{"x":0,"y":0,"w":100,"h":196},"sourceSize":{"w":100,"h":196},"pivot":{"x":0.5,"y":0.5}},"santa-asset-142.png":{"frame":{"x":781,"y":1016,"w":108,"h":196},"rotated":false,"trimmed":false,"spriteSourceSize":{"x":0,"y":0,"w":108,"h":196},"sourceSize":{"w":108,"h":196},"pivot":{"x":0.5,"y":0.5}},"santa-asset-146.png":{"frame":{"x":893,"y":1016,"w":108,"h":195},"rotated":false,"trimmed":false,"spriteSourceSize":{"x":0,"y":0,"w":108,"h":195},"sourceSize":{"w":108,"h":195},"pivot":{"x":0.5,"y":0.5}},"santa-asset-83.png":{"frame":{"x":1058,"y":2,"w":195,"h":166},"rotated":false,"trimmed":false,"spriteSourceSize":{"x":0,"y":0,"w":195,"h":166},"sourceSize":{"w":195,"h":166},"pivot":{"x":0.5,"y":0.5}},"santa-asset-112.png":{"frame":{"x":1058,"y":172,"w":84,"h":189},"rotated":false,"trimmed":false,"spriteSourceSize":{"x":0,"y":0,"w":84,"h":189},"sourceSize":{"w":84,"h":189},"pivot":{"x":0.5,"y":0.5}},"santa-asset-74.png":{"frame":{"x":1046,"y":365,"w":141,"h":189},"rotated":false,"trimmed":false,"spriteSourceSize":{"x":0,"y":0,"w":141,"h":189},"sourceSize":{"w":141,"h":189},"pivot":{"x":0.5,"y":0.5}},"santa-asset-108.png":{"frame":{"x":1146,"y":172,"w":84,"h":188},"rotated":false,"trimmed":false,"spriteSourceSize":{"x":0,"y":0,"w":84,"h":188},"sourceSize":{"w":84,"h":188},"pivot":{"x":0.5,"y":0.5}},"santa-asset-96.png":{"frame":{"x":1046,"y":558,"w":84,"h":188},"rotated":false,"trimmed":false,"spriteSourceSize":{"x":0,"y":0,"w":84,"h":188},"sourceSize":{"w":84,"h":188},"pivot":{"x":0.5,"y":0.5}},"santa-asset-99.png":{"frame":{"x":1134,"y":558,"w":88,"h":188},"rotated":false,"trimmed":false,"spriteSourceSize":{"x":0,"y":0,"w":88,"h":188},"sourceSize":{"w":88,"h":188},"pivot":{"x":0.5,"y":0.5}},"santa-asset-100.png":{"frame":{"x":1005,"y":941,"w":85,"h":187},"rotated":false,"trimmed":false,"spriteSourceSize":{"x":0,"y":0,"w":85,"h":187},"sourceSize":{"w":85,"h":187},"pivot":{"x":0.5,"y":0.5}},"santa-asset-102.png":{"frame":{"x":1028,"y":750,"w":89,"h":186},"rotated":false,"trimmed":false,"spriteSourceSize":{"x":0,"y":0,"w":89,"h":186},"sourceSize":{"w":89,"h":186},"pivot":{"x":0.5,"y":0.5}},"santa-asset-85.png":{"frame":{"x":1094,"y":940,"w":151,"h":185},"rotated":false,"trimmed":false,"spriteSourceSize":{"x":0,"y":0,"w":151,"h":185},"sourceSize":{"w":151,"h":185},"pivot":{"x":0.5,"y":0.5}},"santa-asset-77.png":{"frame":{"x":1257,"y":2,"w":176,"h":164},"rotated":false,"trimmed":false,"spriteSourceSize":{"x":0,"y":0,"w":176,"h":164},"sourceSize":{"w":176,"h":164},"pivot":{"x":0.5,"y":0.5}},"santa-asset-76.png":{"frame":{"x":1257,"y":170,"w":174,"h":173},"rotated":false,"trimmed":false,"spriteSourceSize":{"x":0,"y":0,"w":174,"h":173},"sourceSize":{"w":174,"h":173},"pivot":{"x":0.5,"y":0.5}},"santa-asset-104.png":{"frame":{"x":970,"y":225,"w":68,"h":168},"rotated":false,"trimmed":false,"spriteSourceSize":{"x":0,"y":0,"w":68,"h":168},"sourceSize":{"w":68,"h":168},"pivot":{"x":0.5,"y":0.5}},"santa-asset-116.png":{"frame":{"x":1121,"y":750,"w":68,"h":168},"rotated":false,"trimmed":false,"spriteSourceSize":{"x":0,"y":0,"w":68,"h":168},"sourceSize":{"w":68,"h":168},"pivot":{"x":0.5,"y":0.5}},"santa-asset-105.png":{"frame":{"x":1193,"y":750,"w":77,"h":164},"rotated":false,"trimmed":false,"spriteSourceSize":{"x":0,"y":0,"w":77,"h":164},"sourceSize":{"w":77,"h":164},"pivot":{"x":0.5,"y":0.5}},"santa-asset-90.png":{"frame":{"x":1191,"y":364,"w":125,"h":164},"rotated":false,"trimmed":false,"spriteSourceSize":{"x":0,"y":0,"w":125,"h":164},"sourceSize":{"w":125,"h":164},"pivot":{"x":0.5,"y":0.5}},"santa-asset-117.png":{"frame":{"x":1320,"y":347,"w":78,"h":162},"rotated":false,"trimmed":false,"spriteSourceSize":{"x":0,"y":0,"w":78,"h":162},"sourceSize":{"w":78,"h":162},"pivot":{"x":0.5,"y":0.5}},"santa-asset-136.png":{"frame":{"x":1274,"y":532,"w":143,"h":158},"rotated":false,"trimmed":false,"spriteSourceSize":{"x":0,"y":0,"w":143,"h":158},"sourceSize":{"w":143,"h":158},"pivot":{"x":0.5,"y":0.5}},"santa-asset-75.png":{"frame":{"x":1274,"y":694,"w":150,"h":158},"rotated":false,"trimmed":false,"spriteSourceSize":{"x":0,"y":0,"w":150,"h":158},"sourceSize":{"w":150,"h":158},"pivot":{"x":0.5,"y":0.5}},"santa-asset-133.png":{"frame":{"x":1274,"y":856,"w":147,"h":155},"rotated":false,"trimmed":false,"spriteSourceSize":{"x":0,"y":0,"w":147,"h":155},"sourceSize":{"w":147,"h":155},"pivot":{"x":0.5,"y":0.5}},"santa-asset-125.png":{"frame":{"x":1249,"y":1015,"w":144,"h":155},"rotated":false,"trimmed":false,"spriteSourceSize":{"x":0,"y":0,"w":144,"h":155},"sourceSize":{"w":144,"h":155},"pivot":{"x":0.5,"y":0.5}},"santa-asset-128.png":{"frame":{"x":2,"y":1257,"w":144,"h":154},"rotated":false,"trimmed":false,"spriteSourceSize":{"x":0,"y":0,"w":144,"h":154},"sourceSize":{"w":144,"h":154},"pivot":{"x":0.5,"y":0.5}},"santa-asset-92.png":{"frame":{"x":150,"y":1257,"w":140,"h":150},"rotated":false,"trimmed":false,"spriteSourceSize":{"x":0,"y":0,"w":140,"h":150},"sourceSize":{"w":140,"h":150},"pivot":{"x":0.5,"y":0.5}},"santa-asset-115.png":{"frame":{"x":294,"y":1253,"w":83,"h":140},"rotated":false,"trimmed":false,"spriteSourceSize":{"x":0,"y":0,"w":83,"h":140},"sourceSize":{"w":83,"h":140},"pivot":{"x":0.5,"y":0.5}},"santa-asset-109.png":{"frame":{"x":381,"y":1230,"w":94,"h":139},"rotated":false,"trimmed":false,"spriteSourceSize":{"x":0,"y":0,"w":94,"h":139},"sourceSize":{"w":94,"h":139},"pivot":{"x":0.5,"y":0.5}},"santa-asset-97.png":{"frame":{"x":479,"y":1230,"w":94,"h":135},"rotated":false,"trimmed":false,"spriteSourceSize":{"x":0,"y":0,"w":94,"h":135},"sourceSize":{"w":94,"h":135},"pivot":{"x":0.5,"y":0.5}},"santa-asset-103.png":{"frame":{"x":577,"y":1226,"w":94,"h":134},"rotated":false,"trimmed":false,"spriteSourceSize":{"x":0,"y":0,"w":94,"h":134},"sourceSize":{"w":94,"h":134},"pivot":{"x":0.5,"y":0.5}},"santa-asset-78.png":{"frame":{"x":1094,"y":1129,"w":126,"h":114},"rotated":false,"trimmed":false,"spriteSourceSize":{"x":0,"y":0,"w":126,"h":114},"sourceSize":{"w":126,"h":114},"pivot":{"x":0.5,"y":0.5}},"santa-asset-91.png":{"frame":{"x":675,"y":1247,"w":126,"h":119},"rotated":false,"trimmed":false,"spriteSourceSize":{"x":0,"y":0,"w":126,"h":119},"sourceSize":{"w":126,"h":119},"pivot":{"x":0.5,"y":0.5}},"santa-asset-95.png":{"frame":{"x":270,"y":729,"w":121,"h":69},"rotated":false,"trimmed":false,"spriteSourceSize":{"x":0,"y":0,"w":121,"h":69},"sourceSize":{"w":121,"h":69},"pivot":{"x":0.5,"y":0.5}},"santa-asset-110.png":{"frame":{"x":805,"y":1247,"w":88,"h":111},"rotated":false,"trimmed":false,"spriteSourceSize":{"x":0,"y":0,"w":88,"h":111},"sourceSize":{"w":88,"h":111},"pivot":{"x":0.5,"y":0.5}},"santa-asset-113.png":{"frame":{"x":1005,"y":1132,"w":77,"h":111},"rotated":false,"trimmed":false,"spriteSourceSize":{"x":0,"y":0,"w":77,"h":111},"sourceSize":{"w":77,"h":111},"pivot":{"x":0.5,"y":0.5}},"santa-asset-98.png":{"frame":{"x":897,"y":1215,"w":85,"h":108},"rotated":false,"trimmed":false,"spriteSourceSize":{"x":0,"y":0,"w":85,"h":108},"sourceSize":{"w":85,"h":108},"pivot":{"x":0.5,"y":0.5}},"santa-asset-101.png":{"frame":{"x":986,"y":1247,"w":75,"h":106},"rotated":false,"trimmed":false,"spriteSourceSize":{"x":0,"y":0,"w":75,"h":106},"sourceSize":{"w":75,"h":106},"pivot":{"x":0.5,"y":0.5}},"santa-asset-82.png":{"frame":{"x":1065,"y":1247,"w":95,"h":89},"rotated":false,"trimmed":false,"spriteSourceSize":{"x":0,"y":0,"w":95,"h":89},"sourceSize":{"w":95,"h":89},"pivot":{"x":0.5,"y":0.5}},"santa-asset-80.png":{"frame":{"x":970,"y":397,"w":71,"h":83},"rotated":false,"trimmed":false,"spriteSourceSize":{"x":0,"y":0,"w":71,"h":83},"sourceSize":{"w":71,"h":83},"pivot":{"x":0.5,"y":0.5}},"santa-asset-79.png":{"frame":{"x":897,"y":1327,"w":81,"h":57},"rotated":false,"trimmed":false,"spriteSourceSize":{"x":0,"y":0,"w":81,"h":57},"sourceSize":{"w":81,"h":57},"pivot":{"x":0.5,"y":0.5}},"santa-asset-81.png":{"frame":{"x":1164,"y":1247,"w":66,"h":80},"rotated":false,"trimmed":false,"spriteSourceSize":{"x":0,"y":0,"w":66,"h":80},"sourceSize":{"w":66,"h":80},"pivot":{"x":0.5,"y":0.5}},"santa-asset-89.png":{"frame":{"x":1224,"y":1174,"w":72,"h":57},"rotated":false,"trimmed":false,"spriteSourceSize":{"x":0,"y":0,"w":72,"h":57},"sourceSize":{"w":72,"h":57},"pivot":{"x":0.5,"y":0.5}},"santa-asset-107.png":{"frame":{"x":903,"y":941,"w":56,"h":69},"rotated":false,"trimmed":false,"spriteSourceSize":{"x":0,"y":0,"w":56,"h":69},"sourceSize":{"w":56,"h":69},"pivot":{"x":0.5,"y":0.5}},"santa-asset-119.png":{"frame":{"x":1065,"y":1340,"w":56,"h":69},"rotated":false,"trimmed":false,"spriteSourceSize":{"x":0,"y":0,"w":56,"h":69},"sourceSize":{"w":56,"h":69},"pivot":{"x":0.5,"y":0.5}},"santa-asset-106.png":{"frame":{"x":1125,"y":1340,"w":50,"h":55},"rotated":false,"trimmed":false,"spriteSourceSize":{"x":0,"y":0,"w":50,"h":55},"sourceSize":{"w":50,"h":55},"pivot":{"x":0.5,"y":0.5}},"santa-asset-118.png":{"frame":{"x":395,"y":729,"w":50,"h":55},"rotated":false,"trimmed":false,"spriteSourceSize":{"x":0,"y":0,"w":50,"h":55},"sourceSize":{"w":50,"h":55},"pivot":{"x":0.5,"y":0.5}},"santa-asset-86.png":{"frame":{"x":1058,"y":2,"w":195,"h":166},"rotated":false,"trimmed":false,"spriteSourceSize":{"x":0,"y":0,"w":195,"h":166},"sourceSize":{"w":195,"h":166},"pivot":{"x":0.5,"y":0.5}},"santa-asset-87.png":{"frame":{"x":285,"y":806,"w":146,"h":217},"rotated":false,"trimmed":false,"spriteSourceSize":{"x":0,"y":0,"w":146,"h":217},"sourceSize":{"w":146,"h":217},"pivot":{"x":0.5,"y":0.5}},"santa-asset-88.png":{"frame":{"x":1094,"y":940,"w":151,"h":185},"rotated":false,"trimmed":false,"spriteSourceSize":{"x":0,"y":0,"w":151,"h":185},"sourceSize":{"w":151,"h":185},"pivot":{"x":0.5,"y":0.5}}},"meta":{"app":"http://github.com/odrick/free-tex-packer-core","version":"0.1.9","image":"b.png","format":"RGBA8888","size":{"w":2048,"h":2048},"scale":1}}