{"frames":{"pogo-man-asset-78.png":{"frame":{"x":2,"y":2,"w":30,"h":393},"rotated":false,"trimmed":false,"spriteSourceSize":{"x":0,"y":0,"w":30,"h":393},"sourceSize":{"w":30,"h":393},"pivot":{"x":0.5,"y":0.5}},"pogo-man-asset-76.png":{"frame":{"x":36,"y":2,"w":60,"h":375},"rotated":false,"trimmed":false,"spriteSourceSize":{"x":0,"y":0,"w":60,"h":375},"sourceSize":{"w":60,"h":375},"pivot":{"x":0.5,"y":0.5}},"pogo-man-asset-77.png":{"frame":{"x":100,"y":2,"w":30,"h":296},"rotated":false,"trimmed":false,"spriteSourceSize":{"x":0,"y":0,"w":30,"h":296},"sourceSize":{"w":30,"h":296},"pivot":{"x":0.5,"y":0.5}},"pogo-man-asset-108.png":{"frame":{"x":134,"y":2,"w":82,"h":258},"rotated":false,"trimmed":false,"spriteSourceSize":{"x":0,"y":0,"w":82,"h":258},"sourceSize":{"w":82,"h":258},"pivot":{"x":0.5,"y":0.5}},"pogo-man-asset-116.png":{"frame":{"x":220,"y":2,"w":93,"h":258},"rotated":false,"trimmed":false,"spriteSourceSize":{"x":0,"y":0,"w":93,"h":258},"sourceSize":{"w":93,"h":258},"pivot":{"x":0.5,"y":0.5}},"pogo-man-asset-119.png":{"frame":{"x":317,"y":2,"w":93,"h":258},"rotated":false,"trimmed":false,"spriteSourceSize":{"x":0,"y":0,"w":93,"h":258},"sourceSize":{"w":93,"h":258},"pivot":{"x":0.5,"y":0.5}},"pogo-man-asset-51.png":{"frame":{"x":2,"y":399,"w":93,"h":258},"rotated":false,"trimmed":false,"spriteSourceSize":{"x":0,"y":0,"w":93,"h":258},"sourceSize":{"w":93,"h":258},"pivot":{"x":0.5,"y":0.5}},"pogo-man-asset-52.png":{"frame":{"x":99,"y":381,"w":93,"h":258},"rotated":false,"trimmed":false,"spriteSourceSize":{"x":0,"y":0,"w":93,"h":258},"sourceSize":{"w":93,"h":258},"pivot":{"x":0.5,"y":0.5}},"pogo-man-asset-104.png":{"frame":{"x":196,"y":264,"w":82,"h":255},"rotated":false,"trimmed":false,"spriteSourceSize":{"x":0,"y":0,"w":82,"h":255},"sourceSize":{"w":82,"h":255},"pivot":{"x":0.5,"y":0.5}},"pogo-man-asset-113.png":{"frame":{"x":282,"y":264,"w":83,"h":254},"rotated":false,"trimmed":false,"spriteSourceSize":{"x":0,"y":0,"w":83,"h":254},"sourceSize":{"w":83,"h":254},"pivot":{"x":0.5,"y":0.5}},"pogo-man-asset-117.png":{"frame":{"x":414,"y":2,"w":83,"h":254},"rotated":false,"trimmed":false,"spriteSourceSize":{"x":0,"y":0,"w":83,"h":254},"sourceSize":{"w":83,"h":254},"pivot":{"x":0.5,"y":0.5}},"pogo-man-asset-49.png":{"frame":{"x":414,"y":260,"w":83,"h":254},"rotated":false,"trimmed":false,"spriteSourceSize":{"x":0,"y":0,"w":83,"h":254},"sourceSize":{"w":83,"h":254},"pivot":{"x":0.5,"y":0.5}},"pogo-man-asset-50.png":{"frame":{"x":501,"y":2,"w":83,"h":254},"rotated":false,"trimmed":false,"spriteSourceSize":{"x":0,"y":0,"w":83,"h":254},"sourceSize":{"w":83,"h":254},"pivot":{"x":0.5,"y":0.5}},"pogo-man-asset-110.png":{"frame":{"x":588,"y":2,"w":89,"h":252},"rotated":false,"trimmed":false,"spriteSourceSize":{"x":0,"y":0,"w":89,"h":252},"sourceSize":{"w":89,"h":252},"pivot":{"x":0.5,"y":0.5}},"pogo-man-asset-107.png":{"frame":{"x":588,"y":258,"w":89,"h":249},"rotated":false,"trimmed":false,"spriteSourceSize":{"x":0,"y":0,"w":89,"h":249},"sourceSize":{"w":89,"h":249},"pivot":{"x":0.5,"y":0.5}},"pogo-man-asset-122.png":{"frame":{"x":2,"y":661,"w":118,"h":236},"rotated":false,"trimmed":false,"spriteSourceSize":{"x":0,"y":0,"w":118,"h":236},"sourceSize":{"w":118,"h":236},"pivot":{"x":0.5,"y":0.5}},"pogo-man-asset-125.png":{"frame":{"x":124,"y":643,"w":118,"h":236},"rotated":false,"trimmed":false,"spriteSourceSize":{"x":0,"y":0,"w":118,"h":236},"sourceSize":{"w":118,"h":236},"pivot":{"x":0.5,"y":0.5}},"pogo-man-asset-126.png":{"frame":{"x":501,"y":511,"w":118,"h":230},"rotated":false,"trimmed":false,"spriteSourceSize":{"x":0,"y":0,"w":118,"h":230},"sourceSize":{"w":118,"h":230},"pivot":{"x":0.5,"y":0.5}},"pogo-man-asset-129.png":{"frame":{"x":369,"y":518,"w":120,"h":222},"rotated":false,"trimmed":false,"spriteSourceSize":{"x":0,"y":0,"w":120,"h":222},"sourceSize":{"w":120,"h":222},"pivot":{"x":0.5,"y":0.5}},"pogo-man-asset-35.png":{"frame":{"x":681,"y":2,"w":120,"h":222},"rotated":false,"trimmed":false,"spriteSourceSize":{"x":0,"y":0,"w":120,"h":222},"sourceSize":{"w":120,"h":222},"pivot":{"x":0.5,"y":0.5}},"pogo-man-asset-130.png":{"frame":{"x":623,"y":511,"w":122,"h":222},"rotated":false,"trimmed":false,"spriteSourceSize":{"x":0,"y":0,"w":122,"h":222},"sourceSize":{"w":122,"h":222},"pivot":{"x":0.5,"y":0.5}},"pogo-man-asset-36.png":{"frame":{"x":805,"y":2,"w":122,"h":222},"rotated":false,"trimmed":false,"spriteSourceSize":{"x":0,"y":0,"w":122,"h":222},"sourceSize":{"w":122,"h":222},"pivot":{"x":0.5,"y":0.5}},"pogo-man-asset-75.png":{"frame":{"x":369,"y":264,"w":33,"h":219},"rotated":false,"trimmed":false,"spriteSourceSize":{"x":0,"y":0,"w":33,"h":219},"sourceSize":{"w":33,"h":219},"pivot":{"x":0.5,"y":0.5}},"pogo-man-asset-121.png":{"frame":{"x":246,"y":523,"w":118,"h":217},"rotated":false,"trimmed":false,"spriteSourceSize":{"x":0,"y":0,"w":118,"h":217},"sourceSize":{"w":118,"h":217},"pivot":{"x":0.5,"y":0.5}},"pogo-man-asset-83.png":{"frame":{"x":501,"y":260,"w":65,"h":214},"rotated":false,"trimmed":false,"spriteSourceSize":{"x":0,"y":0,"w":65,"h":214},"sourceSize":{"w":65,"h":214},"pivot":{"x":0.5,"y":0.5}},"pogo-man-asset-82.png":{"frame":{"x":681,"y":228,"w":64,"h":209},"rotated":false,"trimmed":true,"spriteSourceSize":{"x":0,"y":0,"w":64,"h":209},"sourceSize":{"w":64,"h":210},"pivot":{"x":0.5,"y":0.5}},"pogo-man-asset-79.png":{"frame":{"x":749,"y":228,"w":30,"h":204},"rotated":false,"trimmed":false,"spriteSourceSize":{"x":0,"y":0,"w":30,"h":204},"sourceSize":{"w":30,"h":204},"pivot":{"x":0.5,"y":0.5}},"pogo-man-asset-105.png":{"frame":{"x":783,"y":228,"w":82,"h":199},"rotated":false,"trimmed":false,"spriteSourceSize":{"x":0,"y":0,"w":82,"h":199},"sourceSize":{"w":82,"h":199},"pivot":{"x":0.5,"y":0.5}},"pogo-man-asset-19.png":{"frame":{"x":783,"y":431,"w":71,"h":199},"rotated":false,"trimmed":false,"spriteSourceSize":{"x":0,"y":0,"w":71,"h":199},"sourceSize":{"w":71,"h":199},"pivot":{"x":0.5,"y":0.5}},"pogo-man-asset-7.png":{"frame":{"x":749,"y":634,"w":80,"h":193},"rotated":false,"trimmed":false,"spriteSourceSize":{"x":0,"y":0,"w":80,"h":193},"sourceSize":{"w":80,"h":193},"pivot":{"x":0.5,"y":0.5}},"pogo-man-asset-95.png":{"frame":{"x":833,"y":634,"w":80,"h":193},"rotated":false,"trimmed":false,"spriteSourceSize":{"x":0,"y":0,"w":80,"h":193},"sourceSize":{"w":80,"h":193},"pivot":{"x":0.5,"y":0.5}},"pogo-man-asset-111.png":{"frame":{"x":2,"y":901,"w":89,"h":193},"rotated":false,"trimmed":false,"spriteSourceSize":{"x":0,"y":0,"w":89,"h":193},"sourceSize":{"w":89,"h":193},"pivot":{"x":0.5,"y":0.5}},"pogo-man-asset-127.png":{"frame":{"x":95,"y":901,"w":71,"h":188},"rotated":false,"trimmed":false,"spriteSourceSize":{"x":0,"y":0,"w":71,"h":188},"sourceSize":{"w":71,"h":188},"pivot":{"x":0.5,"y":0.5}},"pogo-man-asset-120.png":{"frame":{"x":170,"y":883,"w":93,"h":185},"rotated":false,"trimmed":false,"spriteSourceSize":{"x":0,"y":0,"w":93,"h":185},"sourceSize":{"w":93,"h":185},"pivot":{"x":0.5,"y":0.5}},"pogo-man-asset-128.png":{"frame":{"x":623,"y":737,"w":80,"h":183},"rotated":false,"trimmed":false,"spriteSourceSize":{"x":0,"y":0,"w":80,"h":183},"sourceSize":{"w":80,"h":183},"pivot":{"x":0.5,"y":0.5}},"pogo-man-asset-62.png":{"frame":{"x":707,"y":831,"w":80,"h":183},"rotated":false,"trimmed":false,"spriteSourceSize":{"x":0,"y":0,"w":80,"h":183},"sourceSize":{"w":80,"h":183},"pivot":{"x":0.5,"y":0.5}},"pogo-man-asset-114.png":{"frame":{"x":791,"y":831,"w":83,"h":181},"rotated":false,"trimmed":false,"spriteSourceSize":{"x":0,"y":0,"w":83,"h":181},"sourceSize":{"w":83,"h":181},"pivot":{"x":0.5,"y":0.5}},"pogo-man-asset-20.png":{"frame":{"x":267,"y":744,"w":78,"h":181},"rotated":false,"trimmed":false,"spriteSourceSize":{"x":0,"y":0,"w":78,"h":181},"sourceSize":{"w":78,"h":181},"pivot":{"x":0.5,"y":0.5}},"pogo-man-asset-123.png":{"frame":{"x":349,"y":744,"w":71,"h":180},"rotated":false,"trimmed":false,"spriteSourceSize":{"x":0,"y":0,"w":71,"h":180},"sourceSize":{"w":71,"h":180},"pivot":{"x":0.5,"y":0.5}},"pogo-man-asset-21.png":{"frame":{"x":424,"y":744,"w":71,"h":180},"rotated":false,"trimmed":false,"spriteSourceSize":{"x":0,"y":0,"w":71,"h":180},"sourceSize":{"w":71,"h":180},"pivot":{"x":0.5,"y":0.5}},"Bitmap 87.png":{"frame":{"x":858,"y":431,"w":61,"h":178},"rotated":false,"trimmed":false,"spriteSourceSize":{"x":0,"y":0,"w":61,"h":178},"sourceSize":{"w":61,"h":178},"pivot":{"x":0.5,"y":0.5}},"pogo-man-asset-68.png":{"frame":{"x":499,"y":745,"w":61,"h":178},"rotated":false,"trimmed":false,"spriteSourceSize":{"x":0,"y":0,"w":61,"h":178},"sourceSize":{"w":61,"h":178},"pivot":{"x":0.5,"y":0.5}},"pogo-man-asset-9.png":{"frame":{"x":931,"y":2,"w":80,"h":173},"rotated":false,"trimmed":false,"spriteSourceSize":{"x":0,"y":0,"w":80,"h":173},"sourceSize":{"w":80,"h":173},"pivot":{"x":0.5,"y":0.5}},"pogo-man-asset-98.png":{"frame":{"x":931,"y":179,"w":80,"h":173},"rotated":false,"trimmed":false,"spriteSourceSize":{"x":0,"y":0,"w":80,"h":173},"sourceSize":{"w":80,"h":173},"pivot":{"x":0.5,"y":0.5}},"pogo-man-asset-6.png":{"frame":{"x":564,"y":924,"w":64,"h":168},"rotated":false,"trimmed":false,"spriteSourceSize":{"x":0,"y":0,"w":64,"h":168},"sourceSize":{"w":64,"h":168},"pivot":{"x":0.5,"y":0.5}},"pogo-man-asset-92.png":{"frame":{"x":632,"y":924,"w":64,"h":168},"rotated":false,"trimmed":false,"spriteSourceSize":{"x":0,"y":0,"w":64,"h":168},"sourceSize":{"w":64,"h":168},"pivot":{"x":0.5,"y":0.5}},"pogo-man-asset-67.png":{"frame":{"x":349,"y":928,"w":61,"h":166},"rotated":false,"trimmed":false,"spriteSourceSize":{"x":0,"y":0,"w":61,"h":166},"sourceSize":{"w":61,"h":166},"pivot":{"x":0.5,"y":0.5}},"pogo-man-asset-84.png":{"frame":{"x":499,"y":927,"w":61,"h":166},"rotated":false,"trimmed":false,"spriteSourceSize":{"x":0,"y":0,"w":61,"h":166},"sourceSize":{"w":61,"h":166},"pivot":{"x":0.5,"y":0.5}},"pogo-man-asset-70.png":{"frame":{"x":267,"y":929,"w":61,"h":162},"rotated":false,"trimmed":false,"spriteSourceSize":{"x":0,"y":0,"w":61,"h":162},"sourceSize":{"w":61,"h":162},"pivot":{"x":0.5,"y":0.5}},"pogo-man-asset-90.png":{"frame":{"x":414,"y":928,"w":61,"h":162},"rotated":false,"trimmed":false,"spriteSourceSize":{"x":0,"y":0,"w":61,"h":162},"sourceSize":{"w":61,"h":162},"pivot":{"x":0.5,"y":0.5}},"pogo-man-asset-124.png":{"frame":{"x":923,"y":356,"w":78,"h":162},"rotated":false,"trimmed":false,"spriteSourceSize":{"x":0,"y":0,"w":78,"h":162},"sourceSize":{"w":78,"h":162},"pivot":{"x":0.5,"y":0.5}},"pogo-man-asset-22.png":{"frame":{"x":923,"y":522,"w":78,"h":162},"rotated":false,"trimmed":false,"spriteSourceSize":{"x":0,"y":0,"w":78,"h":162},"sourceSize":{"w":78,"h":162},"pivot":{"x":0.5,"y":0.5}},"pogo-man-asset-69.png":{"frame":{"x":917,"y":688,"w":61,"h":150},"rotated":false,"trimmed":false,"spriteSourceSize":{"x":0,"y":0,"w":61,"h":150},"sourceSize":{"w":61,"h":150},"pivot":{"x":0.5,"y":0.5}},"pogo-man-asset-88.png":{"frame":{"x":878,"y":842,"w":61,"h":150},"rotated":false,"trimmed":false,"spriteSourceSize":{"x":0,"y":0,"w":61,"h":150},"sourceSize":{"w":61,"h":150},"pivot":{"x":0.5,"y":0.5}},"pogo-man-asset-8.png":{"frame":{"x":943,"y":842,"w":64,"h":148},"rotated":false,"trimmed":false,"spriteSourceSize":{"x":0,"y":0,"w":64,"h":148},"sourceSize":{"w":64,"h":148},"pivot":{"x":0.5,"y":0.5}},"pogo-man-asset-96.png":{"frame":{"x":1015,"y":2,"w":64,"h":148},"rotated":false,"trimmed":false,"spriteSourceSize":{"x":0,"y":0,"w":64,"h":148},"sourceSize":{"w":64,"h":148},"pivot":{"x":0.5,"y":0.5}},"pogo-man-asset-99.png":{"frame":{"x":982,"y":688,"w":85,"h":146},"rotated":false,"trimmed":false,"spriteSourceSize":{"x":0,"y":0,"w":85,"h":146},"sourceSize":{"w":85,"h":146},"pivot":{"x":0.5,"y":0.5}},"pogo-man-asset-102.png":{"frame":{"x":869,"y":228,"w":49,"h":145},"rotated":false,"trimmed":false,"spriteSourceSize":{"x":0,"y":0,"w":49,"h":145},"sourceSize":{"w":49,"h":145},"pivot":{"x":0.5,"y":0.5}},"pogo-man-asset-71.png":{"frame":{"x":564,"y":745,"w":49,"h":145},"rotated":false,"trimmed":false,"spriteSourceSize":{"x":0,"y":0,"w":49,"h":145},"sourceSize":{"w":49,"h":145},"pivot":{"x":0.5,"y":0.5}},"pogo-man-asset-103.png":{"frame":{"x":1015,"y":154,"w":64,"h":142},"rotated":false,"trimmed":false,"spriteSourceSize":{"x":0,"y":0,"w":64,"h":142},"sourceSize":{"w":64,"h":142},"pivot":{"x":0.5,"y":0.5}},"pogo-man-asset-72.png":{"frame":{"x":1015,"y":300,"w":64,"h":142},"rotated":false,"trimmed":false,"spriteSourceSize":{"x":0,"y":0,"w":64,"h":142},"sourceSize":{"w":64,"h":142},"pivot":{"x":0.5,"y":0.5}},"pogo-man-asset-10.png":{"frame":{"x":1011,"y":838,"w":50,"h":139},"rotated":false,"trimmed":false,"spriteSourceSize":{"x":0,"y":0,"w":50,"h":139},"sourceSize":{"w":50,"h":139},"pivot":{"x":0.5,"y":0.5}},"pogo-man-asset-101.png":{"frame":{"x":1005,"y":446,"w":60,"h":135},"rotated":false,"trimmed":false,"spriteSourceSize":{"x":0,"y":0,"w":60,"h":135},"sourceSize":{"w":60,"h":135},"pivot":{"x":0.5,"y":0.5}},"pogo-man-asset-91.png":{"frame":{"x":1083,"y":2,"w":64,"h":134},"rotated":false,"trimmed":false,"spriteSourceSize":{"x":0,"y":0,"w":64,"h":134},"sourceSize":{"w":64,"h":134},"pivot":{"x":0.5,"y":0.5}},"pogo-man-asset-34.png":{"frame":{"x":2,"y":1098,"w":86,"h":132},"rotated":false,"trimmed":false,"spriteSourceSize":{"x":0,"y":0,"w":86,"h":132},"sourceSize":{"w":86,"h":132},"pivot":{"x":0.5,"y":0.5}},"pogo-man-asset-85.png":{"frame":{"x":1083,"y":140,"w":64,"h":126},"rotated":false,"trimmed":false,"spriteSourceSize":{"x":0,"y":0,"w":64,"h":126},"sourceSize":{"w":64,"h":126},"pivot":{"x":0.5,"y":0.5}},"pogo-man-asset-136.png":{"frame":{"x":1071,"y":446,"w":69,"h":120},"rotated":false,"trimmed":false,"spriteSourceSize":{"x":0,"y":0,"w":69,"h":120},"sourceSize":{"w":69,"h":120},"pivot":{"x":0.5,"y":0.5}},"pogo-man-asset-148.png":{"frame":{"x":92,"y":1098,"w":108,"h":120},"rotated":false,"trimmed":false,"spriteSourceSize":{"x":0,"y":0,"w":108,"h":120},"sourceSize":{"w":108,"h":120},"pivot":{"x":0.5,"y":0.5}},"pogo-man-asset-29.png":{"frame":{"x":204,"y":1098,"w":103,"h":120},"rotated":false,"trimmed":false,"spriteSourceSize":{"x":0,"y":0,"w":103,"h":120},"sourceSize":{"w":103,"h":120},"pivot":{"x":0.5,"y":0.5}},"pogo-man-asset-131.png":{"frame":{"x":1011,"y":981,"w":118,"h":72},"rotated":false,"trimmed":false,"spriteSourceSize":{"x":0,"y":0,"w":118,"h":72},"sourceSize":{"w":118,"h":72},"pivot":{"x":0.5,"y":0.5}},"pogo-man-asset-23.png":{"frame":{"x":878,"y":996,"w":118,"h":56},"rotated":false,"trimmed":false,"spriteSourceSize":{"x":0,"y":0,"w":118,"h":56},"sourceSize":{"w":118,"h":56},"pivot":{"x":0.5,"y":0.5}},"pogo-man-asset-93.png":{"frame":{"x":414,"y":1094,"w":77,"h":117},"rotated":false,"trimmed":false,"spriteSourceSize":{"x":0,"y":0,"w":77,"h":117},"sourceSize":{"w":77,"h":117},"pivot":{"x":0.5,"y":0.5}},"pogo-man-asset-147.png":{"frame":{"x":495,"y":1097,"w":108,"h":115},"rotated":false,"trimmed":false,"spriteSourceSize":{"x":0,"y":0,"w":108,"h":115},"sourceSize":{"w":108,"h":115},"pivot":{"x":0.5,"y":0.5}},"pogo-man-asset-28.png":{"frame":{"x":607,"y":1096,"w":103,"h":115},"rotated":false,"trimmed":false,"spriteSourceSize":{"x":0,"y":0,"w":103,"h":115},"sourceSize":{"w":103,"h":115},"pivot":{"x":0.5,"y":0.5}},"pogo-man-asset-45.png":{"frame":{"x":714,"y":1018,"w":106,"h":112},"rotated":false,"trimmed":false,"spriteSourceSize":{"x":0,"y":0,"w":106,"h":112},"sourceSize":{"w":106,"h":112},"pivot":{"x":0.5,"y":0.5}},"pogo-man-asset-118.png":{"frame":{"x":1083,"y":270,"w":64,"h":111},"rotated":false,"trimmed":false,"spriteSourceSize":{"x":0,"y":0,"w":64,"h":111},"sourceSize":{"w":64,"h":111},"pivot":{"x":0.5,"y":0.5}},"pogo-man-asset-109.png":{"frame":{"x":1069,"y":570,"w":68,"h":110},"rotated":false,"trimmed":false,"spriteSourceSize":{"x":0,"y":0,"w":68,"h":110},"sourceSize":{"w":68,"h":110},"pivot":{"x":0.5,"y":0.5}},"pogo-man-asset-146.png":{"frame":{"x":714,"y":1134,"w":110,"h":90},"rotated":false,"trimmed":false,"spriteSourceSize":{"x":0,"y":0,"w":110,"h":90},"sourceSize":{"w":110,"h":90},"pivot":{"x":0.5,"y":0.5}},"pogo-man-asset-115.png":{"frame":{"x":1071,"y":684,"w":69,"h":109},"rotated":false,"trimmed":false,"spriteSourceSize":{"x":0,"y":0,"w":69,"h":109},"sourceSize":{"w":69,"h":109},"pivot":{"x":0.5,"y":0.5}},"pogo-man-asset-135.png":{"frame":{"x":311,"y":1098,"w":93,"h":109},"rotated":false,"trimmed":false,"spriteSourceSize":{"x":0,"y":0,"w":93,"h":109},"sourceSize":{"w":93,"h":109},"pivot":{"x":0.5,"y":0.5}},"pogo-man-asset-106.png":{"frame":{"x":1071,"y":797,"w":66,"h":108},"rotated":false,"trimmed":false,"spriteSourceSize":{"x":0,"y":0,"w":66,"h":108},"sourceSize":{"w":66,"h":108},"pivot":{"x":0.5,"y":0.5}},"pogo-man-asset-94.png":{"frame":{"x":824,"y":1016,"w":47,"h":103},"rotated":false,"trimmed":false,"spriteSourceSize":{"x":0,"y":0,"w":47,"h":103},"sourceSize":{"w":47,"h":103},"pivot":{"x":0.5,"y":0.5}},"pogo-man-asset-151.png":{"frame":{"x":828,"y":1123,"w":91,"h":102},"rotated":false,"trimmed":false,"spriteSourceSize":{"x":0,"y":0,"w":91,"h":102},"sourceSize":{"w":91,"h":102},"pivot":{"x":0.5,"y":0.5}},"pogo-man-asset-4.png":{"frame":{"x":923,"y":1057,"w":102,"h":102},"rotated":false,"trimmed":false,"spriteSourceSize":{"x":0,"y":0,"w":102,"h":102},"sourceSize":{"w":102,"h":102},"pivot":{"x":0.5,"y":0.5}},"pogo-man-asset-46.png":{"frame":{"x":1029,"y":1057,"w":91,"h":102},"rotated":false,"trimmed":false,"spriteSourceSize":{"x":0,"y":0,"w":91,"h":102},"sourceSize":{"w":91,"h":102},"pivot":{"x":0.5,"y":0.5}},"pogo-man-asset-1.png":{"frame":{"x":1151,"y":2,"w":101,"h":101},"rotated":false,"trimmed":true,"spriteSourceSize":{"x":0,"y":0,"w":101,"h":101},"sourceSize":{"w":102,"h":102},"pivot":{"x":0.5,"y":0.5}},"pogo-man-asset-27.png":{"frame":{"x":1141,"y":570,"w":78,"h":100},"rotated":false,"trimmed":false,"spriteSourceSize":{"x":0,"y":0,"w":78,"h":100},"sourceSize":{"w":78,"h":100},"pivot":{"x":0.5,"y":0.5}},"pogo-man-asset-137.png":{"frame":{"x":1151,"y":107,"w":83,"h":97},"rotated":false,"trimmed":false,"spriteSourceSize":{"x":0,"y":0,"w":83,"h":97},"sourceSize":{"w":83,"h":97},"pivot":{"x":0.5,"y":0.5}},"pogo-man-asset-138.png":{"frame":{"x":1151,"y":208,"w":78,"h":97},"rotated":false,"trimmed":false,"spriteSourceSize":{"x":0,"y":0,"w":78,"h":97},"sourceSize":{"w":78,"h":97},"pivot":{"x":0.5,"y":0.5}},"pogo-man-asset-86.png":{"frame":{"x":1005,"y":585,"w":48,"h":94},"rotated":false,"trimmed":false,"spriteSourceSize":{"x":0,"y":0,"w":48,"h":94},"sourceSize":{"w":48,"h":94},"pivot":{"x":0.5,"y":0.5}},"pogo-man-asset-132.png":{"frame":{"x":1151,"y":309,"w":84,"h":93},"rotated":false,"trimmed":false,"spriteSourceSize":{"x":0,"y":0,"w":84,"h":93},"sourceSize":{"w":84,"h":93},"pivot":{"x":0.5,"y":0.5}},"pogo-man-asset-37.png":{"frame":{"x":1144,"y":674,"w":88,"h":84},"rotated":false,"trimmed":false,"spriteSourceSize":{"x":0,"y":0,"w":88,"h":84},"sourceSize":{"w":88,"h":84},"pivot":{"x":0.5,"y":0.5}},"pogo-man-asset-143.png":{"frame":{"x":170,"y":1072,"w":87,"h":22},"rotated":false,"trimmed":false,"spriteSourceSize":{"x":0,"y":0,"w":87,"h":22},"sourceSize":{"w":87,"h":22},"pivot":{"x":0.5,"y":0.5}},"pogo-man-asset-152.png":{"frame":{"x":100,"y":302,"w":87,"h":54},"rotated":false,"trimmed":false,"spriteSourceSize":{"x":0,"y":0,"w":87,"h":54},"sourceSize":{"w":87,"h":54},"pivot":{"x":0.5,"y":0.5}},"pogo-man-asset-38.png":{"frame":{"x":681,"y":441,"w":87,"h":54},"rotated":false,"trimmed":false,"spriteSourceSize":{"x":0,"y":0,"w":87,"h":54},"sourceSize":{"w":87,"h":54},"pivot":{"x":0.5,"y":0.5}},"pogo-man-asset-97.png":{"frame":{"x":1144,"y":406,"w":47,"h":83},"rotated":false,"trimmed":false,"spriteSourceSize":{"x":0,"y":0,"w":47,"h":83},"sourceSize":{"w":47,"h":83},"pivot":{"x":0.5,"y":0.5}},"pogo-man-asset-89.png":{"frame":{"x":1195,"y":406,"w":47,"h":78},"rotated":false,"trimmed":false,"spriteSourceSize":{"x":0,"y":0,"w":47,"h":78},"sourceSize":{"w":47,"h":78},"pivot":{"x":0.5,"y":0.5}},"pogo-man-asset-133.png":{"frame":{"x":1144,"y":762,"w":70,"h":76},"rotated":false,"trimmed":false,"spriteSourceSize":{"x":0,"y":0,"w":70,"h":76},"sourceSize":{"w":70,"h":76},"pivot":{"x":0.5,"y":0.5}},"pogo-man-asset-139.png":{"frame":{"x":923,"y":1163,"w":75,"h":43},"rotated":false,"trimmed":false,"spriteSourceSize":{"x":0,"y":0,"w":75,"h":43},"sourceSize":{"w":75,"h":43},"pivot":{"x":0.5,"y":0.5}},"pogo-man-asset-145.png":{"frame":{"x":1002,"y":1163,"w":75,"h":56},"rotated":false,"trimmed":false,"spriteSourceSize":{"x":0,"y":0,"w":75,"h":56},"sourceSize":{"w":75,"h":56},"pivot":{"x":0.5,"y":0.5}},"pogo-man-asset-14.png":{"frame":{"x":1195,"y":488,"w":48,"h":74},"rotated":false,"trimmed":false,"spriteSourceSize":{"x":0,"y":0,"w":48,"h":74},"sourceSize":{"w":48,"h":74},"pivot":{"x":0.5,"y":0.5}},"pogo-man-asset-149.png":{"frame":{"x":1141,"y":842,"w":66,"h":74},"rotated":false,"trimmed":false,"spriteSourceSize":{"x":0,"y":0,"w":66,"h":74},"sourceSize":{"w":66,"h":74},"pivot":{"x":0.5,"y":0.5}},"pogo-man-asset-47.png":{"frame":{"x":1133,"y":920,"w":66,"h":74},"rotated":false,"trimmed":false,"spriteSourceSize":{"x":0,"y":0,"w":66,"h":74},"sourceSize":{"w":66,"h":74},"pivot":{"x":0.5,"y":0.5}},"pogo-man-asset-134.png":{"frame":{"x":1133,"y":998,"w":71,"h":73},"rotated":false,"trimmed":false,"spriteSourceSize":{"x":0,"y":0,"w":71,"h":73},"sourceSize":{"w":71,"h":73},"pivot":{"x":0.5,"y":0.5}},"heart-asset-3.png":{"frame":{"x":1124,"y":1075,"w":53,"h":71},"rotated":false,"trimmed":false,"spriteSourceSize":{"x":0,"y":0,"w":53,"h":71},"sourceSize":{"w":53,"h":71},"pivot":{"x":0.5,"y":0.5}},"heart-asset-4.png":{"frame":{"x":1124,"y":1150,"w":53,"h":71},"rotated":false,"trimmed":false,"spriteSourceSize":{"x":0,"y":0,"w":53,"h":71},"sourceSize":{"w":53,"h":71},"pivot":{"x":0.5,"y":0.5}},"heart-asset-5.png":{"frame":{"x":1181,"y":1075,"w":53,"h":71},"rotated":false,"trimmed":false,"spriteSourceSize":{"x":0,"y":0,"w":53,"h":71},"sourceSize":{"w":53,"h":71},"pivot":{"x":0.5,"y":0.5}},"heart-asset-1.png":{"frame":{"x":1181,"y":1150,"w":51,"h":70},"rotated":false,"trimmed":false,"spriteSourceSize":{"x":0,"y":0,"w":51,"h":70},"sourceSize":{"w":51,"h":70},"pivot":{"x":0.5,"y":0.5}},"pogo-man-asset-140.png":{"frame":{"x":2,"y":1234,"w":55,"h":69},"rotated":false,"trimmed":false,"spriteSourceSize":{"x":0,"y":0,"w":55,"h":69},"sourceSize":{"w":55,"h":69},"pivot":{"x":0.5,"y":0.5}},"pogo-man-asset-141.png":{"frame":{"x":61,"y":1234,"w":56,"h":69},"rotated":false,"trimmed":false,"spriteSourceSize":{"x":0,"y":0,"w":56,"h":69},"sourceSize":{"w":56,"h":69},"pivot":{"x":0.5,"y":0.5}},"pogo-man-asset-43.png":{"frame":{"x":121,"y":1229,"w":55,"h":69},"rotated":false,"trimmed":false,"spriteSourceSize":{"x":0,"y":0,"w":55,"h":69},"sourceSize":{"w":55,"h":69},"pivot":{"x":0.5,"y":0.5}},"pogo-man-asset-74.png":{"frame":{"x":1144,"y":493,"w":47,"h":66},"rotated":false,"trimmed":false,"spriteSourceSize":{"x":0,"y":0,"w":47,"h":66},"sourceSize":{"w":47,"h":66},"pivot":{"x":0.5,"y":0.5}},"pogo-man-asset-142.png":{"frame":{"x":1065,"y":909,"w":58,"h":42},"rotated":false,"trimmed":false,"spriteSourceSize":{"x":0,"y":0,"w":58,"h":42},"sourceSize":{"w":58,"h":42},"pivot":{"x":0.5,"y":0.5}},"pogo-man-asset-13.png":{"frame":{"x":875,"y":1056,"w":44,"h":54},"rotated":false,"trimmed":false,"spriteSourceSize":{"x":0,"y":0,"w":44,"h":54},"sourceSize":{"w":44,"h":54},"pivot":{"x":0.5,"y":0.5}},"pogo-man-asset-153.png":{"frame":{"x":196,"y":523,"w":45,"h":41},"rotated":false,"trimmed":false,"spriteSourceSize":{"x":0,"y":0,"w":45,"h":41},"sourceSize":{"w":45,"h":41},"pivot":{"x":0.5,"y":0.5}},"pogo-man-asset-39.png":{"frame":{"x":196,"y":568,"w":45,"h":41},"rotated":false,"trimmed":false,"spriteSourceSize":{"x":0,"y":0,"w":45,"h":41},"sourceSize":{"w":45,"h":41},"pivot":{"x":0.5,"y":0.5}},"pogo-man-asset-73.png":{"frame":{"x":1211,"y":842,"w":41,"h":45},"rotated":false,"trimmed":false,"spriteSourceSize":{"x":0,"y":0,"w":41,"h":45},"sourceSize":{"w":41,"h":45},"pivot":{"x":0.5,"y":0.5}},"pogo-man-asset-150.png":{"frame":{"x":1211,"y":891,"w":41,"h":37},"rotated":false,"trimmed":false,"spriteSourceSize":{"x":0,"y":0,"w":41,"h":37},"sourceSize":{"w":41,"h":37},"pivot":{"x":0.5,"y":0.5}},"pogo-man-asset-48.png":{"frame":{"x":1208,"y":932,"w":41,"h":37},"rotated":false,"trimmed":false,"spriteSourceSize":{"x":0,"y":0,"w":41,"h":37},"sourceSize":{"w":41,"h":37},"pivot":{"x":0.5,"y":0.5}},"pogo-man-asset-5.png":{"frame":{"x":1218,"y":762,"w":33,"h":30},"rotated":false,"trimmed":true,"spriteSourceSize":{"x":1,"y":1,"w":33,"h":30},"sourceSize":{"w":34,"h":31},"pivot":{"x":0.5,"y":0.5}},"pogo-man-asset-144.png":{"frame":{"x":1233,"y":208,"w":18,"h":30},"rotated":false,"trimmed":false,"spriteSourceSize":{"x":0,"y":0,"w":18,"h":30},"sourceSize":{"w":18,"h":30},"pivot":{"x":0.5,"y":0.5}},"pogo-man-asset-2.png":{"frame":{"x":700,"y":1018,"w":10,"h":10},"rotated":false,"trimmed":false,"spriteSourceSize":{"x":0,"y":0,"w":10,"h":10},"sourceSize":{"w":10,"h":10},"pivot":{"x":0.5,"y":0.5}},"pogo-man-asset-3.png":{"frame":{"x":700,"y":1032,"w":10,"h":10},"rotated":false,"trimmed":false,"spriteSourceSize":{"x":0,"y":0,"w":10,"h":10},"sourceSize":{"w":10,"h":10},"pivot":{"x":0.5,"y":0.5}},"heart-asset-6.png":{"frame":{"x":1181,"y":1150,"w":51,"h":70},"rotated":false,"trimmed":false,"spriteSourceSize":{"x":0,"y":0,"w":51,"h":70},"sourceSize":{"w":51,"h":70},"pivot":{"x":0.5,"y":0.5}},"pogo-man-asset-100.png":{"frame":{"x":1011,"y":838,"w":50,"h":139},"rotated":false,"trimmed":false,"spriteSourceSize":{"x":0,"y":0,"w":50,"h":139},"sourceSize":{"w":50,"h":139},"pivot":{"x":0.5,"y":0.5}},"pogo-man-asset-12.png":{"frame":{"x":1005,"y":446,"w":60,"h":135},"rotated":false,"trimmed":false,"spriteSourceSize":{"x":0,"y":0,"w":60,"h":135},"sourceSize":{"w":60,"h":135},"pivot":{"x":0.5,"y":0.5}},"pogo-man-asset-15.png":{"frame":{"x":196,"y":264,"w":82,"h":255},"rotated":false,"trimmed":false,"spriteSourceSize":{"x":0,"y":0,"w":82,"h":255},"sourceSize":{"w":82,"h":255},"pivot":{"x":0.5,"y":0.5}},"pogo-man-asset-16.png":{"frame":{"x":588,"y":258,"w":89,"h":249},"rotated":false,"trimmed":false,"spriteSourceSize":{"x":0,"y":0,"w":89,"h":249},"sourceSize":{"w":89,"h":249},"pivot":{"x":0.5,"y":0.5}},"pogo-man-asset-17.png":{"frame":{"x":134,"y":2,"w":82,"h":258},"rotated":false,"trimmed":false,"spriteSourceSize":{"x":0,"y":0,"w":82,"h":258},"sourceSize":{"w":82,"h":258},"pivot":{"x":0.5,"y":0.5}},"pogo-man-asset-59.png":{"frame":{"x":124,"y":643,"w":118,"h":236},"rotated":false,"trimmed":false,"spriteSourceSize":{"x":0,"y":0,"w":118,"h":236},"sourceSize":{"w":118,"h":236},"pivot":{"x":0.5,"y":0.5}},"pogo-man-asset-61.png":{"frame":{"x":95,"y":901,"w":71,"h":188},"rotated":false,"trimmed":false,"spriteSourceSize":{"x":0,"y":0,"w":71,"h":188},"sourceSize":{"w":71,"h":188},"pivot":{"x":0.5,"y":0.5}},"pogo-man-asset-24.png":{"frame":{"x":1151,"y":309,"w":84,"h":93},"rotated":false,"trimmed":false,"spriteSourceSize":{"x":0,"y":0,"w":84,"h":93},"sourceSize":{"w":84,"h":93},"pivot":{"x":0.5,"y":0.5}},"pogo-man-asset-26.png":{"frame":{"x":1144,"y":762,"w":70,"h":76},"rotated":false,"trimmed":false,"spriteSourceSize":{"x":0,"y":0,"w":70,"h":76},"sourceSize":{"w":70,"h":76},"pivot":{"x":0.5,"y":0.5}},"pogo-man-asset-25.png":{"frame":{"x":1133,"y":998,"w":71,"h":73},"rotated":false,"trimmed":false,"spriteSourceSize":{"x":0,"y":0,"w":71,"h":73},"sourceSize":{"w":71,"h":73},"pivot":{"x":0.5,"y":0.5}},"pogo-man-asset-30.png":{"frame":{"x":311,"y":1098,"w":93,"h":109},"rotated":false,"trimmed":false,"spriteSourceSize":{"x":0,"y":0,"w":93,"h":109},"sourceSize":{"w":93,"h":109},"pivot":{"x":0.5,"y":0.5}},"pogo-man-asset-31.png":{"frame":{"x":1071,"y":446,"w":69,"h":120},"rotated":false,"trimmed":false,"spriteSourceSize":{"x":0,"y":0,"w":69,"h":120},"sourceSize":{"w":69,"h":120},"pivot":{"x":0.5,"y":0.5}},"pogo-man-asset-32.png":{"frame":{"x":1151,"y":107,"w":83,"h":97},"rotated":false,"trimmed":false,"spriteSourceSize":{"x":0,"y":0,"w":83,"h":97},"sourceSize":{"w":83,"h":97},"pivot":{"x":0.5,"y":0.5}},"pogo-man-asset-33.png":{"frame":{"x":1151,"y":208,"w":78,"h":97},"rotated":false,"trimmed":false,"spriteSourceSize":{"x":0,"y":0,"w":78,"h":97},"sourceSize":{"w":78,"h":97},"pivot":{"x":0.5,"y":0.5}},"pogo-man-asset-41.png":{"frame":{"x":923,"y":1163,"w":75,"h":43},"rotated":false,"trimmed":false,"spriteSourceSize":{"x":0,"y":0,"w":75,"h":43},"sourceSize":{"w":75,"h":43},"pivot":{"x":0.5,"y":0.5}},"pogo-man-asset-42.png":{"frame":{"x":61,"y":1234,"w":56,"h":69},"rotated":false,"trimmed":false,"spriteSourceSize":{"x":0,"y":0,"w":56,"h":69},"sourceSize":{"w":56,"h":69},"pivot":{"x":0.5,"y":0.5}},"pogo-man-asset-44.png":{"frame":{"x":1065,"y":909,"w":58,"h":42},"rotated":false,"trimmed":false,"spriteSourceSize":{"x":0,"y":0,"w":58,"h":42},"sourceSize":{"w":58,"h":42},"pivot":{"x":0.5,"y":0.5}},"pogo-man-asset-40.png":{"frame":{"x":1002,"y":1163,"w":75,"h":56},"rotated":false,"trimmed":false,"spriteSourceSize":{"x":0,"y":0,"w":75,"h":56},"sourceSize":{"w":75,"h":56},"pivot":{"x":0.5,"y":0.5}},"pogo-man-asset-81.png":{"frame":{"x":369,"y":264,"w":33,"h":219},"rotated":false,"trimmed":false,"spriteSourceSize":{"x":0,"y":0,"w":33,"h":219},"sourceSize":{"w":33,"h":219},"pivot":{"x":0.5,"y":0.5}},"pogo-man-asset-80.png":{"frame":{"x":36,"y":2,"w":60,"h":375},"rotated":false,"trimmed":false,"spriteSourceSize":{"x":0,"y":0,"w":60,"h":375},"sourceSize":{"w":60,"h":375},"pivot":{"x":0.5,"y":0.5}},"pogo-man-asset-18.png":{"frame":{"x":588,"y":2,"w":89,"h":252},"rotated":false,"trimmed":false,"spriteSourceSize":{"x":0,"y":0,"w":89,"h":252},"sourceSize":{"w":89,"h":252},"pivot":{"x":0.5,"y":0.5}},"pogo-man-asset-60.png":{"frame":{"x":501,"y":511,"w":118,"h":230},"rotated":false,"trimmed":false,"spriteSourceSize":{"x":0,"y":0,"w":118,"h":230},"sourceSize":{"w":118,"h":230},"pivot":{"x":0.5,"y":0.5}}},"meta":{"app":"http://github.com/odrick/free-tex-packer-core","version":"0.1.9","image":"character9.png","format":"RGBA8888","size":{"w":2048,"h":2048},"scale":1}}