{"frames":{"fat-lady-asset-80.png":{"frame":{"x":2,"y":2,"w":680,"h":378},"rotated":false,"trimmed":false,"spriteSourceSize":{"x":0,"y":0,"w":680,"h":378},"sourceSize":{"w":680,"h":378},"pivot":{"x":0.5,"y":0.5}},"fat-lady-asset-87.png":{"frame":{"x":2,"y":384,"w":354,"h":21},"rotated":false,"trimmed":false,"spriteSourceSize":{"x":0,"y":0,"w":354,"h":21},"sourceSize":{"w":354,"h":21},"pivot":{"x":0.5,"y":0.5}},"fat-lady-asset-43.png":{"frame":{"x":2,"y":409,"w":165,"h":300},"rotated":false,"trimmed":false,"spriteSourceSize":{"x":0,"y":0,"w":165,"h":300},"sourceSize":{"w":165,"h":300},"pivot":{"x":0.5,"y":0.5}},"fat-lady-asset-86.png":{"frame":{"x":360,"y":384,"w":294,"h":189},"rotated":false,"trimmed":false,"spriteSourceSize":{"x":0,"y":0,"w":294,"h":189},"sourceSize":{"w":294,"h":189},"pivot":{"x":0.5,"y":0.5}},"fat-lady-asset-6.png":{"frame":{"x":686,"y":2,"w":276,"h":286},"rotated":false,"trimmed":false,"spriteSourceSize":{"x":0,"y":0,"w":276,"h":286},"sourceSize":{"w":276,"h":286},"pivot":{"x":0.5,"y":0.5}},"fat-lady-asset-89.png":{"frame":{"x":686,"y":292,"w":266,"h":222},"rotated":false,"trimmed":false,"spriteSourceSize":{"x":0,"y":0,"w":266,"h":222},"sourceSize":{"w":266,"h":222},"pivot":{"x":0.5,"y":0.5}},"fat-lady-asset-101.png":{"frame":{"x":171,"y":409,"w":47,"h":263},"rotated":false,"trimmed":false,"spriteSourceSize":{"x":0,"y":0,"w":47,"h":263},"sourceSize":{"w":47,"h":263},"pivot":{"x":0.5,"y":0.5}},"fat-lady-asset-5.png":{"frame":{"x":2,"y":713,"w":262,"h":241},"rotated":false,"trimmed":false,"spriteSourceSize":{"x":0,"y":0,"w":262,"h":241},"sourceSize":{"w":262,"h":241},"pivot":{"x":0.5,"y":0.5}},"fat-lady-asset-38.png":{"frame":{"x":268,"y":577,"w":180,"h":258},"rotated":false,"trimmed":false,"spriteSourceSize":{"x":0,"y":0,"w":180,"h":258},"sourceSize":{"w":180,"h":258},"pivot":{"x":0.5,"y":0.5}},"fat-lady-asset-33.png":{"frame":{"x":658,"y":518,"w":253,"h":192},"rotated":false,"trimmed":false,"spriteSourceSize":{"x":0,"y":0,"w":253,"h":192},"sourceSize":{"w":253,"h":192},"pivot":{"x":0.5,"y":0.5}},"fat-lady-asset-34.png":{"frame":{"x":452,"y":714,"w":253,"h":208},"rotated":false,"trimmed":false,"spriteSourceSize":{"x":0,"y":0,"w":253,"h":208},"sourceSize":{"w":253,"h":208},"pivot":{"x":0.5,"y":0.5}},"fat-lady-asset-121.png":{"frame":{"x":2,"y":958,"w":183,"h":252},"rotated":false,"trimmed":false,"spriteSourceSize":{"x":0,"y":0,"w":183,"h":252},"sourceSize":{"w":183,"h":252},"pivot":{"x":0.5,"y":0.5}},"fat-lady-asset-35.png":{"frame":{"x":189,"y":958,"w":167,"h":249},"rotated":false,"trimmed":false,"spriteSourceSize":{"x":0,"y":0,"w":167,"h":249},"sourceSize":{"w":167,"h":249},"pivot":{"x":0.5,"y":0.5}},"fat-lady-asset-118.png":{"frame":{"x":360,"y":926,"w":167,"h":248},"rotated":false,"trimmed":false,"spriteSourceSize":{"x":0,"y":0,"w":167,"h":248},"sourceSize":{"w":167,"h":248},"pivot":{"x":0.5,"y":0.5}},"fat-lady-asset-41.png":{"frame":{"x":531,"y":926,"w":180,"h":247},"rotated":false,"trimmed":false,"spriteSourceSize":{"x":0,"y":0,"w":180,"h":247},"sourceSize":{"w":180,"h":247},"pivot":{"x":0.5,"y":0.5}},"fat-lady-asset-39.png":{"frame":{"x":715,"y":714,"w":167,"h":238},"rotated":false,"trimmed":false,"spriteSourceSize":{"x":0,"y":0,"w":167,"h":238},"sourceSize":{"w":167,"h":238},"pivot":{"x":0.5,"y":0.5}},"fat-lady-asset-124.png":{"frame":{"x":715,"y":956,"w":183,"h":236},"rotated":false,"trimmed":false,"spriteSourceSize":{"x":0,"y":0,"w":183,"h":236},"sourceSize":{"w":183,"h":236},"pivot":{"x":0.5,"y":0.5}},"fat-lady-asset-122.png":{"frame":{"x":966,"y":2,"w":167,"h":232},"rotated":false,"trimmed":false,"spriteSourceSize":{"x":0,"y":0,"w":167,"h":232},"sourceSize":{"w":167,"h":232},"pivot":{"x":0.5,"y":0.5}},"fat-lady-asset-103.png":{"frame":{"x":886,"y":714,"w":71,"h":227},"rotated":false,"trimmed":false,"spriteSourceSize":{"x":0,"y":0,"w":71,"h":227},"sourceSize":{"w":71,"h":227},"pivot":{"x":0.5,"y":0.5}},"fat-lady-asset-104.png":{"frame":{"x":902,"y":945,"w":81,"h":227},"rotated":false,"trimmed":false,"spriteSourceSize":{"x":0,"y":0,"w":81,"h":227},"sourceSize":{"w":81,"h":227},"pivot":{"x":0.5,"y":0.5}},"fat-lady-asset-88.png":{"frame":{"x":1137,"y":2,"w":227,"h":197},"rotated":false,"trimmed":true,"spriteSourceSize":{"x":0,"y":1,"w":227,"h":197},"sourceSize":{"w":227,"h":198},"pivot":{"x":0.5,"y":0.5}},"fat-lady-asset-139.png":{"frame":{"x":1137,"y":203,"w":146,"h":217},"rotated":false,"trimmed":false,"spriteSourceSize":{"x":0,"y":0,"w":146,"h":217},"sourceSize":{"w":146,"h":217},"pivot":{"x":0.5,"y":0.5}},"fat-lady-asset-90.png":{"frame":{"x":987,"y":238,"w":107,"h":205},"rotated":false,"trimmed":false,"spriteSourceSize":{"x":0,"y":0,"w":107,"h":205},"sourceSize":{"w":107,"h":205},"pivot":{"x":0.5,"y":0.5}},"fat-lady-asset-25.png":{"frame":{"x":1098,"y":424,"w":203,"h":107},"rotated":false,"trimmed":true,"spriteSourceSize":{"x":0,"y":0,"w":203,"h":107},"sourceSize":{"w":204,"h":107},"pivot":{"x":0.5,"y":0.5}},"fat-lady-asset-119.png":{"frame":{"x":987,"y":535,"w":183,"h":197},"rotated":false,"trimmed":false,"spriteSourceSize":{"x":0,"y":0,"w":183,"h":197},"sourceSize":{"w":183,"h":197},"pivot":{"x":0.5,"y":0.5}},"fat-lady-asset-42.png":{"frame":{"x":961,"y":736,"w":180,"h":196},"rotated":false,"trimmed":false,"spriteSourceSize":{"x":0,"y":0,"w":180,"h":196},"sourceSize":{"w":180,"h":196},"pivot":{"x":0.5,"y":0.5}},"fat-lady-asset-138.png":{"frame":{"x":1145,"y":736,"w":195,"h":166},"rotated":false,"trimmed":false,"spriteSourceSize":{"x":0,"y":0,"w":195,"h":166},"sourceSize":{"w":195,"h":166},"pivot":{"x":0.5,"y":0.5}},"fat-lady-asset-36.png":{"frame":{"x":1174,"y":535,"w":167,"h":187},"rotated":false,"trimmed":false,"spriteSourceSize":{"x":0,"y":0,"w":167,"h":187},"sourceSize":{"w":167,"h":187},"pivot":{"x":0.5,"y":0.5}},"fat-lady-asset-137.png":{"frame":{"x":1145,"y":906,"w":151,"h":185},"rotated":false,"trimmed":false,"spriteSourceSize":{"x":0,"y":0,"w":151,"h":185},"sourceSize":{"w":151,"h":185},"pivot":{"x":0.5,"y":0.5}},"fat-lady-asset-133.png":{"frame":{"x":987,"y":936,"w":89,"h":168},"rotated":false,"trimmed":false,"spriteSourceSize":{"x":0,"y":0,"w":89,"h":168},"sourceSize":{"w":89,"h":168},"pivot":{"x":0.5,"y":0.5}},"fat-lady-asset-135.png":{"frame":{"x":2,"y":1214,"w":89,"h":168},"rotated":false,"trimmed":false,"spriteSourceSize":{"x":0,"y":0,"w":89,"h":168},"sourceSize":{"w":89,"h":168},"pivot":{"x":0.5,"y":0.5}},"fat-lady-asset-13.png":{"frame":{"x":95,"y":1214,"w":92,"h":167},"rotated":false,"trimmed":false,"spriteSourceSize":{"x":0,"y":0,"w":92,"h":167},"sourceSize":{"w":92,"h":167},"pivot":{"x":0.5,"y":0.5}},"fat-lady-asset-16.png":{"frame":{"x":191,"y":1211,"w":92,"h":167},"rotated":false,"trimmed":false,"spriteSourceSize":{"x":0,"y":0,"w":92,"h":167},"sourceSize":{"w":92,"h":167},"pivot":{"x":0.5,"y":0.5}},"fat-lady-asset-148.png":{"frame":{"x":287,"y":1211,"w":156,"h":167},"rotated":false,"trimmed":false,"spriteSourceSize":{"x":0,"y":0,"w":156,"h":167},"sourceSize":{"w":156,"h":167},"pivot":{"x":0.5,"y":0.5}},"fat-lady-asset-26.png":{"frame":{"x":222,"y":409,"w":106,"h":164},"rotated":false,"trimmed":false,"spriteSourceSize":{"x":0,"y":0,"w":106,"h":164},"sourceSize":{"w":106,"h":164},"pivot":{"x":0.5,"y":0.5}},"fat-lady-asset-10.png":{"frame":{"x":447,"y":1196,"w":89,"h":162},"rotated":false,"trimmed":false,"spriteSourceSize":{"x":0,"y":0,"w":89,"h":162},"sourceSize":{"w":89,"h":162},"pivot":{"x":0.5,"y":0.5}},"fat-lady-asset-129.png":{"frame":{"x":540,"y":1196,"w":89,"h":162},"rotated":false,"trimmed":false,"spriteSourceSize":{"x":0,"y":0,"w":89,"h":162},"sourceSize":{"w":89,"h":162},"pivot":{"x":0.5,"y":0.5}},"fat-lady-asset-132.png":{"frame":{"x":633,"y":1196,"w":89,"h":162},"rotated":false,"trimmed":false,"spriteSourceSize":{"x":0,"y":0,"w":89,"h":162},"sourceSize":{"w":89,"h":162},"pivot":{"x":0.5,"y":0.5}},"fat-lady-asset-14.png":{"frame":{"x":726,"y":1196,"w":89,"h":162},"rotated":false,"trimmed":false,"spriteSourceSize":{"x":0,"y":0,"w":89,"h":162},"sourceSize":{"w":89,"h":162},"pivot":{"x":0.5,"y":0.5}},"fat-lady-asset-150.png":{"frame":{"x":819,"y":1196,"w":147,"h":159},"rotated":false,"trimmed":false,"spriteSourceSize":{"x":0,"y":0,"w":147,"h":159},"sourceSize":{"w":147,"h":159},"pivot":{"x":0.5,"y":0.5}},"fat-lady-asset-149.png":{"frame":{"x":970,"y":1176,"w":152,"h":158},"rotated":false,"trimmed":false,"spriteSourceSize":{"x":0,"y":0,"w":152,"h":158},"sourceSize":{"w":152,"h":158},"pivot":{"x":0.5,"y":0.5}},"fat-lady-asset-147.png":{"frame":{"x":452,"y":577,"w":157,"h":131},"rotated":false,"trimmed":false,"spriteSourceSize":{"x":0,"y":0,"w":157,"h":131},"sourceSize":{"w":157,"h":131},"pivot":{"x":0.5,"y":0.5}},"fat-lady-asset-117.png":{"frame":{"x":1126,"y":1095,"w":99,"h":156},"rotated":false,"trimmed":false,"spriteSourceSize":{"x":0,"y":0,"w":99,"h":156},"sourceSize":{"w":99,"h":156},"pivot":{"x":0.5,"y":0.5}},"fat-lady-asset-20.png":{"frame":{"x":1229,"y":1095,"w":105,"h":151},"rotated":false,"trimmed":false,"spriteSourceSize":{"x":0,"y":0,"w":105,"h":151},"sourceSize":{"w":105,"h":151},"pivot":{"x":0.5,"y":0.5}},"fat-lady-asset-116.png":{"frame":{"x":1368,"y":2,"w":105,"h":148},"rotated":false,"trimmed":false,"spriteSourceSize":{"x":0,"y":0,"w":105,"h":148},"sourceSize":{"w":105,"h":148},"pivot":{"x":0.5,"y":0.5}},"fat-lady-asset-4.png":{"frame":{"x":1345,"y":203,"w":109,"h":148},"rotated":false,"trimmed":false,"spriteSourceSize":{"x":0,"y":0,"w":109,"h":148},"sourceSize":{"w":109,"h":148},"pivot":{"x":0.5,"y":0.5}},"fat-lady-asset-19.png":{"frame":{"x":1345,"y":355,"w":106,"h":145},"rotated":false,"trimmed":true,"spriteSourceSize":{"x":0,"y":0,"w":106,"h":145},"sourceSize":{"w":106,"h":147},"pivot":{"x":0.5,"y":0.5}},"fat-lady-asset-37.png":{"frame":{"x":1345,"y":504,"w":123,"h":144},"rotated":false,"trimmed":false,"spriteSourceSize":{"x":0,"y":0,"w":123,"h":144},"sourceSize":{"w":123,"h":144},"pivot":{"x":0.5,"y":0.5}},"fat-lady-asset-151.png":{"frame":{"x":1345,"y":652,"w":99,"h":142},"rotated":false,"trimmed":false,"spriteSourceSize":{"x":0,"y":0,"w":99,"h":142},"sourceSize":{"w":99,"h":142},"pivot":{"x":0.5,"y":0.5}},"fat-lady-asset-120.png":{"frame":{"x":1344,"y":798,"w":124,"h":140},"rotated":false,"trimmed":false,"spriteSourceSize":{"x":0,"y":0,"w":124,"h":140},"sourceSize":{"w":124,"h":140},"pivot":{"x":0.5,"y":0.5}},"fat-lady-asset-111.png":{"frame":{"x":1300,"y":942,"w":137,"h":137},"rotated":false,"trimmed":false,"spriteSourceSize":{"x":0,"y":0,"w":137,"h":137},"sourceSize":{"w":137,"h":137},"pivot":{"x":0.5,"y":0.5}},"fat-lady-asset-105.png":{"frame":{"x":1338,"y":1083,"w":112,"h":136},"rotated":false,"trimmed":false,"spriteSourceSize":{"x":0,"y":0,"w":112,"h":136},"sourceSize":{"w":112,"h":136},"pivot":{"x":0.5,"y":0.5}},"fat-lady-asset-9.png":{"frame":{"x":1338,"y":1223,"w":135,"h":111},"rotated":false,"trimmed":false,"spriteSourceSize":{"x":0,"y":0,"w":135,"h":111},"sourceSize":{"w":135,"h":111},"pivot":{"x":0.5,"y":0.5}},"fat-lady-asset-114.png":{"frame":{"x":1229,"y":1250,"w":105,"h":134},"rotated":false,"trimmed":false,"spriteSourceSize":{"x":0,"y":0,"w":105,"h":134},"sourceSize":{"w":105,"h":134},"pivot":{"x":0.5,"y":0.5}},"fat-lady-asset-127.png":{"frame":{"x":2,"y":1386,"w":64,"h":134},"rotated":false,"trimmed":false,"spriteSourceSize":{"x":0,"y":0,"w":64,"h":134},"sourceSize":{"w":64,"h":134},"pivot":{"x":0.5,"y":0.5}},"fat-lady-asset-18.png":{"frame":{"x":70,"y":1386,"w":105,"h":134},"rotated":false,"trimmed":false,"spriteSourceSize":{"x":0,"y":0,"w":105,"h":134},"sourceSize":{"w":105,"h":134},"pivot":{"x":0.5,"y":0.5}},"fat-lady-asset-21.png":{"frame":{"x":179,"y":1385,"w":64,"h":134},"rotated":false,"trimmed":false,"spriteSourceSize":{"x":0,"y":0,"w":64,"h":134},"sourceSize":{"w":64,"h":134},"pivot":{"x":0.5,"y":0.5}},"fat-lady-asset-40.png":{"frame":{"x":247,"y":1382,"w":123,"h":133},"rotated":false,"trimmed":false,"spriteSourceSize":{"x":0,"y":0,"w":123,"h":133},"sourceSize":{"w":123,"h":133},"pivot":{"x":0.5,"y":0.5}},"fat-lady-asset-17.png":{"frame":{"x":374,"y":1388,"w":92,"h":131},"rotated":false,"trimmed":false,"spriteSourceSize":{"x":0,"y":0,"w":92,"h":131},"sourceSize":{"w":92,"h":131},"pivot":{"x":0.5,"y":0.5}},"fat-lady-asset-128.png":{"frame":{"x":470,"y":1388,"w":64,"h":129},"rotated":false,"trimmed":false,"spriteSourceSize":{"x":0,"y":0,"w":64,"h":129},"sourceSize":{"w":64,"h":129},"pivot":{"x":0.5,"y":0.5}},"fat-lady-asset-11.png":{"frame":{"x":538,"y":1388,"w":89,"h":127},"rotated":false,"trimmed":false,"spriteSourceSize":{"x":0,"y":0,"w":89,"h":127},"sourceSize":{"w":89,"h":127},"pivot":{"x":0.5,"y":0.5}},"fat-lady-asset-22.png":{"frame":{"x":1080,"y":936,"w":61,"h":125},"rotated":false,"trimmed":false,"spriteSourceSize":{"x":0,"y":0,"w":61,"h":125},"sourceSize":{"w":61,"h":125},"pivot":{"x":0.5,"y":0.5}},"fat-lady-asset-123.png":{"frame":{"x":631,"y":1388,"w":124,"h":124},"rotated":false,"trimmed":false,"spriteSourceSize":{"x":0,"y":0,"w":124,"h":124},"sourceSize":{"w":124,"h":124},"pivot":{"x":0.5,"y":0.5}},"fat-lady-asset-130.png":{"frame":{"x":1126,"y":1255,"w":89,"h":122},"rotated":false,"trimmed":false,"spriteSourceSize":{"x":0,"y":0,"w":89,"h":122},"sourceSize":{"w":89,"h":122},"pivot":{"x":0.5,"y":0.5}},"fat-lady-asset-136.png":{"frame":{"x":759,"y":1388,"w":89,"h":122},"rotated":false,"trimmed":false,"spriteSourceSize":{"x":0,"y":0,"w":89,"h":122},"sourceSize":{"w":89,"h":122},"pivot":{"x":0.5,"y":0.5}},"fat-lady-asset-115.png":{"frame":{"x":987,"y":1108,"w":121,"h":45},"rotated":false,"trimmed":false,"spriteSourceSize":{"x":0,"y":0,"w":121,"h":45},"sourceSize":{"w":121,"h":45},"pivot":{"x":0.5,"y":0.5}},"fat-lady-asset-27.png":{"frame":{"x":1338,"y":1338,"w":120,"h":45},"rotated":false,"trimmed":false,"spriteSourceSize":{"x":0,"y":0,"w":120,"h":45},"sourceSize":{"w":120,"h":45},"pivot":{"x":0.5,"y":0.5}},"fat-lady-asset-3.png":{"frame":{"x":1338,"y":1387,"w":117,"h":63},"rotated":false,"trimmed":false,"spriteSourceSize":{"x":0,"y":0,"w":117,"h":63},"sourceSize":{"w":117,"h":63},"pivot":{"x":0.5,"y":0.5}},"fat-lady-asset-106.png":{"frame":{"x":852,"y":1388,"w":84,"h":116},"rotated":false,"trimmed":false,"spriteSourceSize":{"x":0,"y":0,"w":84,"h":116},"sourceSize":{"w":84,"h":116},"pivot":{"x":0.5,"y":0.5}},"fat-lady-asset-112.png":{"frame":{"x":940,"y":1454,"w":116,"h":62},"rotated":false,"trimmed":false,"spriteSourceSize":{"x":0,"y":0,"w":116,"h":62},"sourceSize":{"w":116,"h":62},"pivot":{"x":0.5,"y":0.5}},"fat-lady-asset-8.png":{"frame":{"x":1060,"y":1388,"w":106,"h":115},"rotated":false,"trimmed":false,"spriteSourceSize":{"x":0,"y":0,"w":106,"h":115},"sourceSize":{"w":106,"h":115},"pivot":{"x":0.5,"y":0.5}},"fat-lady-asset-110.png":{"frame":{"x":970,"y":1338,"w":82,"h":107},"rotated":false,"trimmed":false,"spriteSourceSize":{"x":0,"y":0,"w":82,"h":107},"sourceSize":{"w":82,"h":107},"pivot":{"x":0.5,"y":0.5}},"fat-lady-asset-134.png":{"frame":{"x":268,"y":839,"w":72,"h":107},"rotated":false,"trimmed":false,"spriteSourceSize":{"x":0,"y":0,"w":72,"h":107},"sourceSize":{"w":72,"h":107},"pivot":{"x":0.5,"y":0.5}},"fat-lady-asset-12.png":{"frame":{"x":915,"y":518,"w":68,"h":102},"rotated":false,"trimmed":false,"spriteSourceSize":{"x":0,"y":0,"w":68,"h":102},"sourceSize":{"w":68,"h":102},"pivot":{"x":0.5,"y":0.5}},"fat-lady-asset-131.png":{"frame":{"x":1170,"y":1388,"w":72,"h":102},"rotated":false,"trimmed":false,"spriteSourceSize":{"x":0,"y":0,"w":72,"h":102},"sourceSize":{"w":72,"h":102},"pivot":{"x":0.5,"y":0.5}},"fat-lady-asset-15.png":{"frame":{"x":1246,"y":1388,"w":68,"h":102},"rotated":false,"trimmed":false,"spriteSourceSize":{"x":0,"y":0,"w":68,"h":102},"sourceSize":{"w":68,"h":102},"pivot":{"x":0.5,"y":0.5}},"fat-lady-asset-102.png":{"frame":{"x":1477,"y":2,"w":60,"h":90},"rotated":false,"trimmed":false,"spriteSourceSize":{"x":0,"y":0,"w":60,"h":90},"sourceSize":{"w":60,"h":90},"pivot":{"x":0.5,"y":0.5}},"fat-lady-asset-140.png":{"frame":{"x":1448,"y":652,"w":87,"h":36},"rotated":false,"trimmed":false,"spriteSourceSize":{"x":0,"y":0,"w":87,"h":36},"sourceSize":{"w":87,"h":36},"pivot":{"x":0.5,"y":0.5}},"fat-lady-asset-108.png":{"frame":{"x":1305,"y":203,"w":36,"h":85},"rotated":false,"trimmed":false,"spriteSourceSize":{"x":0,"y":0,"w":36,"h":85},"sourceSize":{"w":36,"h":85},"pivot":{"x":0.5,"y":0.5}},"fat-lady-asset-144.png":{"frame":{"x":1458,"y":154,"w":79,"h":49},"rotated":false,"trimmed":false,"spriteSourceSize":{"x":0,"y":0,"w":79,"h":49},"sourceSize":{"w":79,"h":49},"pivot":{"x":0.5,"y":0.5}},"fat-lady-asset-146.png":{"frame":{"x":1462,"y":1338,"w":75,"h":56},"rotated":false,"trimmed":false,"spriteSourceSize":{"x":0,"y":0,"w":75,"h":56},"sourceSize":{"w":75,"h":56},"pivot":{"x":0.5,"y":0.5}},"heart-asset-2.png":{"frame":{"x":1287,"y":292,"w":52,"h":71},"rotated":false,"trimmed":false,"spriteSourceSize":{"x":0,"y":0,"w":52,"h":71},"sourceSize":{"w":52,"h":71},"pivot":{"x":0.5,"y":0.5}},"heart-asset-3.png":{"frame":{"x":1477,"y":692,"w":53,"h":71},"rotated":false,"trimmed":false,"spriteSourceSize":{"x":0,"y":0,"w":53,"h":71},"sourceSize":{"w":53,"h":71},"pivot":{"x":0.5,"y":0.5}},"heart-asset-4.png":{"frame":{"x":1477,"y":767,"w":53,"h":71},"rotated":false,"trimmed":false,"spriteSourceSize":{"x":0,"y":0,"w":53,"h":71},"sourceSize":{"w":53,"h":71},"pivot":{"x":0.5,"y":0.5}},"heart-asset-5.png":{"frame":{"x":1477,"y":842,"w":53,"h":71},"rotated":false,"trimmed":false,"spriteSourceSize":{"x":0,"y":0,"w":53,"h":71},"sourceSize":{"w":53,"h":71},"pivot":{"x":0.5,"y":0.5}},"heart-asset-1.png":{"frame":{"x":1477,"y":917,"w":51,"h":70},"rotated":false,"trimmed":false,"spriteSourceSize":{"x":0,"y":0,"w":51,"h":70},"sourceSize":{"w":51,"h":70},"pivot":{"x":0.5,"y":0.5}},"fat-lady-asset-145.png":{"frame":{"x":956,"y":447,"w":59,"h":67},"rotated":false,"trimmed":false,"spriteSourceSize":{"x":0,"y":0,"w":59,"h":67},"sourceSize":{"w":59,"h":67},"pivot":{"x":0.5,"y":0.5}},"fat-lady-asset-143.png":{"frame":{"x":1472,"y":207,"w":65,"h":50},"rotated":false,"trimmed":false,"spriteSourceSize":{"x":0,"y":0,"w":65,"h":50},"sourceSize":{"w":65,"h":50},"pivot":{"x":0.5,"y":0.5}},"fat-lady-asset-107.png":{"frame":{"x":613,"y":577,"w":40,"h":64},"rotated":false,"trimmed":false,"spriteSourceSize":{"x":0,"y":0,"w":40,"h":64},"sourceSize":{"w":40,"h":64},"pivot":{"x":0.5,"y":0.5}},"fat-lady-asset-142.png":{"frame":{"x":1318,"y":1454,"w":55,"h":64},"rotated":false,"trimmed":false,"spriteSourceSize":{"x":0,"y":0,"w":55,"h":64},"sourceSize":{"w":55,"h":64},"pivot":{"x":0.5,"y":0.5}},"fat-lady-asset-7.png":{"frame":{"x":1472,"y":261,"w":64,"h":56},"rotated":false,"trimmed":false,"spriteSourceSize":{"x":0,"y":0,"w":64,"h":56},"sourceSize":{"w":64,"h":56},"pivot":{"x":0.5,"y":0.5}},"fat-lady-asset-97.png":{"frame":{"x":1377,"y":1454,"w":46,"h":62},"rotated":false,"trimmed":false,"spriteSourceSize":{"x":0,"y":0,"w":46,"h":62},"sourceSize":{"w":46,"h":62},"pivot":{"x":0.5,"y":0.5}},"fat-lady-asset-126.png":{"frame":{"x":1427,"y":1454,"w":49,"h":60},"rotated":false,"trimmed":false,"spriteSourceSize":{"x":0,"y":0,"w":49,"h":60},"sourceSize":{"w":49,"h":60},"pivot":{"x":0.5,"y":0.5}},"fat-lady-asset-24.png":{"frame":{"x":1480,"y":1398,"w":49,"h":60},"rotated":false,"trimmed":false,"spriteSourceSize":{"x":0,"y":0,"w":49,"h":60},"sourceSize":{"w":49,"h":60},"pivot":{"x":0.5,"y":0.5}},"fat-lady-asset-65.png":{"frame":{"x":1480,"y":1462,"w":50,"h":57},"rotated":false,"trimmed":false,"spriteSourceSize":{"x":0,"y":0,"w":50,"h":57},"sourceSize":{"w":50,"h":57},"pivot":{"x":0.5,"y":0.5}},"fat-lady-asset-99.png":{"frame":{"x":819,"y":1359,"w":55,"h":25},"rotated":false,"trimmed":false,"spriteSourceSize":{"x":0,"y":0,"w":55,"h":25},"sourceSize":{"w":55,"h":25},"pivot":{"x":0.5,"y":0.5}},"fat-lady-asset-113.png":{"frame":{"x":1287,"y":367,"w":53,"h":38},"rotated":false,"trimmed":false,"spriteSourceSize":{"x":0,"y":0,"w":53,"h":38},"sourceSize":{"w":53,"h":38},"pivot":{"x":0.5,"y":0.5}},"fat-lady-asset-93.png":{"frame":{"x":1098,"y":238,"w":35,"h":53},"rotated":false,"trimmed":false,"spriteSourceSize":{"x":0,"y":0,"w":35,"h":53},"sourceSize":{"w":35,"h":53},"pivot":{"x":0.5,"y":0.5}},"fat-lady-asset-95.png":{"frame":{"x":360,"y":1178,"w":50,"h":28},"rotated":false,"trimmed":false,"spriteSourceSize":{"x":0,"y":0,"w":50,"h":28},"sourceSize":{"w":50,"h":28},"pivot":{"x":0.5,"y":0.5}},"fat-lady-asset-125.png":{"frame":{"x":1477,"y":96,"w":43,"h":48},"rotated":false,"trimmed":false,"spriteSourceSize":{"x":0,"y":0,"w":43,"h":48},"sourceSize":{"w":43,"h":48},"pivot":{"x":0.5,"y":0.5}},"fat-lady-asset-23.png":{"frame":{"x":1477,"y":991,"w":44,"h":48},"rotated":false,"trimmed":false,"spriteSourceSize":{"x":0,"y":0,"w":44,"h":48},"sourceSize":{"w":44,"h":48},"pivot":{"x":0.5,"y":0.5}},"fat-lady-asset-91.png":{"frame":{"x":1305,"y":409,"w":36,"h":48},"rotated":false,"trimmed":false,"spriteSourceSize":{"x":0,"y":0,"w":36,"h":48},"sourceSize":{"w":36,"h":48},"pivot":{"x":0.5,"y":0.5}},"fat-lady-asset-96.png":{"frame":{"x":1368,"y":154,"w":47,"h":37},"rotated":false,"trimmed":false,"spriteSourceSize":{"x":0,"y":0,"w":47,"h":37},"sourceSize":{"w":47,"h":37},"pivot":{"x":0.5,"y":0.5}},"fat-lady-asset-98.png":{"frame":{"x":1056,"y":1338,"w":47,"h":40},"rotated":false,"trimmed":false,"spriteSourceSize":{"x":0,"y":0,"w":47,"h":40},"sourceSize":{"w":47,"h":40},"pivot":{"x":0.5,"y":0.5}},"fat-lady-asset-94.png":{"frame":{"x":613,"y":645,"w":38,"h":46},"rotated":false,"trimmed":false,"spriteSourceSize":{"x":0,"y":0,"w":38,"h":46},"sourceSize":{"w":38,"h":46},"pivot":{"x":0.5,"y":0.5}},"fat-lady-asset-66.png":{"frame":{"x":1477,"y":1043,"w":44,"h":40},"rotated":false,"trimmed":false,"spriteSourceSize":{"x":0,"y":0,"w":44,"h":40},"sourceSize":{"w":44,"h":40},"pivot":{"x":0.5,"y":0.5}},"fat-lady-asset-92.png":{"frame":{"x":222,"y":577,"w":41,"h":27},"rotated":false,"trimmed":false,"spriteSourceSize":{"x":0,"y":0,"w":41,"h":27},"sourceSize":{"w":41,"h":27},"pivot":{"x":0.5,"y":0.5}},"fat-lady-asset-141.png":{"frame":{"x":658,"y":384,"w":24,"h":40},"rotated":false,"trimmed":false,"spriteSourceSize":{"x":0,"y":0,"w":24,"h":40},"sourceSize":{"w":24,"h":40},"pivot":{"x":0.5,"y":0.5}},"fat-lady-asset-100.png":{"frame":{"x":171,"y":676,"w":36,"h":33},"rotated":false,"trimmed":false,"spriteSourceSize":{"x":0,"y":0,"w":36,"h":33},"sourceSize":{"w":36,"h":33},"pivot":{"x":0.5,"y":0.5}},"fat-lady-asset-45.png":{"frame":{"x":1300,"y":906,"w":11,"h":32},"rotated":false,"trimmed":false,"spriteSourceSize":{"x":0,"y":0,"w":11,"h":32},"sourceSize":{"w":11,"h":32},"pivot":{"x":0.5,"y":0.5}},"fat-lady-asset-49.png":{"frame":{"x":852,"y":1508,"w":31,"h":11},"rotated":false,"trimmed":false,"spriteSourceSize":{"x":0,"y":0,"w":31,"h":11},"sourceSize":{"w":31,"h":11},"pivot":{"x":0.5,"y":0.5}},"fat-lady-asset-48.png":{"frame":{"x":332,"y":409,"w":24,"h":27},"rotated":false,"trimmed":false,"spriteSourceSize":{"x":0,"y":0,"w":24,"h":27},"sourceSize":{"w":24,"h":27},"pivot":{"x":0.5,"y":0.5}},"fat-lady-asset-57.png":{"frame":{"x":956,"y":292,"w":27,"h":27},"rotated":false,"trimmed":false,"spriteSourceSize":{"x":0,"y":0,"w":27,"h":27},"sourceSize":{"w":27,"h":27},"pivot":{"x":0.5,"y":0.5}},"fat-lady-asset-58.png":{"frame":{"x":956,"y":323,"w":27,"h":27},"rotated":false,"trimmed":false,"spriteSourceSize":{"x":0,"y":0,"w":27,"h":27},"sourceSize":{"w":27,"h":27},"pivot":{"x":0.5,"y":0.5}},"fat-lady-asset-44.png":{"frame":{"x":658,"y":428,"w":24,"h":21},"rotated":false,"trimmed":false,"spriteSourceSize":{"x":0,"y":0,"w":24,"h":21},"sourceSize":{"w":24,"h":21},"pivot":{"x":0.5,"y":0.5}},"fat-lady-asset-50.png":{"frame":{"x":332,"y":440,"w":24,"h":21},"rotated":false,"trimmed":false,"spriteSourceSize":{"x":0,"y":0,"w":24,"h":21},"sourceSize":{"w":24,"h":21},"pivot":{"x":0.5,"y":0.5}},"fat-lady-asset-54.png":{"frame":{"x":961,"y":624,"w":21,"h":24},"rotated":false,"trimmed":false,"spriteSourceSize":{"x":0,"y":0,"w":21,"h":24},"sourceSize":{"w":21,"h":24},"pivot":{"x":0.5,"y":0.5}},"fat-lady-asset-52.png":{"frame":{"x":658,"y":453,"w":23,"h":20},"rotated":false,"trimmed":false,"spriteSourceSize":{"x":0,"y":0,"w":23,"h":20},"sourceSize":{"w":23,"h":20},"pivot":{"x":0.5,"y":0.5}},"fat-lady-asset-53.png":{"frame":{"x":332,"y":465,"w":23,"h":23},"rotated":false,"trimmed":false,"spriteSourceSize":{"x":0,"y":0,"w":23,"h":23},"sourceSize":{"w":23,"h":23},"pivot":{"x":0.5,"y":0.5}},"fat-lady-asset-51.png":{"frame":{"x":447,"y":1362,"w":22,"h":22},"rotated":false,"trimmed":false,"spriteSourceSize":{"x":0,"y":0,"w":22,"h":22},"sourceSize":{"w":22,"h":22},"pivot":{"x":0.5,"y":0.5}},"fat-lady-asset-55.png":{"frame":{"x":961,"y":652,"w":22,"h":22},"rotated":false,"trimmed":false,"spriteSourceSize":{"x":0,"y":0,"w":22,"h":22},"sourceSize":{"w":22,"h":22},"pivot":{"x":0.5,"y":0.5}},"fat-lady-asset-70.png":{"frame":{"x":531,"y":1177,"w":22,"h":15},"rotated":false,"trimmed":false,"spriteSourceSize":{"x":0,"y":0,"w":22,"h":15},"sourceSize":{"w":22,"h":15},"pivot":{"x":0.5,"y":0.5}},"fat-lady-asset-78.png":{"frame":{"x":473,"y":1362,"w":11,"h":22},"rotated":false,"trimmed":false,"spriteSourceSize":{"x":0,"y":0,"w":11,"h":22},"sourceSize":{"w":11,"h":22},"pivot":{"x":0.5,"y":0.5}},"fat-lady-asset-68.png":{"frame":{"x":902,"y":1176,"w":21,"h":16},"rotated":false,"trimmed":false,"spriteSourceSize":{"x":0,"y":0,"w":21,"h":16},"sourceSize":{"w":21,"h":16},"pivot":{"x":0.5,"y":0.5}},"fat-lady-asset-72.png":{"frame":{"x":1459,"y":1398,"w":17,"h":21},"rotated":false,"trimmed":false,"spriteSourceSize":{"x":0,"y":0,"w":17,"h":21},"sourceSize":{"w":17,"h":21},"pivot":{"x":0.5,"y":0.5}},"fat-lady-asset-46.png":{"frame":{"x":961,"y":678,"w":20,"h":17},"rotated":false,"trimmed":false,"spriteSourceSize":{"x":0,"y":0,"w":20,"h":17},"sourceSize":{"w":20,"h":17},"pivot":{"x":0.5,"y":0.5}},"fat-lady-asset-56.png":{"frame":{"x":488,"y":1362,"w":20,"h":20},"rotated":false,"trimmed":false,"spriteSourceSize":{"x":0,"y":0,"w":20,"h":20},"sourceSize":{"w":20,"h":20},"pivot":{"x":0.5,"y":0.5}},"fat-lady-asset-74.png":{"frame":{"x":961,"y":699,"w":20,"h":17},"rotated":false,"trimmed":false,"spriteSourceSize":{"x":0,"y":0,"w":20,"h":17},"sourceSize":{"w":20,"h":17},"pivot":{"x":0.5,"y":0.5}},"fat-lady-asset-76.png":{"frame":{"x":512,"y":1362,"w":20,"h":20},"rotated":false,"trimmed":false,"spriteSourceSize":{"x":0,"y":0,"w":20,"h":20},"sourceSize":{"w":20,"h":20},"pivot":{"x":0.5,"y":0.5}},"fat-lady-asset-47.png":{"frame":{"x":1454,"y":942,"w":18,"h":18},"rotated":false,"trimmed":false,"spriteSourceSize":{"x":0,"y":0,"w":18,"h":18},"sourceSize":{"w":18,"h":18},"pivot":{"x":0.5,"y":0.5}},"fat-lady-asset-73.png":{"frame":{"x":987,"y":518,"w":15,"h":13},"rotated":false,"trimmed":false,"spriteSourceSize":{"x":0,"y":0,"w":15,"h":13},"sourceSize":{"w":15,"h":13},"pivot":{"x":0.5,"y":0.5}},"fat-lady-asset-69.png":{"frame":{"x":344,"y":839,"w":12,"h":14},"rotated":false,"trimmed":false,"spriteSourceSize":{"x":0,"y":0,"w":12,"h":14},"sourceSize":{"w":12,"h":14},"pivot":{"x":0.5,"y":0.5}},"fat-lady-asset-77.png":{"frame":{"x":1287,"y":203,"w":14,"h":13},"rotated":false,"trimmed":false,"spriteSourceSize":{"x":0,"y":0,"w":14,"h":13},"sourceSize":{"w":14,"h":13},"pivot":{"x":0.5,"y":0.5}},"fat-lady-asset-67.png":{"frame":{"x":1525,"y":991,"w":12,"h":12},"rotated":false,"trimmed":false,"spriteSourceSize":{"x":0,"y":0,"w":12,"h":12},"sourceSize":{"w":12,"h":12},"pivot":{"x":0.5,"y":0.5}},"fat-lady-asset-1.png":{"frame":{"x":1112,"y":1065,"w":10,"h":10},"rotated":false,"trimmed":false,"spriteSourceSize":{"x":0,"y":0,"w":10,"h":10},"sourceSize":{"w":10,"h":10},"pivot":{"x":0.5,"y":0.5}},"fat-lady-asset-2.png":{"frame":{"x":1458,"y":207,"w":10,"h":10},"rotated":false,"trimmed":false,"spriteSourceSize":{"x":0,"y":0,"w":10,"h":10},"sourceSize":{"w":10,"h":10},"pivot":{"x":0.5,"y":0.5}},"fat-lady-asset-59.png":{"frame":{"x":488,"y":1362,"w":20,"h":20},"rotated":false,"trimmed":false,"spriteSourceSize":{"x":0,"y":0,"w":20,"h":20},"sourceSize":{"w":20,"h":20},"pivot":{"x":0.5,"y":0.5}},"fat-lady-asset-62.png":{"frame":{"x":488,"y":1362,"w":20,"h":20},"rotated":false,"trimmed":false,"spriteSourceSize":{"x":0,"y":0,"w":20,"h":20},"sourceSize":{"w":20,"h":20},"pivot":{"x":0.5,"y":0.5}},"fat-lady-asset-60.png":{"frame":{"x":956,"y":292,"w":27,"h":27},"rotated":false,"trimmed":false,"spriteSourceSize":{"x":0,"y":0,"w":27,"h":27},"sourceSize":{"w":27,"h":27},"pivot":{"x":0.5,"y":0.5}},"fat-lady-asset-63.png":{"frame":{"x":956,"y":292,"w":27,"h":27},"rotated":false,"trimmed":false,"spriteSourceSize":{"x":0,"y":0,"w":27,"h":27},"sourceSize":{"w":27,"h":27},"pivot":{"x":0.5,"y":0.5}},"fat-lady-asset-61.png":{"frame":{"x":956,"y":323,"w":27,"h":27},"rotated":false,"trimmed":false,"spriteSourceSize":{"x":0,"y":0,"w":27,"h":27},"sourceSize":{"w":27,"h":27},"pivot":{"x":0.5,"y":0.5}},"fat-lady-asset-64.png":{"frame":{"x":956,"y":323,"w":27,"h":27},"rotated":false,"trimmed":false,"spriteSourceSize":{"x":0,"y":0,"w":27,"h":27},"sourceSize":{"w":27,"h":27},"pivot":{"x":0.5,"y":0.5}},"fat-lady-asset-71.png":{"frame":{"x":1525,"y":991,"w":12,"h":12},"rotated":false,"trimmed":false,"spriteSourceSize":{"x":0,"y":0,"w":12,"h":12},"sourceSize":{"w":12,"h":12},"pivot":{"x":0.5,"y":0.5}},"fat-lady-asset-75.png":{"frame":{"x":1525,"y":991,"w":12,"h":12},"rotated":false,"trimmed":false,"spriteSourceSize":{"x":0,"y":0,"w":12,"h":12},"sourceSize":{"w":12,"h":12},"pivot":{"x":0.5,"y":0.5}},"fat-lady-asset-79.png":{"frame":{"x":1525,"y":991,"w":12,"h":12},"rotated":false,"trimmed":false,"spriteSourceSize":{"x":0,"y":0,"w":12,"h":12},"sourceSize":{"w":12,"h":12},"pivot":{"x":0.5,"y":0.5}},"heart-asset-6.png":{"frame":{"x":1477,"y":917,"w":51,"h":70},"rotated":false,"trimmed":false,"spriteSourceSize":{"x":0,"y":0,"w":51,"h":70},"sourceSize":{"w":51,"h":70},"pivot":{"x":0.5,"y":0.5}}},"meta":{"app":"http://github.com/odrick/free-tex-packer-core","version":"0.1.9","image":"character4.png","format":"RGBA8888","size":{"w":2048,"h":2048},"scale":1}}