{"frames":{"wheel-chair-guy-asset-31.png":{"frame":{"x":2,"y":2,"w":457,"h":419},"rotated":false,"trimmed":false,"spriteSourceSize":{"x":0,"y":0,"w":457,"h":419},"sourceSize":{"w":457,"h":419},"pivot":{"x":0.5,"y":0.5}},"wheel-chair-guy-asset-23.png":{"frame":{"x":2,"y":425,"w":157,"h":408},"rotated":false,"trimmed":false,"spriteSourceSize":{"x":0,"y":0,"w":157,"h":408},"sourceSize":{"w":157,"h":408},"pivot":{"x":0.5,"y":0.5}},"wheel-chair-guy-asset-26.png":{"frame":{"x":463,"y":2,"w":400,"h":400},"rotated":false,"trimmed":false,"spriteSourceSize":{"x":0,"y":0,"w":400,"h":400},"sourceSize":{"w":400,"h":400},"pivot":{"x":0.5,"y":0.5}},"wheel-chair-guy-asset-4.png":{"frame":{"x":463,"y":406,"w":326,"h":108},"rotated":false,"trimmed":true,"spriteSourceSize":{"x":40,"y":0,"w":326,"h":108},"sourceSize":{"w":366,"h":108},"pivot":{"x":0.5,"y":0.5}},"wheel-chair-guy-asset-33.png":{"frame":{"x":163,"y":518,"w":249,"h":290},"rotated":false,"trimmed":false,"spriteSourceSize":{"x":0,"y":0,"w":249,"h":290},"sourceSize":{"w":249,"h":290},"pivot":{"x":0.5,"y":0.5}},"wheel-chair-guy-asset-72.png":{"frame":{"x":416,"y":518,"w":259,"h":93},"rotated":false,"trimmed":false,"spriteSourceSize":{"x":0,"y":0,"w":259,"h":93},"sourceSize":{"w":259,"h":93},"pivot":{"x":0.5,"y":0.5}},"wheel-chair-guy-asset-75.png":{"frame":{"x":416,"y":615,"w":258,"h":93},"rotated":false,"trimmed":false,"spriteSourceSize":{"x":0,"y":0,"w":258,"h":93},"sourceSize":{"w":258,"h":93},"pivot":{"x":0.5,"y":0.5}},"wheel-chair-guy-asset-43.png":{"frame":{"x":163,"y":425,"w":257,"h":83},"rotated":false,"trimmed":false,"spriteSourceSize":{"x":0,"y":0,"w":257,"h":83},"sourceSize":{"w":257,"h":83},"pivot":{"x":0.5,"y":0.5}},"wheel-chair-guy-asset-39.png":{"frame":{"x":416,"y":712,"w":255,"h":83},"rotated":false,"trimmed":false,"spriteSourceSize":{"x":0,"y":0,"w":255,"h":83},"sourceSize":{"w":255,"h":83},"pivot":{"x":0.5,"y":0.5}},"wheel-chair-guy-asset-69.png":{"frame":{"x":2,"y":837,"w":255,"h":82},"rotated":false,"trimmed":false,"spriteSourceSize":{"x":0,"y":0,"w":255,"h":82},"sourceSize":{"w":255,"h":82},"pivot":{"x":0.5,"y":0.5}},"wheel-chair-guy-asset-73.png":{"frame":{"x":261,"y":812,"w":254,"h":82},"rotated":false,"trimmed":false,"spriteSourceSize":{"x":0,"y":0,"w":254,"h":82},"sourceSize":{"w":254,"h":82},"pivot":{"x":0.5,"y":0.5}},"wheel-chair-guy-asset-45.png":{"frame":{"x":519,"y":799,"w":252,"h":90},"rotated":false,"trimmed":false,"spriteSourceSize":{"x":0,"y":0,"w":252,"h":90},"sourceSize":{"w":252,"h":90},"pivot":{"x":0.5,"y":0.5}},"wheel-chair-guy-asset-42.png":{"frame":{"x":867,"y":2,"w":250,"h":90},"rotated":false,"trimmed":false,"spriteSourceSize":{"x":0,"y":0,"w":250,"h":90},"sourceSize":{"w":250,"h":90},"pivot":{"x":0.5,"y":0.5}},"wheel-chair-guy-asset-51.png":{"frame":{"x":679,"y":518,"w":110,"h":221},"rotated":false,"trimmed":false,"spriteSourceSize":{"x":0,"y":0,"w":110,"h":221},"sourceSize":{"w":110,"h":221},"pivot":{"x":0.5,"y":0.5}},"wheel-chair-guy-asset-103.png":{"frame":{"x":867,"y":96,"w":68,"h":213},"rotated":false,"trimmed":false,"spriteSourceSize":{"x":0,"y":0,"w":68,"h":213},"sourceSize":{"w":68,"h":213},"pivot":{"x":0.5,"y":0.5}},"wheel-chair-guy-asset-52.png":{"frame":{"x":939,"y":96,"w":116,"h":208},"rotated":false,"trimmed":false,"spriteSourceSize":{"x":0,"y":0,"w":116,"h":208},"sourceSize":{"w":116,"h":208},"pivot":{"x":0.5,"y":0.5}},"wheel-chair-guy-asset-65.png":{"frame":{"x":939,"y":308,"w":77,"h":207},"rotated":false,"trimmed":false,"spriteSourceSize":{"x":0,"y":0,"w":77,"h":207},"sourceSize":{"w":77,"h":207},"pivot":{"x":0.5,"y":0.5}},"wheel-chair-guy-asset-34.png":{"frame":{"x":1020,"y":308,"w":93,"h":206},"rotated":false,"trimmed":false,"spriteSourceSize":{"x":0,"y":0,"w":93,"h":206},"sourceSize":{"w":93,"h":206},"pivot":{"x":0.5,"y":0.5}},"wheel-chair-guy-asset-67.png":{"frame":{"x":1020,"y":518,"w":77,"h":201},"rotated":false,"trimmed":false,"spriteSourceSize":{"x":0,"y":0,"w":77,"h":201},"sourceSize":{"w":77,"h":201},"pivot":{"x":0.5,"y":0.5}},"wheel-chair-guy-asset-66.png":{"frame":{"x":793,"y":406,"w":84,"h":200},"rotated":false,"trimmed":false,"spriteSourceSize":{"x":0,"y":0,"w":84,"h":200},"sourceSize":{"w":84,"h":200},"pivot":{"x":0.5,"y":0.5}},"wheel-chair-guy-asset-40.png":{"frame":{"x":793,"y":610,"w":198,"h":83},"rotated":false,"trimmed":false,"spriteSourceSize":{"x":0,"y":0,"w":198,"h":83},"sourceSize":{"w":198,"h":83},"pivot":{"x":0.5,"y":0.5}},"wheel-chair-guy-asset-68.png":{"frame":{"x":793,"y":723,"w":84,"h":194},"rotated":false,"trimmed":false,"spriteSourceSize":{"x":0,"y":0,"w":84,"h":194},"sourceSize":{"w":84,"h":194},"pivot":{"x":0.5,"y":0.5}},"wheel-chair-guy-asset-18.png":{"frame":{"x":881,"y":723,"w":193,"h":80},"rotated":false,"trimmed":true,"spriteSourceSize":{"x":0,"y":0,"w":193,"h":80},"sourceSize":{"w":194,"h":80},"pivot":{"x":0.5,"y":0.5}},"wheel-chair-guy-asset-35.png":{"frame":{"x":2,"y":923,"w":101,"h":193},"rotated":false,"trimmed":false,"spriteSourceSize":{"x":0,"y":0,"w":101,"h":193},"sourceSize":{"w":101,"h":193},"pivot":{"x":0.5,"y":0.5}},"wheel-chair-guy-asset-46.png":{"frame":{"x":881,"y":807,"w":193,"h":90},"rotated":false,"trimmed":false,"spriteSourceSize":{"x":0,"y":0,"w":193,"h":90},"sourceSize":{"w":193,"h":90},"pivot":{"x":0.5,"y":0.5}},"wheel-chair-guy-asset-36.png":{"frame":{"x":107,"y":923,"w":93,"h":191},"rotated":false,"trimmed":false,"spriteSourceSize":{"x":0,"y":0,"w":93,"h":191},"sourceSize":{"w":93,"h":191},"pivot":{"x":0.5,"y":0.5}},"wheel-chair-guy-asset-76.png":{"frame":{"x":881,"y":901,"w":185,"h":93},"rotated":false,"trimmed":false,"spriteSourceSize":{"x":0,"y":0,"w":185,"h":93},"sourceSize":{"w":185,"h":93},"pivot":{"x":0.5,"y":0.5}},"wheel-chair-guy-asset-11.png":{"frame":{"x":204,"y":923,"w":59,"h":184},"rotated":false,"trimmed":false,"spriteSourceSize":{"x":0,"y":0,"w":59,"h":184},"sourceSize":{"w":59,"h":184},"pivot":{"x":0.5,"y":0.5}},"wheel-chair-guy-asset-55.png":{"frame":{"x":267,"y":921,"w":131,"h":182},"rotated":false,"trimmed":false,"spriteSourceSize":{"x":0,"y":0,"w":131,"h":182},"sourceSize":{"w":131,"h":182},"pivot":{"x":0.5,"y":0.5}},"wheel-chair-guy-asset-70.png":{"frame":{"x":402,"y":998,"w":181,"h":82},"rotated":false,"trimmed":false,"spriteSourceSize":{"x":0,"y":0,"w":181,"h":82},"sourceSize":{"w":181,"h":82},"pivot":{"x":0.5,"y":0.5}},"wheel-chair-guy-asset-27.png":{"frame":{"x":587,"y":921,"w":180,"h":180},"rotated":false,"trimmed":false,"spriteSourceSize":{"x":0,"y":0,"w":180,"h":180},"sourceSize":{"w":180,"h":180},"pivot":{"x":0.5,"y":0.5}},"wheel-chair-guy-asset-32.png":{"frame":{"x":402,"y":898,"w":180,"h":66},"rotated":false,"trimmed":false,"spriteSourceSize":{"x":0,"y":0,"w":180,"h":66},"sourceSize":{"w":180,"h":66},"pivot":{"x":0.5,"y":0.5}},"wheel-chair-guy-asset-37.png":{"frame":{"x":771,"y":921,"w":101,"h":178},"rotated":false,"trimmed":false,"spriteSourceSize":{"x":0,"y":0,"w":101,"h":178},"sourceSize":{"w":101,"h":178},"pivot":{"x":0.5,"y":0.5}},"wheel-chair-guy-asset-21.png":{"frame":{"x":876,"y":998,"w":172,"h":80},"rotated":false,"trimmed":true,"spriteSourceSize":{"x":0,"y":0,"w":172,"h":80},"sourceSize":{"w":173,"h":80},"pivot":{"x":0.5,"y":0.5}},"wheel-chair-guy-asset-84.png":{"frame":{"x":2,"y":1120,"w":168,"h":58},"rotated":false,"trimmed":false,"spriteSourceSize":{"x":0,"y":0,"w":168,"h":58},"sourceSize":{"w":168,"h":58},"pivot":{"x":0.5,"y":0.5}},"wheel-chair-guy-asset-15.png":{"frame":{"x":174,"y":1118,"w":165,"h":60},"rotated":false,"trimmed":false,"spriteSourceSize":{"x":0,"y":0,"w":165,"h":60},"sourceSize":{"w":165,"h":60},"pivot":{"x":0.5,"y":0.5}},"wheel-chair-guy-asset-81.png":{"frame":{"x":343,"y":1107,"w":157,"h":58},"rotated":false,"trimmed":false,"spriteSourceSize":{"x":0,"y":0,"w":157,"h":58},"sourceSize":{"w":157,"h":58},"pivot":{"x":0.5,"y":0.5}},"wheel-chair-guy-asset-87.png":{"frame":{"x":504,"y":1105,"w":154,"h":58},"rotated":false,"trimmed":false,"spriteSourceSize":{"x":0,"y":0,"w":154,"h":58},"sourceSize":{"w":154,"h":58},"pivot":{"x":0.5,"y":0.5}},"wheel-chair-guy-asset-3.png":{"frame":{"x":775,"y":743,"w":9,"h":150},"rotated":false,"trimmed":false,"spriteSourceSize":{"x":0,"y":0,"w":9,"h":150},"sourceSize":{"w":9,"h":150},"pivot":{"x":0.5,"y":0.5}},"wheel-chair-guy-asset-2.png":{"frame":{"x":1121,"y":2,"w":145,"h":99},"rotated":false,"trimmed":false,"spriteSourceSize":{"x":0,"y":0,"w":145,"h":99},"sourceSize":{"w":145,"h":99},"pivot":{"x":0.5,"y":0.5}},"wheel-chair-guy-asset-22.png":{"frame":{"x":1117,"y":105,"w":145,"h":84},"rotated":false,"trimmed":true,"spriteSourceSize":{"x":0,"y":0,"w":145,"h":84},"sourceSize":{"w":146,"h":84},"pivot":{"x":0.5,"y":0.5}},"wheel-chair-guy-asset-19.png":{"frame":{"x":1117,"y":193,"w":144,"h":67},"rotated":false,"trimmed":false,"spriteSourceSize":{"x":0,"y":0,"w":144,"h":67},"sourceSize":{"w":144,"h":67},"pivot":{"x":0.5,"y":0.5}},"wheel-chair-guy-asset-85.png":{"frame":{"x":1117,"y":264,"w":144,"h":58},"rotated":false,"trimmed":false,"spriteSourceSize":{"x":0,"y":0,"w":144,"h":58},"sourceSize":{"w":144,"h":58},"pivot":{"x":0.5,"y":0.5}},"wheel-chair-guy-asset-77.png":{"frame":{"x":881,"y":313,"w":51,"h":143},"rotated":false,"trimmed":false,"spriteSourceSize":{"x":0,"y":0,"w":51,"h":143},"sourceSize":{"w":51,"h":143},"pivot":{"x":0.5,"y":0.5}},"wheel-chair-guy-asset-78.png":{"frame":{"x":1052,"y":998,"w":78,"h":140},"rotated":false,"trimmed":false,"spriteSourceSize":{"x":0,"y":0,"w":78,"h":140},"sourceSize":{"w":78,"h":140},"pivot":{"x":0.5,"y":0.5}},"wheel-chair-guy-asset-12.png":{"frame":{"x":1134,"y":326,"w":73,"h":139},"rotated":false,"trimmed":false,"spriteSourceSize":{"x":0,"y":0,"w":73,"h":139},"sourceSize":{"w":73,"h":139},"pivot":{"x":0.5,"y":0.5}},"wheel-chair-guy-asset-88.png":{"frame":{"x":662,"y":1105,"w":137,"h":64},"rotated":false,"trimmed":false,"spriteSourceSize":{"x":0,"y":0,"w":137,"h":64},"sourceSize":{"w":137,"h":64},"pivot":{"x":0.5,"y":0.5}},"wheel-chair-guy-asset-50.png":{"frame":{"x":1134,"y":469,"w":132,"h":82},"rotated":false,"trimmed":false,"spriteSourceSize":{"x":0,"y":0,"w":132,"h":82},"sourceSize":{"w":132,"h":82},"pivot":{"x":0.5,"y":0.5}},"wheel-chair-guy-asset-82.png":{"frame":{"x":1134,"y":555,"w":126,"h":64},"rotated":false,"trimmed":false,"spriteSourceSize":{"x":0,"y":0,"w":126,"h":64},"sourceSize":{"w":126,"h":64},"pivot":{"x":0.5,"y":0.5}},"wheel-chair-guy-asset-107.png":{"frame":{"x":1134,"y":623,"w":69,"h":120},"rotated":false,"trimmed":false,"spriteSourceSize":{"x":0,"y":0,"w":69,"h":120},"sourceSize":{"w":69,"h":120},"pivot":{"x":0.5,"y":0.5}},"wheel-chair-guy-asset-28.png":{"frame":{"x":1134,"y":747,"w":120,"h":120},"rotated":false,"trimmed":false,"spriteSourceSize":{"x":0,"y":0,"w":120,"h":120},"sourceSize":{"w":120,"h":120},"pivot":{"x":0.5,"y":0.5}},"wheel-chair-guy-asset-16.png":{"frame":{"x":803,"y":1103,"w":117,"h":73},"rotated":false,"trimmed":false,"spriteSourceSize":{"x":0,"y":0,"w":117,"h":73},"sourceSize":{"w":117,"h":73},"pivot":{"x":0.5,"y":0.5}},"wheel-chair-guy-asset-38.png":{"frame":{"x":924,"y":1082,"w":116,"h":61},"rotated":false,"trimmed":false,"spriteSourceSize":{"x":0,"y":0,"w":116,"h":61},"sourceSize":{"w":116,"h":61},"pivot":{"x":0.5,"y":0.5}},"wheel-chair-guy-asset-71.png":{"frame":{"x":881,"y":519,"w":112,"h":74},"rotated":false,"trimmed":false,"spriteSourceSize":{"x":0,"y":0,"w":112,"h":74},"sourceSize":{"w":112,"h":74},"pivot":{"x":0.5,"y":0.5}},"wheel-chair-guy-asset-74.png":{"frame":{"x":1070,"y":901,"w":111,"h":74},"rotated":false,"trimmed":false,"spriteSourceSize":{"x":0,"y":0,"w":111,"h":74},"sourceSize":{"w":111,"h":74},"pivot":{"x":0.5,"y":0.5}},"wheel-chair-guy-asset-44.png":{"frame":{"x":1134,"y":979,"w":110,"h":73},"rotated":false,"trimmed":false,"spriteSourceSize":{"x":0,"y":0,"w":110,"h":73},"sourceSize":{"w":110,"h":73},"pivot":{"x":0.5,"y":0.5}},"wheel-chair-guy-asset-106.png":{"frame":{"x":1134,"y":1056,"w":93,"h":109},"rotated":false,"trimmed":false,"spriteSourceSize":{"x":0,"y":0,"w":93,"h":109},"sourceSize":{"w":93,"h":109},"pivot":{"x":0.5,"y":0.5}},"wheel-chair-guy-asset-41.png":{"frame":{"x":2,"y":1182,"w":109,"h":73},"rotated":false,"trimmed":false,"spriteSourceSize":{"x":0,"y":0,"w":109,"h":73},"sourceSize":{"w":109,"h":73},"pivot":{"x":0.5,"y":0.5}},"wheel-chair-guy-asset-48.png":{"frame":{"x":924,"y":1147,"w":102,"h":105},"rotated":false,"trimmed":false,"spriteSourceSize":{"x":0,"y":0,"w":102,"h":105},"sourceSize":{"w":102,"h":105},"pivot":{"x":0.5,"y":0.5}},"wheel-chair-guy-asset-17.png":{"frame":{"x":115,"y":1182,"w":103,"h":61},"rotated":false,"trimmed":false,"spriteSourceSize":{"x":0,"y":0,"w":103,"h":61},"sourceSize":{"w":103,"h":61},"pivot":{"x":0.5,"y":0.5}},"wheel-chair-guy-asset-47.png":{"frame":{"x":2,"y":1259,"w":102,"h":100},"rotated":false,"trimmed":false,"spriteSourceSize":{"x":0,"y":0,"w":102,"h":100},"sourceSize":{"w":102,"h":100},"pivot":{"x":0.5,"y":0.5}},"wheel-chair-guy-asset-104.png":{"frame":{"x":1185,"y":871,"w":78,"h":97},"rotated":false,"trimmed":false,"spriteSourceSize":{"x":0,"y":0,"w":78,"h":97},"sourceSize":{"w":78,"h":97},"pivot":{"x":0.5,"y":0.5}},"wheel-chair-guy-asset-105.png":{"frame":{"x":1044,"y":1142,"w":83,"h":97},"rotated":false,"trimmed":false,"spriteSourceSize":{"x":0,"y":0,"w":83,"h":97},"sourceSize":{"w":83,"h":97},"pivot":{"x":0.5,"y":0.5}},"wheel-chair-guy-asset-49.png":{"frame":{"x":108,"y":1259,"w":78,"h":96},"rotated":false,"trimmed":false,"spriteSourceSize":{"x":0,"y":0,"w":78,"h":96},"sourceSize":{"w":78,"h":96},"pivot":{"x":0.5,"y":0.5}},"wheel-chair-guy-asset-110.png":{"frame":{"x":190,"y":1256,"w":84,"h":93},"rotated":false,"trimmed":false,"spriteSourceSize":{"x":0,"y":0,"w":84,"h":93},"sourceSize":{"w":84,"h":93},"pivot":{"x":0.5,"y":0.5}},"wheel-chair-guy-asset-83.png":{"frame":{"x":675,"y":743,"w":91,"h":47},"rotated":false,"trimmed":false,"spriteSourceSize":{"x":0,"y":0,"w":91,"h":47},"sourceSize":{"w":91,"h":47},"pivot":{"x":0.5,"y":0.5}},"wheel-chair-guy-asset-58.png":{"frame":{"x":793,"y":697,"w":87,"h":22},"rotated":false,"trimmed":false,"spriteSourceSize":{"x":0,"y":0,"w":87,"h":22},"sourceSize":{"w":87,"h":22},"pivot":{"x":0.5,"y":0.5}},"wheel-chair-guy-asset-53.png":{"frame":{"x":278,"y":1256,"w":74,"h":85},"rotated":false,"trimmed":false,"spriteSourceSize":{"x":0,"y":0,"w":74,"h":85},"sourceSize":{"w":74,"h":85},"pivot":{"x":0.5,"y":0.5}},"wheel-chair-guy-asset-20.png":{"frame":{"x":222,"y":1182,"w":83,"h":69},"rotated":false,"trimmed":false,"spriteSourceSize":{"x":0,"y":0,"w":83,"h":69},"sourceSize":{"w":83,"h":69},"pivot":{"x":0.5,"y":0.5}},"wheel-chair-guy-asset-56.png":{"frame":{"x":343,"y":1169,"w":72,"h":80},"rotated":false,"trimmed":false,"spriteSourceSize":{"x":0,"y":0,"w":72,"h":80},"sourceSize":{"w":72,"h":80},"pivot":{"x":0.5,"y":0.5}},"wheel-chair-guy-asset-86.png":{"frame":{"x":356,"y":1256,"w":78,"h":49},"rotated":false,"trimmed":false,"spriteSourceSize":{"x":0,"y":0,"w":78,"h":49},"sourceSize":{"w":78,"h":49},"pivot":{"x":0.5,"y":0.5}},"wheel-chair-guy-asset-109.png":{"frame":{"x":419,"y":1173,"w":70,"h":76},"rotated":false,"trimmed":false,"spriteSourceSize":{"x":0,"y":0,"w":70,"h":76},"sourceSize":{"w":70,"h":76},"pivot":{"x":0.5,"y":0.5}},"wheel-chair-guy-asset-64.png":{"frame":{"x":438,"y":1256,"w":75,"h":56},"rotated":false,"trimmed":false,"spriteSourceSize":{"x":0,"y":0,"w":75,"h":56},"sourceSize":{"w":75,"h":56},"pivot":{"x":0.5,"y":0.5}},"wheel-chair-guy-asset-14.png":{"frame":{"x":1078,"y":723,"w":48,"h":74},"rotated":false,"trimmed":false,"spriteSourceSize":{"x":0,"y":0,"w":48,"h":74},"sourceSize":{"w":48,"h":74},"pivot":{"x":0.5,"y":0.5}},"wheel-chair-guy-asset-108.png":{"frame":{"x":493,"y":1173,"w":71,"h":73},"rotated":false,"trimmed":false,"spriteSourceSize":{"x":0,"y":0,"w":71,"h":73},"sourceSize":{"w":71,"h":73},"pivot":{"x":0.5,"y":0.5}},"heart-asset-2.png":{"frame":{"x":1078,"y":801,"w":52,"h":71},"rotated":false,"trimmed":false,"spriteSourceSize":{"x":0,"y":0,"w":52,"h":71},"sourceSize":{"w":52,"h":71},"pivot":{"x":0.5,"y":0.5}},"heart-asset-3.png":{"frame":{"x":1059,"y":96,"w":53,"h":71},"rotated":false,"trimmed":false,"spriteSourceSize":{"x":0,"y":0,"w":53,"h":71},"sourceSize":{"w":53,"h":71},"pivot":{"x":0.5,"y":0.5}},"heart-asset-4.png":{"frame":{"x":1059,"y":171,"w":53,"h":71},"rotated":false,"trimmed":false,"spriteSourceSize":{"x":0,"y":0,"w":53,"h":71},"sourceSize":{"w":53,"h":71},"pivot":{"x":0.5,"y":0.5}},"heart-asset-5.png":{"frame":{"x":1211,"y":326,"w":53,"h":71},"rotated":false,"trimmed":false,"spriteSourceSize":{"x":0,"y":0,"w":53,"h":71},"sourceSize":{"w":53,"h":71},"pivot":{"x":0.5,"y":0.5}},"heart-asset-1.png":{"frame":{"x":1207,"y":623,"w":51,"h":70},"rotated":false,"trimmed":false,"spriteSourceSize":{"x":0,"y":0,"w":51,"h":70},"sourceSize":{"w":51,"h":70},"pivot":{"x":0.5,"y":0.5}},"wheel-chair-guy-asset-57.png":{"frame":{"x":568,"y":1167,"w":67,"h":56},"rotated":false,"trimmed":false,"spriteSourceSize":{"x":0,"y":0,"w":67,"h":56},"sourceSize":{"w":67,"h":56},"pivot":{"x":0.5,"y":0.5}},"wheel-chair-guy-asset-80.png":{"frame":{"x":517,"y":1256,"w":47,"h":66},"rotated":false,"trimmed":false,"spriteSourceSize":{"x":0,"y":0,"w":47,"h":66},"sourceSize":{"w":47,"h":66},"pivot":{"x":0.5,"y":0.5}},"wheel-chair-guy-asset-60.png":{"frame":{"x":568,"y":1256,"w":57,"h":65},"rotated":false,"trimmed":false,"spriteSourceSize":{"x":0,"y":0,"w":57,"h":65},"sourceSize":{"w":57,"h":65},"pivot":{"x":0.5,"y":0.5}},"wheel-chair-guy-asset-62.png":{"frame":{"x":1059,"y":246,"w":52,"h":58},"rotated":false,"trimmed":false,"spriteSourceSize":{"x":0,"y":0,"w":52,"h":58},"sourceSize":{"w":52,"h":58},"pivot":{"x":0.5,"y":0.5}},"wheel-chair-guy-asset-13.png":{"frame":{"x":881,"y":460,"w":44,"h":54},"rotated":false,"trimmed":false,"spriteSourceSize":{"x":0,"y":0,"w":44,"h":54},"sourceSize":{"w":44,"h":54},"pivot":{"x":0.5,"y":0.5}},"wheel-chair-guy-asset-102.png":{"frame":{"x":1211,"y":401,"w":53,"h":38},"rotated":false,"trimmed":false,"spriteSourceSize":{"x":0,"y":0,"w":53,"h":38},"sourceSize":{"w":53,"h":38},"pivot":{"x":0.5,"y":0.5}},"wheel-chair-guy-asset-61.png":{"frame":{"x":629,"y":1256,"w":38,"h":53},"rotated":false,"trimmed":false,"spriteSourceSize":{"x":0,"y":0,"w":38,"h":53},"sourceSize":{"w":38,"h":53},"pivot":{"x":0.5,"y":0.5}},"wheel-chair-guy-asset-63.png":{"frame":{"x":356,"y":1326,"w":51,"h":28},"rotated":false,"trimmed":false,"spriteSourceSize":{"x":0,"y":0,"w":51,"h":28},"sourceSize":{"w":51,"h":28},"pivot":{"x":0.5,"y":0.5}},"wheel-chair-guy-asset-79.png":{"frame":{"x":1207,"y":697,"w":41,"h":45},"rotated":false,"trimmed":false,"spriteSourceSize":{"x":0,"y":0,"w":41,"h":45},"sourceSize":{"w":41,"h":45},"pivot":{"x":0.5,"y":0.5}},"wheel-chair-guy-asset-90.png":{"frame":{"x":411,"y":1316,"w":15,"h":42},"rotated":false,"trimmed":false,"spriteSourceSize":{"x":0,"y":0,"w":15,"h":42},"sourceSize":{"w":15,"h":42},"pivot":{"x":0.5,"y":0.5}},"wheel-chair-guy-asset-94.png":{"frame":{"x":1070,"y":979,"w":42,"h":15},"rotated":false,"trimmed":false,"spriteSourceSize":{"x":0,"y":0,"w":42,"h":15},"sourceSize":{"w":42,"h":15},"pivot":{"x":0.5,"y":0.5}},"wheel-chair-guy-asset-30.png":{"frame":{"x":430,"y":1316,"w":40,"h":40},"rotated":false,"trimmed":false,"spriteSourceSize":{"x":0,"y":0,"w":40,"h":40},"sourceSize":{"w":40,"h":40},"pivot":{"x":0.5,"y":0.5}},"wheel-chair-guy-asset-93.png":{"frame":{"x":424,"y":425,"w":32,"h":37},"rotated":false,"trimmed":false,"spriteSourceSize":{"x":0,"y":0,"w":32,"h":37},"sourceSize":{"w":32,"h":37},"pivot":{"x":0.5,"y":0.5}},"wheel-chair-guy-asset-99.png":{"frame":{"x":474,"y":1326,"w":28,"h":33},"rotated":false,"trimmed":false,"spriteSourceSize":{"x":0,"y":0,"w":28,"h":33},"sourceSize":{"w":28,"h":33},"pivot":{"x":0.5,"y":0.5}},"wheel-chair-guy-asset-89.png":{"frame":{"x":1231,"y":1056,"w":32,"h":28},"rotated":false,"trimmed":false,"spriteSourceSize":{"x":0,"y":0,"w":32,"h":28},"sourceSize":{"w":32,"h":28},"pivot":{"x":0.5,"y":0.5}},"wheel-chair-guy-asset-95.png":{"frame":{"x":424,"y":466,"w":32,"h":28},"rotated":false,"trimmed":false,"spriteSourceSize":{"x":0,"y":0,"w":32,"h":28},"sourceSize":{"w":32,"h":28},"pivot":{"x":0.5,"y":0.5}},"wheel-chair-guy-asset-97.png":{"frame":{"x":402,"y":968,"w":31,"h":26},"rotated":false,"trimmed":false,"spriteSourceSize":{"x":0,"y":0,"w":31,"h":26},"sourceSize":{"w":31,"h":26},"pivot":{"x":0.5,"y":0.5}},"wheel-chair-guy-asset-98.png":{"frame":{"x":506,"y":1326,"w":31,"h":30},"rotated":false,"trimmed":false,"spriteSourceSize":{"x":0,"y":0,"w":31,"h":30},"sourceSize":{"w":31,"h":30},"pivot":{"x":0.5,"y":0.5}},"wheel-chair-guy-asset-59.png":{"frame":{"x":1248,"y":972,"w":18,"h":30},"rotated":false,"trimmed":false,"spriteSourceSize":{"x":0,"y":0,"w":18,"h":30},"sourceSize":{"w":18,"h":30},"pivot":{"x":0.5,"y":0.5}},"wheel-chair-guy-asset-96.png":{"frame":{"x":309,"y":1182,"w":30,"h":30},"rotated":false,"trimmed":false,"spriteSourceSize":{"x":0,"y":0,"w":30,"h":30},"sourceSize":{"w":30,"h":30},"pivot":{"x":0.5,"y":0.5}},"wheel-chair-guy-asset-100.png":{"frame":{"x":1101,"y":518,"w":29,"h":29},"rotated":false,"trimmed":false,"spriteSourceSize":{"x":0,"y":0,"w":29,"h":29},"sourceSize":{"w":29,"h":29},"pivot":{"x":0.5,"y":0.5}},"wheel-chair-guy-asset-91.png":{"frame":{"x":884,"y":697,"w":26,"h":22},"rotated":false,"trimmed":false,"spriteSourceSize":{"x":0,"y":0,"w":26,"h":22},"sourceSize":{"w":26,"h":22},"pivot":{"x":0.5,"y":0.5}},"wheel-chair-guy-asset-92.png":{"frame":{"x":586,"y":893,"w":24,"h":24},"rotated":false,"trimmed":false,"spriteSourceSize":{"x":0,"y":0,"w":24,"h":24},"sourceSize":{"w":24,"h":24},"pivot":{"x":0.5,"y":0.5}},"wheel-chair-guy-asset-5.png":{"frame":{"x":867,"y":313,"w":10,"h":10},"rotated":false,"trimmed":false,"spriteSourceSize":{"x":0,"y":0,"w":10,"h":10},"sourceSize":{"w":10,"h":10},"pivot":{"x":0.5,"y":0.5}},"wheel-chair-guy-asset-6.png":{"frame":{"x":1030,"y":1147,"w":10,"h":10},"rotated":false,"trimmed":false,"spriteSourceSize":{"x":0,"y":0,"w":10,"h":10},"sourceSize":{"w":10,"h":10},"pivot":{"x":0.5,"y":0.5}},"heart-asset-6.png":{"frame":{"x":1207,"y":623,"w":51,"h":70},"rotated":false,"trimmed":false,"spriteSourceSize":{"x":0,"y":0,"w":51,"h":70},"sourceSize":{"w":51,"h":70},"pivot":{"x":0.5,"y":0.5}}},"meta":{"app":"http://github.com/odrick/free-tex-packer-core","version":"0.1.9","image":"character1.png","format":"RGBA8888","size":{"w":2048,"h":2048},"scale":1}}