{"frames":{"lawnmower-guy-asset-120.png":{"frame":{"x":2,"y":2,"w":665,"h":508},"rotated":false,"trimmed":false,"spriteSourceSize":{"x":0,"y":0,"w":665,"h":508},"sourceSize":{"w":665,"h":508},"pivot":{"x":0.5,"y":0.5}},"lawnmower-guy-asset-125.png":{"frame":{"x":2,"y":514,"w":521,"h":520},"rotated":false,"trimmed":false,"spriteSourceSize":{"x":0,"y":0,"w":521,"h":520},"sourceSize":{"w":521,"h":520},"pivot":{"x":0.5,"y":0.5}},"lawnmower-guy-asset-123.png":{"frame":{"x":671,"y":2,"w":459,"h":146},"rotated":false,"trimmed":false,"spriteSourceSize":{"x":0,"y":0,"w":459,"h":146},"sourceSize":{"w":459,"h":146},"pivot":{"x":0.5,"y":0.5}},"lawnmower-guy-asset-119.png":{"frame":{"x":671,"y":152,"w":425,"h":79},"rotated":false,"trimmed":false,"spriteSourceSize":{"x":0,"y":0,"w":425,"h":79},"sourceSize":{"w":425,"h":79},"pivot":{"x":0.5,"y":0.5}},"lawnmower-guy-asset-124.png":{"frame":{"x":671,"y":235,"w":424,"h":79},"rotated":false,"trimmed":false,"spriteSourceSize":{"x":0,"y":0,"w":424,"h":79},"sourceSize":{"w":424,"h":79},"pivot":{"x":0.5,"y":0.5}},"lawnmower-guy-asset-121.png":{"frame":{"x":671,"y":318,"w":328,"h":279},"rotated":false,"trimmed":false,"spriteSourceSize":{"x":0,"y":0,"w":328,"h":279},"sourceSize":{"w":328,"h":279},"pivot":{"x":0.5,"y":0.5}},"lawnmower-guy-asset-104.png":{"frame":{"x":527,"y":601,"w":236,"h":308},"rotated":false,"trimmed":false,"spriteSourceSize":{"x":0,"y":0,"w":236,"h":308},"sourceSize":{"w":236,"h":308},"pivot":{"x":0.5,"y":0.5}},"lawnmower-guy-asset-127.png":{"frame":{"x":767,"y":601,"w":165,"h":278},"rotated":false,"trimmed":false,"spriteSourceSize":{"x":0,"y":0,"w":165,"h":278},"sourceSize":{"w":165,"h":278},"pivot":{"x":0.5,"y":0.5}},"lawnmower-guy-asset-93.png":{"frame":{"x":936,"y":601,"w":180,"h":268},"rotated":false,"trimmed":false,"spriteSourceSize":{"x":0,"y":0,"w":180,"h":268},"sourceSize":{"w":180,"h":268},"pivot":{"x":0.5,"y":0.5}},"lawnmower-guy-asset-96.png":{"frame":{"x":2,"y":1038,"w":180,"h":267},"rotated":false,"trimmed":false,"spriteSourceSize":{"x":0,"y":0,"w":180,"h":267},"sourceSize":{"w":180,"h":267},"pivot":{"x":0.5,"y":0.5}},"lawnmower-guy-asset-116.png":{"frame":{"x":186,"y":1038,"w":264,"h":264},"rotated":false,"trimmed":false,"spriteSourceSize":{"x":0,"y":0,"w":264,"h":264},"sourceSize":{"w":264,"h":264},"pivot":{"x":0.5,"y":0.5}},"lawnmower-guy-asset-103.png":{"frame":{"x":454,"y":1038,"w":237,"h":263},"rotated":false,"trimmed":false,"spriteSourceSize":{"x":0,"y":0,"w":237,"h":263},"sourceSize":{"w":237,"h":263},"pivot":{"x":0.5,"y":0.5}},"lawnmower-guy-asset-90.png":{"frame":{"x":936,"y":873,"w":166,"h":261},"rotated":false,"trimmed":false,"spriteSourceSize":{"x":0,"y":0,"w":166,"h":261},"sourceSize":{"w":166,"h":261},"pivot":{"x":0.5,"y":0.5}},"lawnmower-guy-asset-94.png":{"frame":{"x":695,"y":913,"w":166,"h":259},"rotated":false,"trimmed":false,"spriteSourceSize":{"x":0,"y":0,"w":166,"h":259},"sourceSize":{"w":166,"h":259},"pivot":{"x":0.5,"y":0.5}},"lawnmower-guy-asset-115.png":{"frame":{"x":1134,"y":2,"w":245,"h":248},"rotated":false,"trimmed":false,"spriteSourceSize":{"x":0,"y":0,"w":245,"h":248},"sourceSize":{"w":245,"h":248},"pivot":{"x":0.5,"y":0.5}},"lawnmower-guy-asset-107.png":{"frame":{"x":1120,"y":254,"w":239,"h":173},"rotated":false,"trimmed":false,"spriteSourceSize":{"x":0,"y":0,"w":239,"h":173},"sourceSize":{"w":239,"h":173},"pivot":{"x":0.5,"y":0.5}},"lawnmower-guy-asset-108.png":{"frame":{"x":1120,"y":431,"w":239,"h":186},"rotated":false,"trimmed":false,"spriteSourceSize":{"x":0,"y":0,"w":239,"h":186},"sourceSize":{"w":239,"h":186},"pivot":{"x":0.5,"y":0.5}},"lawnmower-guy-asset-122.png":{"frame":{"x":1120,"y":621,"w":214,"h":182},"rotated":false,"trimmed":false,"spriteSourceSize":{"x":0,"y":0,"w":214,"h":182},"sourceSize":{"w":214,"h":182},"pivot":{"x":0.5,"y":0.5}},"lawnmower-guy-asset-106.png":{"frame":{"x":695,"y":1176,"w":204,"h":88},"rotated":false,"trimmed":false,"spriteSourceSize":{"x":0,"y":0,"w":204,"h":88},"sourceSize":{"w":204,"h":88},"pivot":{"x":0.5,"y":0.5}},"lawnmower-guy-asset-97.png":{"frame":{"x":1120,"y":807,"w":180,"h":204},"rotated":false,"trimmed":false,"spriteSourceSize":{"x":0,"y":0,"w":180,"h":204},"sourceSize":{"w":180,"h":204},"pivot":{"x":0.5,"y":0.5}},"lawnmower-guy-asset-87.png":{"frame":{"x":1106,"y":1015,"w":117,"h":197},"rotated":false,"trimmed":false,"spriteSourceSize":{"x":0,"y":0,"w":117,"h":197},"sourceSize":{"w":117,"h":197},"pivot":{"x":0.5,"y":0.5}},"lawnmower-guy-asset-91.png":{"frame":{"x":2,"y":1309,"w":169,"h":196},"rotated":false,"trimmed":false,"spriteSourceSize":{"x":0,"y":0,"w":169,"h":196},"sourceSize":{"w":169,"h":196},"pivot":{"x":0.5,"y":0.5}},"lawnmower-guy-asset-86.png":{"frame":{"x":175,"y":1309,"w":121,"h":195},"rotated":false,"trimmed":false,"spriteSourceSize":{"x":0,"y":0,"w":121,"h":195},"sourceSize":{"w":121,"h":195},"pivot":{"x":0.5,"y":0.5}},"lawnmower-guy-asset-79.png":{"frame":{"x":300,"y":1306,"w":95,"h":193},"rotated":false,"trimmed":false,"spriteSourceSize":{"x":0,"y":0,"w":95,"h":193},"sourceSize":{"w":95,"h":193},"pivot":{"x":0.5,"y":0.5}},"lawnmower-guy-asset-82.png":{"frame":{"x":399,"y":1306,"w":95,"h":190},"rotated":false,"trimmed":false,"spriteSourceSize":{"x":0,"y":0,"w":95,"h":190},"sourceSize":{"w":95,"h":190},"pivot":{"x":0.5,"y":0.5}},"lawnmower-guy-asset-76.png":{"frame":{"x":498,"y":1305,"w":95,"h":188},"rotated":false,"trimmed":false,"spriteSourceSize":{"x":0,"y":0,"w":95,"h":188},"sourceSize":{"w":95,"h":188},"pivot":{"x":0.5,"y":0.5}},"lawnmower-guy-asset-80.png":{"frame":{"x":597,"y":1305,"w":95,"h":186},"rotated":false,"trimmed":false,"spriteSourceSize":{"x":0,"y":0,"w":95,"h":186},"sourceSize":{"w":95,"h":186},"pivot":{"x":0.5,"y":0.5}},"lawnmower-guy-asset-98.png":{"frame":{"x":1227,"y":1015,"w":130,"h":185},"rotated":false,"trimmed":false,"spriteSourceSize":{"x":0,"y":0,"w":130,"h":185},"sourceSize":{"w":130,"h":185},"pivot":{"x":0.5,"y":0.5}},"lawnmower-guy-asset-85.png":{"frame":{"x":1227,"y":1204,"w":118,"h":174},"rotated":false,"trimmed":false,"spriteSourceSize":{"x":0,"y":0,"w":118,"h":174},"sourceSize":{"w":118,"h":174},"pivot":{"x":0.5,"y":0.5}},"lawnmower-guy-asset-84.png":{"frame":{"x":696,"y":1268,"w":123,"h":172},"rotated":false,"trimmed":false,"spriteSourceSize":{"x":0,"y":0,"w":123,"h":172},"sourceSize":{"w":123,"h":172},"pivot":{"x":0.5,"y":0.5}},"lawnmower-guy-asset-99.png":{"frame":{"x":903,"y":1138,"w":136,"h":166},"rotated":false,"trimmed":false,"spriteSourceSize":{"x":0,"y":0,"w":136,"h":166},"sourceSize":{"w":136,"h":166},"pivot":{"x":0.5,"y":0.5}},"lawnmower-guy-asset-126.png":{"frame":{"x":1043,"y":1216,"w":151,"h":163},"rotated":false,"trimmed":false,"spriteSourceSize":{"x":0,"y":0,"w":151,"h":163},"sourceSize":{"w":151,"h":163},"pivot":{"x":0.5,"y":0.5}},"lawnmower-guy-asset-101.png":{"frame":{"x":823,"y":1308,"w":141,"h":161},"rotated":false,"trimmed":false,"spriteSourceSize":{"x":0,"y":0,"w":141,"h":161},"sourceSize":{"w":141,"h":161},"pivot":{"x":0.5,"y":0.5}},"lawnmower-guy-asset-72.png":{"frame":{"x":1304,"y":807,"w":74,"h":155},"rotated":false,"trimmed":false,"spriteSourceSize":{"x":0,"y":0,"w":74,"h":155},"sourceSize":{"w":74,"h":155},"pivot":{"x":0.5,"y":0.5}},"lawnmower-guy-asset-92.png":{"frame":{"x":1383,"y":2,"w":144,"h":155},"rotated":false,"trimmed":false,"spriteSourceSize":{"x":0,"y":0,"w":144,"h":155},"sourceSize":{"w":144,"h":155},"pivot":{"x":0.5,"y":0.5}},"lawnmower-guy-asset-95.png":{"frame":{"x":1383,"y":161,"w":144,"h":154},"rotated":false,"trimmed":false,"spriteSourceSize":{"x":0,"y":0,"w":144,"h":154},"sourceSize":{"w":144,"h":154},"pivot":{"x":0.5,"y":0.5}},"lawnmower-guy-asset-102.png":{"frame":{"x":1382,"y":319,"w":140,"h":152},"rotated":false,"trimmed":false,"spriteSourceSize":{"x":0,"y":0,"w":140,"h":152},"sourceSize":{"w":140,"h":152},"pivot":{"x":0.5,"y":0.5}},"lawnmower-guy-asset-73.png":{"frame":{"x":1338,"y":621,"w":74,"h":151},"rotated":false,"trimmed":false,"spriteSourceSize":{"x":0,"y":0,"w":74,"h":151},"sourceSize":{"w":74,"h":151},"pivot":{"x":0.5,"y":0.5}},"lawnmower-guy-asset-118.png":{"frame":{"x":1361,"y":966,"w":150,"h":150},"rotated":false,"trimmed":false,"spriteSourceSize":{"x":0,"y":0,"w":150,"h":150},"sourceSize":{"w":150,"h":150},"pivot":{"x":0.5,"y":0.5}},"lawnmower-guy-asset-69.png":{"frame":{"x":1416,"y":475,"w":77,"h":150},"rotated":false,"trimmed":false,"spriteSourceSize":{"x":0,"y":0,"w":77,"h":150},"sourceSize":{"w":77,"h":150},"pivot":{"x":0.5,"y":0.5}},"lawnmower-guy-asset-100.png":{"frame":{"x":1382,"y":776,"w":141,"h":147},"rotated":false,"trimmed":false,"spriteSourceSize":{"x":0,"y":0,"w":141,"h":147},"sourceSize":{"w":141,"h":147},"pivot":{"x":0.5,"y":0.5}},"lawnmower-guy-asset-83.png":{"frame":{"x":1003,"y":318,"w":95,"h":146},"rotated":false,"trimmed":false,"spriteSourceSize":{"x":0,"y":0,"w":95,"h":146},"sourceSize":{"w":95,"h":146},"pivot":{"x":0.5,"y":0.5}},"lawnmower-guy-asset-77.png":{"frame":{"x":1416,"y":629,"w":95,"h":141},"rotated":false,"trimmed":false,"spriteSourceSize":{"x":0,"y":0,"w":95,"h":141},"sourceSize":{"w":95,"h":141},"pivot":{"x":0.5,"y":0.5}},"lawnmower-guy-asset-88.png":{"frame":{"x":527,"y":514,"w":135,"h":67},"rotated":false,"trimmed":false,"spriteSourceSize":{"x":0,"y":0,"w":135,"h":67},"sourceSize":{"w":135,"h":67},"pivot":{"x":0.5,"y":0.5}},"lawnmower-guy-asset-89.png":{"frame":{"x":527,"y":913,"w":135,"h":84},"rotated":false,"trimmed":false,"spriteSourceSize":{"x":0,"y":0,"w":135,"h":84},"sourceSize":{"w":135,"h":84},"pivot":{"x":0.5,"y":0.5}},"lawnmower-guy-asset-111.png":{"frame":{"x":968,"y":1383,"w":126,"h":119},"rotated":false,"trimmed":false,"spriteSourceSize":{"x":0,"y":0,"w":126,"h":119},"sourceSize":{"w":126,"h":119},"pivot":{"x":0.5,"y":0.5}},"lawnmower-guy-asset-105.png":{"frame":{"x":1361,"y":1120,"w":121,"h":69},"rotated":false,"trimmed":false,"spriteSourceSize":{"x":0,"y":0,"w":121,"h":69},"sourceSize":{"w":121,"h":69},"pivot":{"x":0.5,"y":0.5}},"lawnmower-guy-asset-114.png":{"frame":{"x":1098,"y":1383,"w":120,"h":120},"rotated":false,"trimmed":false,"spriteSourceSize":{"x":0,"y":0,"w":120,"h":120},"sourceSize":{"w":120,"h":120},"pivot":{"x":0.5,"y":0.5}},"lawnmower-guy-asset-110.png":{"frame":{"x":1222,"y":1382,"w":101,"h":118},"rotated":false,"trimmed":false,"spriteSourceSize":{"x":0,"y":0,"w":101,"h":118},"sourceSize":{"w":101,"h":118},"pivot":{"x":0.5,"y":0.5}},"lawnmower-guy-asset-78.png":{"frame":{"x":1327,"y":1382,"w":75,"h":109},"rotated":false,"trimmed":false,"spriteSourceSize":{"x":0,"y":0,"w":75,"h":109},"sourceSize":{"w":75,"h":109},"pivot":{"x":0.5,"y":0.5}},"lawnmower-guy-asset-81.png":{"frame":{"x":1003,"y":468,"w":75,"h":106},"rotated":false,"trimmed":false,"spriteSourceSize":{"x":0,"y":0,"w":75,"h":106},"sourceSize":{"w":75,"h":106},"pivot":{"x":0.5,"y":0.5}},"lawnmower-guy-asset-109.png":{"frame":{"x":968,"y":1308,"w":69,"h":62},"rotated":false,"trimmed":false,"spriteSourceSize":{"x":0,"y":0,"w":69,"h":62},"sourceSize":{"w":69,"h":62},"pivot":{"x":0.5,"y":0.5}},"lawnmower-guy-asset-71.png":{"frame":{"x":1043,"y":1138,"w":56,"h":69},"rotated":false,"trimmed":false,"spriteSourceSize":{"x":0,"y":0,"w":56,"h":69},"sourceSize":{"w":56,"h":69},"pivot":{"x":0.5,"y":0.5}},"lawnmower-guy-asset-75.png":{"frame":{"x":865,"y":883,"w":56,"h":69},"rotated":false,"trimmed":false,"spriteSourceSize":{"x":0,"y":0,"w":56,"h":69},"sourceSize":{"w":56,"h":69},"pivot":{"x":0.5,"y":0.5}},"lawnmower-guy-asset-117.png":{"frame":{"x":1406,"y":1193,"w":68,"h":68},"rotated":false,"trimmed":false,"spriteSourceSize":{"x":0,"y":0,"w":68,"h":68},"sourceSize":{"w":68,"h":68},"pivot":{"x":0.5,"y":0.5}},"lawnmower-guy-asset-70.png":{"frame":{"x":1349,"y":1204,"w":50,"h":55},"rotated":false,"trimmed":false,"spriteSourceSize":{"x":0,"y":0,"w":50,"h":55},"sourceSize":{"w":50,"h":55},"pivot":{"x":0.5,"y":0.5}},"lawnmower-guy-asset-74.png":{"frame":{"x":1349,"y":1263,"w":50,"h":55},"rotated":false,"trimmed":false,"spriteSourceSize":{"x":0,"y":0,"w":50,"h":55},"sourceSize":{"w":50,"h":55},"pivot":{"x":0.5,"y":0.5}}},"meta":{"app":"http://github.com/odrick/free-tex-packer-core","version":"0.1.9","image":"b.png","format":"RGBA8888","size":{"w":2048,"h":2048},"scale":1}}