{"frames":{"fan-1501.png":{"frame":{"x":2,"y":2,"w":900,"h":1482},"rotated":false,"trimmed":true,"spriteSourceSize":{"x":0,"y":18,"w":900,"h":1482},"sourceSize":{"w":900,"h":1500},"pivot":{"x":0.5,"y":0.5}},"fan-1502.png":{"frame":{"x":906,"y":2,"w":902,"h":151},"rotated":false,"trimmed":true,"spriteSourceSize":{"x":0,"y":0,"w":902,"h":151},"sourceSize":{"w":902,"h":152},"pivot":{"x":0.5,"y":0.5}},"fan-1522.png":{"frame":{"x":906,"y":157,"w":900,"h":450},"rotated":false,"trimmed":false,"spriteSourceSize":{"x":0,"y":0,"w":900,"h":450},"sourceSize":{"w":900,"h":450},"pivot":{"x":0.5,"y":0.5}},"glass-blood.png":{"frame":{"x":906,"y":611,"w":475,"h":411},"rotated":false,"trimmed":true,"spriteSourceSize":{"x":0,"y":1,"w":475,"h":411},"sourceSize":{"w":475,"h":412},"pivot":{"x":0.5,"y":0.5}},"finish-line-asset-1479.png":{"frame":{"x":906,"y":1026,"w":22,"h":420},"rotated":false,"trimmed":false,"spriteSourceSize":{"x":0,"y":0,"w":22,"h":420},"sourceSize":{"w":22,"h":420},"pivot":{"x":0.5,"y":0.5}},"fan-1509.png":{"frame":{"x":1385,"y":611,"w":412,"h":90},"rotated":false,"trimmed":false,"spriteSourceSize":{"x":0,"y":0,"w":412,"h":90},"sourceSize":{"w":412,"h":90},"pivot":{"x":0.5,"y":0.5}},"fan-1512.png":{"frame":{"x":1385,"y":705,"w":412,"h":90},"rotated":false,"trimmed":false,"spriteSourceSize":{"x":0,"y":0,"w":412,"h":90},"sourceSize":{"w":412,"h":90},"pivot":{"x":0.5,"y":0.5}},"fan-1511.png":{"frame":{"x":1385,"y":799,"w":405,"h":90},"rotated":false,"trimmed":false,"spriteSourceSize":{"x":0,"y":0,"w":405,"h":90},"sourceSize":{"w":405,"h":90},"pivot":{"x":0.5,"y":0.5}},"fan-1515.png":{"frame":{"x":1385,"y":893,"w":405,"h":90},"rotated":false,"trimmed":false,"spriteSourceSize":{"x":0,"y":0,"w":405,"h":90},"sourceSize":{"w":405,"h":90},"pivot":{"x":0.5,"y":0.5}},"fan-1510.png":{"frame":{"x":1385,"y":987,"w":404,"h":90},"rotated":false,"trimmed":true,"spriteSourceSize":{"x":1,"y":0,"w":404,"h":90},"sourceSize":{"w":405,"h":90},"pivot":{"x":0.5,"y":0.5}},"fan-1514.png":{"frame":{"x":932,"y":1026,"w":404,"h":90},"rotated":false,"trimmed":true,"spriteSourceSize":{"x":0,"y":0,"w":404,"h":90},"sourceSize":{"w":405,"h":90},"pivot":{"x":0.5,"y":0.5}},"fan-1504.png":{"frame":{"x":1340,"y":1081,"w":365,"h":90},"rotated":false,"trimmed":false,"spriteSourceSize":{"x":0,"y":0,"w":365,"h":90},"sourceSize":{"w":365,"h":90},"pivot":{"x":0.5,"y":0.5}},"fan-1505.png":{"frame":{"x":932,"y":1120,"w":365,"h":90},"rotated":false,"trimmed":false,"spriteSourceSize":{"x":0,"y":0,"w":365,"h":90},"sourceSize":{"w":365,"h":90},"pivot":{"x":0.5,"y":0.5}},"fan-1520.png":{"frame":{"x":1301,"y":1175,"w":365,"h":90},"rotated":false,"trimmed":false,"spriteSourceSize":{"x":0,"y":0,"w":365,"h":90},"sourceSize":{"w":365,"h":90},"pivot":{"x":0.5,"y":0.5}},"fan-1521.png":{"frame":{"x":932,"y":1214,"w":365,"h":90},"rotated":false,"trimmed":false,"spriteSourceSize":{"x":0,"y":0,"w":365,"h":90},"sourceSize":{"w":365,"h":90},"pivot":{"x":0.5,"y":0.5}},"fan-1503.png":{"frame":{"x":932,"y":1308,"w":311,"h":90},"rotated":false,"trimmed":false,"spriteSourceSize":{"x":0,"y":0,"w":311,"h":90},"sourceSize":{"w":311,"h":90},"pivot":{"x":0.5,"y":0.5}},"fan-1506.png":{"frame":{"x":1247,"y":1308,"w":311,"h":90},"rotated":false,"trimmed":false,"spriteSourceSize":{"x":0,"y":0,"w":311,"h":90},"sourceSize":{"w":311,"h":90},"pivot":{"x":0.5,"y":0.5}},"fan-1516.png":{"frame":{"x":2,"y":1488,"w":311,"h":90},"rotated":false,"trimmed":false,"spriteSourceSize":{"x":0,"y":0,"w":311,"h":90},"sourceSize":{"w":311,"h":90},"pivot":{"x":0.5,"y":0.5}},"fan-1519.png":{"frame":{"x":317,"y":1488,"w":311,"h":90},"rotated":false,"trimmed":false,"spriteSourceSize":{"x":0,"y":0,"w":311,"h":90},"sourceSize":{"w":311,"h":90},"pivot":{"x":0.5,"y":0.5}},"fan-1507.png":{"frame":{"x":632,"y":1488,"w":244,"h":90},"rotated":false,"trimmed":false,"spriteSourceSize":{"x":0,"y":0,"w":244,"h":90},"sourceSize":{"w":244,"h":90},"pivot":{"x":0.5,"y":0.5}},"fan-1508.png":{"frame":{"x":880,"y":1488,"w":244,"h":90},"rotated":false,"trimmed":false,"spriteSourceSize":{"x":0,"y":0,"w":244,"h":90},"sourceSize":{"w":244,"h":90},"pivot":{"x":0.5,"y":0.5}},"fan-1517.png":{"frame":{"x":1562,"y":1269,"w":244,"h":90},"rotated":false,"trimmed":false,"spriteSourceSize":{"x":0,"y":0,"w":244,"h":90},"sourceSize":{"w":244,"h":90},"pivot":{"x":0.5,"y":0.5}},"fan-1518.png":{"frame":{"x":1562,"y":1363,"w":244,"h":90},"rotated":false,"trimmed":false,"spriteSourceSize":{"x":0,"y":0,"w":244,"h":90},"sourceSize":{"w":244,"h":90},"pivot":{"x":0.5,"y":0.5}},"finish-line-asset-1471.png":{"frame":{"x":1128,"y":1457,"w":190,"h":102},"rotated":false,"trimmed":false,"spriteSourceSize":{"x":0,"y":0,"w":190,"h":102},"sourceSize":{"w":190,"h":102},"pivot":{"x":0.5,"y":0.5}},"finish-line-asset-1472.png":{"frame":{"x":1322,"y":1457,"w":190,"h":102},"rotated":false,"trimmed":false,"spriteSourceSize":{"x":0,"y":0,"w":190,"h":102},"sourceSize":{"w":190,"h":102},"pivot":{"x":0.5,"y":0.5}},"finish-line-asset-1461.png":{"frame":{"x":1516,"y":1457,"w":188,"h":101},"rotated":false,"trimmed":false,"spriteSourceSize":{"x":0,"y":0,"w":188,"h":101},"sourceSize":{"w":188,"h":101},"pivot":{"x":0.5,"y":0.5}},"finish-line-asset-1473.png":{"frame":{"x":2,"y":1582,"w":187,"h":103},"rotated":false,"trimmed":false,"spriteSourceSize":{"x":0,"y":0,"w":187,"h":103},"sourceSize":{"w":187,"h":103},"pivot":{"x":0.5,"y":0.5}},"finish-line-asset-1458.png":{"frame":{"x":193,"y":1582,"w":186,"h":101},"rotated":false,"trimmed":false,"spriteSourceSize":{"x":0,"y":0,"w":186,"h":101},"sourceSize":{"w":186,"h":101},"pivot":{"x":0.5,"y":0.5}},"finish-line-asset-1460.png":{"frame":{"x":383,"y":1582,"w":186,"h":101},"rotated":false,"trimmed":false,"spriteSourceSize":{"x":0,"y":0,"w":186,"h":101},"sourceSize":{"w":186,"h":101},"pivot":{"x":0.5,"y":0.5}},"finish-line-asset-1474.png":{"frame":{"x":573,"y":1582,"w":186,"h":103},"rotated":false,"trimmed":false,"spriteSourceSize":{"x":0,"y":0,"w":186,"h":103},"sourceSize":{"w":186,"h":103},"pivot":{"x":0.5,"y":0.5}},"finish-line-asset-1475.png":{"frame":{"x":1128,"y":1563,"w":185,"h":104},"rotated":false,"trimmed":false,"spriteSourceSize":{"x":0,"y":0,"w":185,"h":104},"sourceSize":{"w":185,"h":104},"pivot":{"x":0.5,"y":0.5}},"finish-line-asset-1457.png":{"frame":{"x":763,"y":1582,"w":184,"h":101},"rotated":false,"trimmed":false,"spriteSourceSize":{"x":0,"y":0,"w":184,"h":101},"sourceSize":{"w":184,"h":101},"pivot":{"x":0.5,"y":0.5}},"finish-line-asset-1459.png":{"frame":{"x":1317,"y":1563,"w":184,"h":101},"rotated":false,"trimmed":false,"spriteSourceSize":{"x":0,"y":0,"w":184,"h":101},"sourceSize":{"w":184,"h":101},"pivot":{"x":0.5,"y":0.5}},"finish-line-asset-1476.png":{"frame":{"x":1505,"y":1563,"w":183,"h":104},"rotated":false,"trimmed":false,"spriteSourceSize":{"x":0,"y":0,"w":183,"h":104},"sourceSize":{"w":183,"h":104},"pivot":{"x":0.5,"y":0.5}},"finish-line-asset-1419.png":{"frame":{"x":2,"y":1689,"w":182,"h":104},"rotated":false,"trimmed":false,"spriteSourceSize":{"x":0,"y":0,"w":182,"h":104},"sourceSize":{"w":182,"h":104},"pivot":{"x":0.5,"y":0.5}},"finish-line-asset-1456.png":{"frame":{"x":1317,"y":1668,"w":182,"h":101},"rotated":false,"trimmed":true,"spriteSourceSize":{"x":0,"y":0,"w":182,"h":101},"sourceSize":{"w":183,"h":101},"pivot":{"x":0.5,"y":0.5}},"finish-line-asset-1435.png":{"frame":{"x":188,"y":1689,"w":180,"h":102},"rotated":false,"trimmed":false,"spriteSourceSize":{"x":0,"y":0,"w":180,"h":102},"sourceSize":{"w":180,"h":102},"pivot":{"x":0.5,"y":0.5}},"finish-line-asset-1455.png":{"frame":{"x":372,"y":1689,"w":179,"h":101},"rotated":false,"trimmed":false,"spriteSourceSize":{"x":0,"y":0,"w":179,"h":101},"sourceSize":{"w":179,"h":101},"pivot":{"x":0.5,"y":0.5}},"finish-line-asset-1436.png":{"frame":{"x":763,"y":1687,"w":178,"h":105},"rotated":false,"trimmed":false,"spriteSourceSize":{"x":0,"y":0,"w":178,"h":105},"sourceSize":{"w":178,"h":105},"pivot":{"x":0.5,"y":0.5}},"finish-line-asset-1453.png":{"frame":{"x":555,"y":1689,"w":177,"h":104},"rotated":false,"trimmed":false,"spriteSourceSize":{"x":0,"y":0,"w":177,"h":104},"sourceSize":{"w":177,"h":104},"pivot":{"x":0.5,"y":0.5}},"finish-line-asset-1454.png":{"frame":{"x":945,"y":1687,"w":176,"h":105},"rotated":false,"trimmed":false,"spriteSourceSize":{"x":0,"y":0,"w":176,"h":105},"sourceSize":{"w":176,"h":105},"pivot":{"x":0.5,"y":0.5}},"fan-1513.png":{"frame":{"x":1709,"y":1081,"w":48,"h":150},"rotated":false,"trimmed":false,"spriteSourceSize":{"x":0,"y":0,"w":48,"h":150},"sourceSize":{"w":48,"h":150},"pivot":{"x":0.5,"y":0.5}},"food-item-asset-1413.png":{"frame":{"x":1761,"y":1081,"w":37,"h":87},"rotated":false,"trimmed":true,"spriteSourceSize":{"x":0,"y":1,"w":37,"h":87},"sourceSize":{"w":37,"h":88},"pivot":{"x":0.5,"y":0.5}},"food-item-asset-1449.png":{"frame":{"x":951,"y":1582,"w":51,"h":83},"rotated":false,"trimmed":false,"spriteSourceSize":{"x":0,"y":0,"w":51,"h":83},"sourceSize":{"w":51,"h":83},"pivot":{"x":0.5,"y":0.5}},"food-item-asset-1451.png":{"frame":{"x":1761,"y":1172,"w":40,"h":83},"rotated":false,"trimmed":false,"spriteSourceSize":{"x":0,"y":0,"w":40,"h":83},"sourceSize":{"w":40,"h":83},"pivot":{"x":0.5,"y":0.5}},"food-item-asset-1411.png":{"frame":{"x":1708,"y":1457,"w":82,"h":61},"rotated":false,"trimmed":false,"spriteSourceSize":{"x":0,"y":0,"w":82,"h":61},"sourceSize":{"w":82,"h":61},"pivot":{"x":0.5,"y":0.5}},"food-item-asset-1438.png":{"frame":{"x":932,"y":1402,"w":55,"h":82},"rotated":false,"trimmed":false,"spriteSourceSize":{"x":0,"y":0,"w":55,"h":82},"sourceSize":{"w":55,"h":82},"pivot":{"x":0.5,"y":0.5}},"finish-line-asset-1480.png":{"frame":{"x":991,"y":1402,"w":80,"h":80},"rotated":false,"trimmed":false,"spriteSourceSize":{"x":0,"y":0,"w":80,"h":80},"sourceSize":{"w":80,"h":80},"pivot":{"x":0.5,"y":0.5}},"food-item-asset-1412.png":{"frame":{"x":1708,"y":1522,"w":80,"h":76},"rotated":false,"trimmed":false,"spriteSourceSize":{"x":0,"y":0,"w":80,"h":76},"sourceSize":{"w":80,"h":76},"pivot":{"x":0.5,"y":0.5}},"food-item-asset-1450.png":{"frame":{"x":1006,"y":1582,"w":75,"h":69},"rotated":false,"trimmed":false,"spriteSourceSize":{"x":0,"y":0,"w":75,"h":69},"sourceSize":{"w":75,"h":69},"pivot":{"x":0.5,"y":0.5}},"food-item-asset-1452.png":{"frame":{"x":1503,"y":1671,"w":54,"h":74},"rotated":false,"trimmed":false,"spriteSourceSize":{"x":0,"y":0,"w":54,"h":74},"sourceSize":{"w":54,"h":74},"pivot":{"x":0.5,"y":0.5}},"food-item-asset-1414.png":{"frame":{"x":1075,"y":1402,"w":58,"h":50},"rotated":false,"trimmed":false,"spriteSourceSize":{"x":0,"y":0,"w":58,"h":50},"sourceSize":{"w":58,"h":50},"pivot":{"x":0.5,"y":0.5}},"food-item-asset-1417.png":{"frame":{"x":1006,"y":1655,"w":51,"h":28},"rotated":false,"trimmed":false,"spriteSourceSize":{"x":0,"y":0,"w":51,"h":28},"sourceSize":{"w":51,"h":28},"pivot":{"x":0.5,"y":0.5}},"food-item-asset-1437.png":{"frame":{"x":1340,"y":1026,"w":38,"h":50},"rotated":false,"trimmed":false,"spriteSourceSize":{"x":0,"y":0,"w":38,"h":50},"sourceSize":{"w":38,"h":50},"pivot":{"x":0.5,"y":0.5}},"glass-shard-1394.png":{"frame":{"x":1061,"y":1671,"w":47,"h":11},"rotated":false,"trimmed":false,"spriteSourceSize":{"x":0,"y":0,"w":47,"h":11},"sourceSize":{"w":47,"h":11},"pivot":{"x":0.5,"y":0.5}},"glass-shard-1396.png":{"frame":{"x":1692,"y":1562,"w":11,"h":47},"rotated":false,"trimmed":false,"spriteSourceSize":{"x":0,"y":0,"w":11,"h":47},"sourceSize":{"w":11,"h":47},"pivot":{"x":0.5,"y":0.5}},"food-item-asset-1440.png":{"frame":{"x":1137,"y":1402,"w":46,"h":45},"rotated":false,"trimmed":true,"spriteSourceSize":{"x":1,"y":0,"w":46,"h":45},"sourceSize":{"w":47,"h":45},"pivot":{"x":0.5,"y":0.5}},"food-item-asset-1416.png":{"frame":{"x":1301,"y":1269,"w":44,"h":35},"rotated":false,"trimmed":false,"spriteSourceSize":{"x":0,"y":0,"w":44,"h":35},"sourceSize":{"w":44,"h":35},"pivot":{"x":0.5,"y":0.5}},"food-item-asset-1415.png":{"frame":{"x":1301,"y":1120,"w":35,"h":39},"rotated":false,"trimmed":false,"spriteSourceSize":{"x":0,"y":0,"w":35,"h":39},"sourceSize":{"w":35,"h":39},"pivot":{"x":0.5,"y":0.5}},"food-item-asset-1439.png":{"frame":{"x":736,"y":1689,"w":20,"h":38},"rotated":false,"trimmed":false,"spriteSourceSize":{"x":0,"y":0,"w":20,"h":38},"sourceSize":{"w":20,"h":38},"pivot":{"x":0.5,"y":0.5}},"food-item-asset-1468.png":{"frame":{"x":736,"y":1731,"w":23,"h":36},"rotated":false,"trimmed":false,"spriteSourceSize":{"x":0,"y":0,"w":23,"h":36},"sourceSize":{"w":23,"h":36},"pivot":{"x":0.5,"y":0.5}},"glass-shard-1393.png":{"frame":{"x":1503,"y":1749,"w":20,"h":36},"rotated":false,"trimmed":false,"spriteSourceSize":{"x":0,"y":0,"w":20,"h":36},"sourceSize":{"w":20,"h":36},"pivot":{"x":0.5,"y":0.5}},"food-item-asset-1464.png":{"frame":{"x":906,"y":1450,"w":22,"h":33},"rotated":false,"trimmed":false,"spriteSourceSize":{"x":0,"y":0,"w":22,"h":33},"sourceSize":{"w":22,"h":33},"pivot":{"x":0.5,"y":0.5}},"glass-shard-1398.png":{"frame":{"x":1125,"y":1773,"w":33,"h":19},"rotated":false,"trimmed":false,"spriteSourceSize":{"x":0,"y":0,"w":33,"h":19},"sourceSize":{"w":33,"h":19},"pivot":{"x":0.5,"y":0.5}},"glass-shard-1400.png":{"frame":{"x":1112,"y":1582,"w":12,"h":32},"rotated":false,"trimmed":false,"spriteSourceSize":{"x":0,"y":0,"w":12,"h":32},"sourceSize":{"w":12,"h":32},"pivot":{"x":0.5,"y":0.5}},"food-item-asset-1466.png":{"frame":{"x":1349,"y":1269,"w":25,"h":31},"rotated":false,"trimmed":false,"spriteSourceSize":{"x":0,"y":0,"w":25,"h":31},"sourceSize":{"w":25,"h":31},"pivot":{"x":0.5,"y":0.5}},"glass-shard-1402.png":{"frame":{"x":1670,"y":1175,"w":31,"h":21},"rotated":false,"trimmed":true,"spriteSourceSize":{"x":0,"y":0,"w":31,"h":21},"sourceSize":{"w":32,"h":21},"pivot":{"x":0.5,"y":0.5}},"glass-shard-1403.png":{"frame":{"x":1378,"y":1269,"w":18,"h":31},"rotated":false,"trimmed":false,"spriteSourceSize":{"x":0,"y":0,"w":18,"h":31},"sourceSize":{"w":18,"h":31},"pivot":{"x":0.5,"y":0.5}},"glass-shard-1397.png":{"frame":{"x":1670,"y":1235,"w":17,"h":30},"rotated":false,"trimmed":false,"spriteSourceSize":{"x":0,"y":0,"w":17,"h":30},"sourceSize":{"w":17,"h":30},"pivot":{"x":0.5,"y":0.5}},"glass-shard-1399.png":{"frame":{"x":1691,"y":1235,"w":29,"h":30},"rotated":false,"trimmed":false,"spriteSourceSize":{"x":0,"y":0,"w":29,"h":30},"sourceSize":{"w":29,"h":30},"pivot":{"x":0.5,"y":0.5}},"food-item-asset-1463.png":{"frame":{"x":1724,"y":1235,"w":27,"h":29},"rotated":false,"trimmed":false,"spriteSourceSize":{"x":0,"y":0,"w":27,"h":29},"sourceSize":{"w":27,"h":29},"pivot":{"x":0.5,"y":0.5}},"food-item-asset-1469.png":{"frame":{"x":1075,"y":1456,"w":28,"h":21},"rotated":false,"trimmed":false,"spriteSourceSize":{"x":0,"y":0,"w":28,"h":21},"sourceSize":{"w":28,"h":21},"pivot":{"x":0.5,"y":0.5}},"food-item-asset-1470.png":{"frame":{"x":1670,"y":1200,"w":27,"h":25},"rotated":false,"trimmed":false,"spriteSourceSize":{"x":0,"y":0,"w":27,"h":25},"sourceSize":{"w":27,"h":25},"pivot":{"x":0.5,"y":0.5}},"glass-shard-1401.png":{"frame":{"x":1162,"y":1773,"w":27,"h":20},"rotated":false,"trimmed":false,"spriteSourceSize":{"x":0,"y":0,"w":27,"h":20},"sourceSize":{"w":27,"h":20},"pivot":{"x":0.5,"y":0.5}},"food-item-asset-1467.png":{"frame":{"x":1085,"y":1582,"w":22,"h":26},"rotated":false,"trimmed":false,"spriteSourceSize":{"x":0,"y":0,"w":22,"h":26},"sourceSize":{"w":22,"h":26},"pivot":{"x":0.5,"y":0.5}},"glass-shard-1395.png":{"frame":{"x":1085,"y":1612,"w":21,"h":26},"rotated":false,"trimmed":false,"spriteSourceSize":{"x":0,"y":0,"w":21,"h":26},"sourceSize":{"w":21,"h":26},"pivot":{"x":0.5,"y":0.5}},"food-item-asset-1429.png":{"frame":{"x":1085,"y":1642,"w":20,"h":23},"rotated":false,"trimmed":false,"spriteSourceSize":{"x":0,"y":0,"w":20,"h":23},"sourceSize":{"w":20,"h":23},"pivot":{"x":0.5,"y":0.5}},"food-item-asset-1462.png":{"frame":{"x":1400,"y":1269,"w":20,"h":23},"rotated":false,"trimmed":true,"spriteSourceSize":{"x":0,"y":0,"w":20,"h":23},"sourceSize":{"w":20,"h":24},"pivot":{"x":0.5,"y":0.5}},"food-item-asset-1422.png":{"frame":{"x":1794,"y":799,"w":14,"h":22},"rotated":false,"trimmed":false,"spriteSourceSize":{"x":0,"y":0,"w":14,"h":22},"sourceSize":{"w":14,"h":22},"pivot":{"x":0.5,"y":0.5}},"food-item-asset-1423.png":{"frame":{"x":951,"y":1669,"w":22,"h":13},"rotated":false,"trimmed":false,"spriteSourceSize":{"x":0,"y":0,"w":22,"h":13},"sourceSize":{"w":22,"h":13},"pivot":{"x":0.5,"y":0.5}},"food-item-asset-1428.png":{"frame":{"x":736,"y":1771,"w":22,"h":18},"rotated":false,"trimmed":false,"spriteSourceSize":{"x":0,"y":0,"w":22,"h":18},"sourceSize":{"w":22,"h":18},"pivot":{"x":0.5,"y":0.5}},"food-item-asset-1443.png":{"frame":{"x":1424,"y":1269,"w":21,"h":22},"rotated":false,"trimmed":false,"spriteSourceSize":{"x":0,"y":0,"w":21,"h":22},"sourceSize":{"w":21,"h":22},"pivot":{"x":0.5,"y":0.5}},"food-item-asset-1421.png":{"frame":{"x":1193,"y":1773,"w":21,"h":16},"rotated":false,"trimmed":false,"spriteSourceSize":{"x":0,"y":0,"w":21,"h":16},"sourceSize":{"w":21,"h":16},"pivot":{"x":0.5,"y":0.5}},"food-item-asset-1427.png":{"frame":{"x":1792,"y":1522,"w":16,"h":20},"rotated":false,"trimmed":false,"spriteSourceSize":{"x":0,"y":0,"w":16,"h":20},"sourceSize":{"w":16,"h":20},"pivot":{"x":0.5,"y":0.5}},"food-item-asset-1442.png":{"frame":{"x":1107,"y":1456,"w":17,"h":20},"rotated":false,"trimmed":false,"spriteSourceSize":{"x":0,"y":0,"w":17,"h":20},"sourceSize":{"w":17,"h":20},"pivot":{"x":0.5,"y":0.5}},"food-item-asset-33.png":{"frame":{"x":1218,"y":1773,"w":20,"h":20},"rotated":false,"trimmed":false,"spriteSourceSize":{"x":0,"y":0,"w":20,"h":20},"sourceSize":{"w":20,"h":20},"pivot":{"x":0.5,"y":0.5}},"food-item-asset-1425.png":{"frame":{"x":1110,"y":1618,"w":13,"h":19},"rotated":false,"trimmed":false,"spriteSourceSize":{"x":0,"y":0,"w":13,"h":19},"sourceSize":{"w":13,"h":19},"pivot":{"x":0.5,"y":0.5}},"food-item-asset-1433.png":{"frame":{"x":1242,"y":1773,"w":19,"h":18},"rotated":false,"trimmed":false,"spriteSourceSize":{"x":0,"y":0,"w":19,"h":18},"sourceSize":{"w":19,"h":18},"pivot":{"x":0.5,"y":0.5}},"food-item-asset-1441.png":{"frame":{"x":1792,"y":1546,"w":16,"h":19},"rotated":false,"trimmed":false,"spriteSourceSize":{"x":0,"y":0,"w":16,"h":19},"sourceSize":{"w":16,"h":19},"pivot":{"x":0.5,"y":0.5}},"food-item-asset-1430.png":{"frame":{"x":1265,"y":1773,"w":18,"h":17},"rotated":false,"trimmed":false,"spriteSourceSize":{"x":0,"y":0,"w":18,"h":17},"sourceSize":{"w":18,"h":17},"pivot":{"x":0.5,"y":0.5}},"food-item-asset-1465.png":{"frame":{"x":1794,"y":825,"w":14,"h":18},"rotated":false,"trimmed":false,"spriteSourceSize":{"x":0,"y":0,"w":14,"h":18},"sourceSize":{"w":14,"h":18},"pivot":{"x":0.5,"y":0.5}},"food-item-asset-1432.png":{"frame":{"x":977,"y":1669,"w":17,"h":13},"rotated":false,"trimmed":false,"spriteSourceSize":{"x":0,"y":0,"w":17,"h":13},"sourceSize":{"w":17,"h":13},"pivot":{"x":0.5,"y":0.5}},"food-item-asset-1426.png":{"frame":{"x":1112,"y":1641,"w":11,"h":16},"rotated":false,"trimmed":false,"spriteSourceSize":{"x":0,"y":0,"w":11,"h":16},"sourceSize":{"w":11,"h":16},"pivot":{"x":0.5,"y":0.5}},"food-item-asset-1448.png":{"frame":{"x":1112,"y":1661,"w":11,"h":16},"rotated":false,"trimmed":false,"spriteSourceSize":{"x":0,"y":0,"w":11,"h":16},"sourceSize":{"w":11,"h":16},"pivot":{"x":0.5,"y":0.5}},"food-item-asset-1420.png":{"frame":{"x":1794,"y":1457,"w":12,"h":15},"rotated":false,"trimmed":false,"spriteSourceSize":{"x":0,"y":0,"w":12,"h":15},"sourceSize":{"w":12,"h":15},"pivot":{"x":0.5,"y":0.5}},"food-item-asset-1431.png":{"frame":{"x":1793,"y":987,"w":15,"h":15},"rotated":false,"trimmed":false,"spriteSourceSize":{"x":0,"y":0,"w":15,"h":15},"sourceSize":{"w":15,"h":15},"pivot":{"x":0.5,"y":0.5}},"food-item-asset-1444.png":{"frame":{"x":1793,"y":1006,"w":15,"h":15},"rotated":false,"trimmed":false,"spriteSourceSize":{"x":0,"y":0,"w":15,"h":15},"sourceSize":{"w":15,"h":15},"pivot":{"x":0.5,"y":0.5}},"food-item-asset-1445.png":{"frame":{"x":1793,"y":1025,"w":15,"h":14},"rotated":false,"trimmed":false,"spriteSourceSize":{"x":0,"y":0,"w":15,"h":14},"sourceSize":{"w":15,"h":14},"pivot":{"x":0.5,"y":0.5}},"food-item-asset-1446.png":{"frame":{"x":1793,"y":1043,"w":15,"h":13},"rotated":false,"trimmed":false,"spriteSourceSize":{"x":0,"y":0,"w":15,"h":13},"sourceSize":{"w":15,"h":13},"pivot":{"x":0.5,"y":0.5}},"food-item-asset-1424.png":{"frame":{"x":1061,"y":1655,"w":14,"h":12},"rotated":false,"trimmed":false,"spriteSourceSize":{"x":0,"y":0,"w":14,"h":12},"sourceSize":{"w":14,"h":12},"pivot":{"x":0.5,"y":0.5}},"food-item-asset-1434.png":{"frame":{"x":1794,"y":1476,"w":12,"h":13},"rotated":false,"trimmed":false,"spriteSourceSize":{"x":0,"y":0,"w":12,"h":13},"sourceSize":{"w":12,"h":13},"pivot":{"x":0.5,"y":0.5}},"food-item-asset-1447.png":{"frame":{"x":1794,"y":847,"w":13,"h":13},"rotated":false,"trimmed":false,"spriteSourceSize":{"x":0,"y":0,"w":13,"h":13},"sourceSize":{"w":13,"h":13},"pivot":{"x":0.5,"y":0.5}}},"meta":{"app":"http://github.com/odrick/free-tex-packer-core","version":"0.1.9","image":"c.png","format":"RGBA8888","size":{"w":2048,"h":2048},"scale":1}}