{"frames":{"NPC-581.png":{"frame":{"x":2,"y":2,"w":182,"h":267},"rotated":false,"trimmed":false,"spriteSourceSize":{"x":0,"y":0,"w":182,"h":267},"sourceSize":{"w":182,"h":267},"pivot":{"x":0.5,"y":0.5}},"NPC-655.png":{"frame":{"x":188,"y":2,"w":264,"h":202},"rotated":false,"trimmed":false,"spriteSourceSize":{"x":0,"y":0,"w":264,"h":202},"sourceSize":{"w":264,"h":202},"pivot":{"x":0.5,"y":0.5}},"NPC-656.png":{"frame":{"x":188,"y":208,"w":264,"h":219},"rotated":false,"trimmed":false,"spriteSourceSize":{"x":0,"y":0,"w":264,"h":219},"sourceSize":{"w":264,"h":219},"pivot":{"x":0.5,"y":0.5}},"NPC-580.png":{"frame":{"x":456,"y":2,"w":179,"h":260},"rotated":false,"trimmed":false,"spriteSourceSize":{"x":0,"y":0,"w":179,"h":260},"sourceSize":{"w":179,"h":260},"pivot":{"x":0.5,"y":0.5}},"NPC-627.png":{"frame":{"x":2,"y":431,"w":111,"h":246},"rotated":false,"trimmed":false,"spriteSourceSize":{"x":0,"y":0,"w":111,"h":246},"sourceSize":{"w":111,"h":246},"pivot":{"x":0.5,"y":0.5}},"NPC-654.png":{"frame":{"x":117,"y":431,"w":241,"h":107},"rotated":false,"trimmed":false,"spriteSourceSize":{"x":0,"y":0,"w":241,"h":107},"sourceSize":{"w":241,"h":107},"pivot":{"x":0.5,"y":0.5}},"NPC-582.png":{"frame":{"x":456,"y":266,"w":120,"h":222},"rotated":false,"trimmed":false,"spriteSourceSize":{"x":0,"y":0,"w":120,"h":222},"sourceSize":{"w":120,"h":222},"pivot":{"x":0.5,"y":0.5}},"NPC-585.png":{"frame":{"x":362,"y":492,"w":122,"h":222},"rotated":false,"trimmed":false,"spriteSourceSize":{"x":0,"y":0,"w":122,"h":222},"sourceSize":{"w":122,"h":222},"pivot":{"x":0.5,"y":0.5}},"NPC-583.png":{"frame":{"x":488,"y":492,"w":138,"h":218},"rotated":false,"trimmed":false,"spriteSourceSize":{"x":0,"y":0,"w":138,"h":218},"sourceSize":{"w":138,"h":218},"pivot":{"x":0.5,"y":0.5}},"NPC-642.png":{"frame":{"x":639,"y":2,"w":146,"h":217},"rotated":false,"trimmed":false,"spriteSourceSize":{"x":0,"y":0,"w":146,"h":217},"sourceSize":{"w":146,"h":217},"pivot":{"x":0.5,"y":0.5}},"NPC-584.png":{"frame":{"x":580,"y":266,"w":138,"h":214},"rotated":false,"trimmed":false,"spriteSourceSize":{"x":0,"y":0,"w":138,"h":214},"sourceSize":{"w":138,"h":214},"pivot":{"x":0.5,"y":0.5}},"NPC-631.png":{"frame":{"x":630,"y":484,"w":94,"h":212},"rotated":false,"trimmed":false,"spriteSourceSize":{"x":0,"y":0,"w":94,"h":212},"sourceSize":{"w":94,"h":212},"pivot":{"x":0.5,"y":0.5}},"NPC-630.png":{"frame":{"x":2,"y":718,"w":84,"h":209},"rotated":false,"trimmed":false,"spriteSourceSize":{"x":0,"y":0,"w":84,"h":209},"sourceSize":{"w":84,"h":209},"pivot":{"x":0.5,"y":0.5}},"NPC-633.png":{"frame":{"x":90,"y":718,"w":94,"h":209},"rotated":false,"trimmed":false,"spriteSourceSize":{"x":0,"y":0,"w":94,"h":209},"sourceSize":{"w":94,"h":209},"pivot":{"x":0.5,"y":0.5}},"NPC-632.png":{"frame":{"x":188,"y":718,"w":84,"h":206},"rotated":false,"trimmed":false,"spriteSourceSize":{"x":0,"y":0,"w":84,"h":206},"sourceSize":{"w":84,"h":206},"pivot":{"x":0.5,"y":0.5}},"NPC-611.png":{"frame":{"x":630,"y":700,"w":119,"h":200},"rotated":false,"trimmed":false,"spriteSourceSize":{"x":0,"y":0,"w":119,"h":200},"sourceSize":{"w":119,"h":200},"pivot":{"x":0.5,"y":0.5}},"NPC-601.png":{"frame":{"x":276,"y":542,"w":71,"h":199},"rotated":false,"trimmed":false,"spriteSourceSize":{"x":0,"y":0,"w":71,"h":199},"sourceSize":{"w":71,"h":199},"pivot":{"x":0.5,"y":0.5}},"NPC-612.png":{"frame":{"x":276,"y":745,"w":108,"h":196},"rotated":false,"trimmed":false,"spriteSourceSize":{"x":0,"y":0,"w":108,"h":196},"sourceSize":{"w":108,"h":196},"pivot":{"x":0.5,"y":0.5}},"NPC-626.png":{"frame":{"x":388,"y":718,"w":195,"h":166},"rotated":false,"trimmed":false,"spriteSourceSize":{"x":0,"y":0,"w":195,"h":166},"sourceSize":{"w":195,"h":166},"pivot":{"x":0.5,"y":0.5}},"NPC-634.png":{"frame":{"x":789,"y":2,"w":99,"h":189},"rotated":false,"trimmed":false,"spriteSourceSize":{"x":0,"y":0,"w":99,"h":189},"sourceSize":{"w":99,"h":189},"pivot":{"x":0.5,"y":0.5}},"NPC-628.png":{"frame":{"x":753,"y":223,"w":104,"h":189},"rotated":false,"trimmed":false,"spriteSourceSize":{"x":0,"y":0,"w":104,"h":189},"sourceSize":{"w":104,"h":189},"pivot":{"x":0.5,"y":0.5}},"NPC-603.png":{"frame":{"x":753,"y":416,"w":71,"h":188},"rotated":false,"trimmed":false,"spriteSourceSize":{"x":0,"y":0,"w":71,"h":188},"sourceSize":{"w":71,"h":188},"pivot":{"x":0.5,"y":0.5}},"NPC-635.png":{"frame":{"x":753,"y":608,"w":99,"h":188},"rotated":false,"trimmed":false,"spriteSourceSize":{"x":0,"y":0,"w":99,"h":188},"sourceSize":{"w":99,"h":188},"pivot":{"x":0.5,"y":0.5}},"NPC-653.png":{"frame":{"x":892,"y":2,"w":151,"h":185},"rotated":false,"trimmed":false,"spriteSourceSize":{"x":0,"y":0,"w":151,"h":185},"sourceSize":{"w":151,"h":185},"pivot":{"x":0.5,"y":0.5}},"NPC-604.png":{"frame":{"x":828,"y":416,"w":80,"h":183},"rotated":false,"trimmed":false,"spriteSourceSize":{"x":0,"y":0,"w":80,"h":183},"sourceSize":{"w":80,"h":183},"pivot":{"x":0.5,"y":0.5}},"NPC-636.png":{"frame":{"x":861,"y":195,"w":74,"h":182},"rotated":false,"trimmed":false,"spriteSourceSize":{"x":0,"y":0,"w":74,"h":182},"sourceSize":{"w":74,"h":182},"pivot":{"x":0.5,"y":0.5}},"NPC-637.png":{"frame":{"x":939,"y":191,"w":74,"h":181},"rotated":false,"trimmed":false,"spriteSourceSize":{"x":0,"y":0,"w":74,"h":181},"sourceSize":{"w":74,"h":181},"pivot":{"x":0.5,"y":0.5}},"NPC-606.png":{"frame":{"x":939,"y":376,"w":61,"h":177},"rotated":false,"trimmed":false,"spriteSourceSize":{"x":0,"y":0,"w":61,"h":177},"sourceSize":{"w":61,"h":177},"pivot":{"x":0.5,"y":0.5}},"NPC-605.png":{"frame":{"x":117,"y":542,"w":61,"h":165},"rotated":false,"trimmed":false,"spriteSourceSize":{"x":0,"y":0,"w":61,"h":165},"sourceSize":{"w":61,"h":165},"pivot":{"x":0.5,"y":0.5}},"NPC-664.png":{"frame":{"x":912,"y":557,"w":125,"h":164},"rotated":false,"trimmed":false,"spriteSourceSize":{"x":0,"y":0,"w":125,"h":164},"sourceSize":{"w":125,"h":164},"pivot":{"x":0.5,"y":0.5}},"NPC-608.png":{"frame":{"x":182,"y":542,"w":61,"h":162},"rotated":false,"trimmed":false,"spriteSourceSize":{"x":0,"y":0,"w":61,"h":162},"sourceSize":{"w":61,"h":162},"pivot":{"x":0.5,"y":0.5}},"NPC-607.png":{"frame":{"x":2,"y":273,"w":61,"h":150},"rotated":false,"trimmed":false,"spriteSourceSize":{"x":0,"y":0,"w":61,"h":150},"sourceSize":{"w":61,"h":150},"pivot":{"x":0.5,"y":0.5}},"NPC-613.png":{"frame":{"x":856,"y":603,"w":49,"h":145},"rotated":false,"trimmed":false,"spriteSourceSize":{"x":0,"y":0,"w":49,"h":145},"sourceSize":{"w":49,"h":145},"pivot":{"x":0.5,"y":0.5}},"NPC-614.png":{"frame":{"x":67,"y":273,"w":64,"h":142},"rotated":false,"trimmed":false,"spriteSourceSize":{"x":0,"y":0,"w":64,"h":142},"sourceSize":{"w":64,"h":142},"pivot":{"x":0.5,"y":0.5}},"NPC-618.png":{"frame":{"x":753,"y":800,"w":55,"h":141},"rotated":false,"trimmed":true,"spriteSourceSize":{"x":0,"y":1,"w":55,"h":141},"sourceSize":{"w":55,"h":142},"pivot":{"x":0.5,"y":0.5}},"NPC-616.png":{"frame":{"x":812,"y":800,"w":53,"h":139},"rotated":false,"trimmed":true,"spriteSourceSize":{"x":0,"y":1,"w":53,"h":139},"sourceSize":{"w":53,"h":140},"pivot":{"x":0.5,"y":0.5}},"NPC-617.png":{"frame":{"x":869,"y":752,"w":52,"h":138},"rotated":false,"trimmed":false,"spriteSourceSize":{"x":0,"y":0,"w":52,"h":138},"sourceSize":{"w":52,"h":138},"pivot":{"x":0.5,"y":0.5}},"NPC-615.png":{"frame":{"x":135,"y":273,"w":48,"h":137},"rotated":false,"trimmed":false,"spriteSourceSize":{"x":0,"y":0,"w":48,"h":137},"sourceSize":{"w":48,"h":137},"pivot":{"x":0.5,"y":0.5}},"NPC-579.png":{"frame":{"x":925,"y":725,"w":86,"h":132},"rotated":false,"trimmed":false,"spriteSourceSize":{"x":0,"y":0,"w":86,"h":132},"sourceSize":{"w":86,"h":132},"pivot":{"x":0.5,"y":0.5}},"NPC-665.png":{"frame":{"x":2,"y":945,"w":126,"h":119},"rotated":false,"trimmed":false,"spriteSourceSize":{"x":0,"y":0,"w":126,"h":119},"sourceSize":{"w":126,"h":119},"pivot":{"x":0.5,"y":0.5}},"NPC-600.png":{"frame":{"x":925,"y":861,"w":118,"h":121},"rotated":false,"trimmed":false,"spriteSourceSize":{"x":0,"y":0,"w":118,"h":121},"sourceSize":{"w":118,"h":121},"pivot":{"x":0.5,"y":0.5}},"NPC-574.png":{"frame":{"x":812,"y":943,"w":103,"h":120},"rotated":false,"trimmed":false,"spriteSourceSize":{"x":0,"y":0,"w":103,"h":120},"sourceSize":{"w":103,"h":120},"pivot":{"x":0.5,"y":0.5}},"NPC-576.png":{"frame":{"x":132,"y":945,"w":69,"h":120},"rotated":false,"trimmed":false,"spriteSourceSize":{"x":0,"y":0,"w":69,"h":120},"sourceSize":{"w":69,"h":120},"pivot":{"x":0.5,"y":0.5}},"NPC-620.png":{"frame":{"x":205,"y":945,"w":44,"h":120},"rotated":false,"trimmed":false,"spriteSourceSize":{"x":0,"y":0,"w":44,"h":120},"sourceSize":{"w":44,"h":120},"pivot":{"x":0.5,"y":0.5}},"NPC-568.png":{"frame":{"x":919,"y":986,"w":118,"h":56},"rotated":false,"trimmed":false,"spriteSourceSize":{"x":0,"y":0,"w":118,"h":56},"sourceSize":{"w":118,"h":56},"pivot":{"x":0.5,"y":0.5}},"NPC-619.png":{"frame":{"x":253,"y":945,"w":44,"h":117},"rotated":false,"trimmed":false,"spriteSourceSize":{"x":0,"y":0,"w":44,"h":117},"sourceSize":{"w":44,"h":117},"pivot":{"x":0.5,"y":0.5}},"NPC-602.png":{"frame":{"x":301,"y":945,"w":80,"h":116},"rotated":false,"trimmed":false,"spriteSourceSize":{"x":0,"y":0,"w":80,"h":116},"sourceSize":{"w":80,"h":116},"pivot":{"x":0.5,"y":0.5}},"NPC-573.png":{"frame":{"x":385,"y":945,"w":103,"h":115},"rotated":false,"trimmed":false,"spriteSourceSize":{"x":0,"y":0,"w":103,"h":115},"sourceSize":{"w":103,"h":115},"pivot":{"x":0.5,"y":0.5}},"NPC-621.png":{"frame":{"x":492,"y":945,"w":75,"h":113},"rotated":false,"trimmed":false,"spriteSourceSize":{"x":0,"y":0,"w":75,"h":113},"sourceSize":{"w":75,"h":113},"pivot":{"x":0.5,"y":0.5}},"NPC-575.png":{"frame":{"x":571,"y":945,"w":93,"h":109},"rotated":false,"trimmed":false,"spriteSourceSize":{"x":0,"y":0,"w":93,"h":109},"sourceSize":{"w":93,"h":109},"pivot":{"x":0.5,"y":0.5}},"NPC-623.png":{"frame":{"x":668,"y":904,"w":79,"h":106},"rotated":false,"trimmed":false,"spriteSourceSize":{"x":0,"y":0,"w":79,"h":106},"sourceSize":{"w":79,"h":106},"pivot":{"x":0.5,"y":0.5}},"NPC-622.png":{"frame":{"x":1047,"y":2,"w":70,"h":102},"rotated":false,"trimmed":false,"spriteSourceSize":{"x":0,"y":0,"w":70,"h":102},"sourceSize":{"w":70,"h":102},"pivot":{"x":0.5,"y":0.5}},"NPC-572.png":{"frame":{"x":1017,"y":191,"w":78,"h":100},"rotated":false,"trimmed":false,"spriteSourceSize":{"x":0,"y":0,"w":78,"h":100},"sourceSize":{"w":78,"h":100},"pivot":{"x":0.5,"y":0.5}},"NPC-577.png":{"frame":{"x":1017,"y":295,"w":83,"h":97},"rotated":false,"trimmed":false,"spriteSourceSize":{"x":0,"y":0,"w":83,"h":97},"sourceSize":{"w":83,"h":97},"pivot":{"x":0.5,"y":0.5}},"NPC-625.png":{"frame":{"x":1041,"y":396,"w":74,"h":97},"rotated":false,"trimmed":false,"spriteSourceSize":{"x":0,"y":0,"w":74,"h":97},"sourceSize":{"w":74,"h":97},"pivot":{"x":0.5,"y":0.5}},"NPC-650.png":{"frame":{"x":1015,"y":725,"w":92,"h":95},"rotated":false,"trimmed":false,"spriteSourceSize":{"x":0,"y":0,"w":92,"h":95},"sourceSize":{"w":92,"h":95},"pivot":{"x":0.5,"y":0.5}},"NPC-660.png":{"frame":{"x":2,"y":1069,"w":95,"h":89},"rotated":false,"trimmed":false,"spriteSourceSize":{"x":0,"y":0,"w":95,"h":89},"sourceSize":{"w":95,"h":89},"pivot":{"x":0.5,"y":0.5}},"NPC-569.png":{"frame":{"x":101,"y":1069,"w":84,"h":93},"rotated":false,"trimmed":false,"spriteSourceSize":{"x":0,"y":0,"w":84,"h":93},"sourceSize":{"w":84,"h":93},"pivot":{"x":0.5,"y":0.5}},"NPC-638.png":{"frame":{"x":189,"y":1069,"w":90,"h":64},"rotated":false,"trimmed":false,"spriteSourceSize":{"x":0,"y":0,"w":90,"h":64},"sourceSize":{"w":90,"h":64},"pivot":{"x":0.5,"y":0.5}},"NPC-643.png":{"frame":{"x":283,"y":1067,"w":89,"h":80},"rotated":false,"trimmed":false,"spriteSourceSize":{"x":0,"y":0,"w":89,"h":80},"sourceSize":{"w":89,"h":80},"pivot":{"x":0.5,"y":0.5}},"NPC-644.png":{"frame":{"x":376,"y":1067,"w":89,"h":80},"rotated":false,"trimmed":false,"spriteSourceSize":{"x":0,"y":0,"w":89,"h":80},"sourceSize":{"w":89,"h":80},"pivot":{"x":0.5,"y":0.5}},"NPC-586.png":{"frame":{"x":469,"y":1067,"w":88,"h":84},"rotated":false,"trimmed":false,"spriteSourceSize":{"x":0,"y":0,"w":88,"h":84},"sourceSize":{"w":88,"h":84},"pivot":{"x":0.5,"y":0.5}},"NPC-587.png":{"frame":{"x":1004,"y":497,"w":87,"h":54},"rotated":false,"trimmed":false,"spriteSourceSize":{"x":0,"y":0,"w":87,"h":54},"sourceSize":{"w":87,"h":54},"pivot":{"x":0.5,"y":0.5}},"NPC-624.png":{"frame":{"x":561,"y":1067,"w":83,"h":85},"rotated":false,"trimmed":false,"spriteSourceSize":{"x":0,"y":0,"w":83,"h":85},"sourceSize":{"w":83,"h":85},"pivot":{"x":0.5,"y":0.5}},"NPC-641.png":{"frame":{"x":362,"y":431,"w":83,"h":42},"rotated":false,"trimmed":false,"spriteSourceSize":{"x":0,"y":0,"w":83,"h":42},"sourceSize":{"w":83,"h":42},"pivot":{"x":0.5,"y":0.5}},"NPC-659.png":{"frame":{"x":1041,"y":986,"w":71,"h":83},"rotated":false,"trimmed":false,"spriteSourceSize":{"x":0,"y":0,"w":71,"h":83},"sourceSize":{"w":71,"h":83},"pivot":{"x":0.5,"y":0.5}},"NPC-657.png":{"frame":{"x":919,"y":1046,"w":81,"h":57},"rotated":false,"trimmed":false,"spriteSourceSize":{"x":0,"y":0,"w":81,"h":57},"sourceSize":{"w":81,"h":57},"pivot":{"x":0.5,"y":0.5}},"NPC-639.png":{"frame":{"x":751,"y":945,"w":53,"h":80},"rotated":false,"trimmed":false,"spriteSourceSize":{"x":0,"y":0,"w":53,"h":80},"sourceSize":{"w":53,"h":80},"pivot":{"x":0.5,"y":0.5}},"NPC-658.png":{"frame":{"x":1047,"y":824,"w":66,"h":80},"rotated":false,"trimmed":false,"spriteSourceSize":{"x":0,"y":0,"w":66,"h":80},"sourceSize":{"w":66,"h":80},"pivot":{"x":0.5,"y":0.5}},"NPC-629.png":{"frame":{"x":1047,"y":108,"w":68,"h":79},"rotated":false,"trimmed":false,"spriteSourceSize":{"x":0,"y":0,"w":68,"h":79},"sourceSize":{"w":68,"h":79},"pivot":{"x":0.5,"y":0.5}},"NPC-571.png":{"frame":{"x":1041,"y":555,"w":70,"h":76},"rotated":false,"trimmed":false,"spriteSourceSize":{"x":0,"y":0,"w":70,"h":76},"sourceSize":{"w":70,"h":76},"pivot":{"x":0.5,"y":0.5}},"NPC-589.png":{"frame":{"x":1041,"y":635,"w":75,"h":43},"rotated":false,"trimmed":false,"spriteSourceSize":{"x":0,"y":0,"w":75,"h":43},"sourceSize":{"w":75,"h":43},"pivot":{"x":0.5,"y":0.5}},"NPC-651.png":{"frame":{"x":1047,"y":908,"w":68,"h":74},"rotated":false,"trimmed":false,"spriteSourceSize":{"x":0,"y":0,"w":68,"h":74},"sourceSize":{"w":68,"h":74},"pivot":{"x":0.5,"y":0.5}},"NPC-570.png":{"frame":{"x":668,"y":1014,"w":71,"h":73},"rotated":false,"trimmed":false,"spriteSourceSize":{"x":0,"y":0,"w":71,"h":73},"sourceSize":{"w":71,"h":73},"pivot":{"x":0.5,"y":0.5}},"NPC-646.png":{"frame":{"x":388,"y":888,"w":72,"h":50},"rotated":false,"trimmed":false,"spriteSourceSize":{"x":0,"y":0,"w":72,"h":50},"sourceSize":{"w":72,"h":50},"pivot":{"x":0.5,"y":0.5}},"NPC-661.png":{"frame":{"x":648,"y":1107,"w":72,"h":57},"rotated":false,"trimmed":false,"spriteSourceSize":{"x":0,"y":0,"w":72,"h":57},"sourceSize":{"w":72,"h":57},"pivot":{"x":0.5,"y":0.5}},"NPC-640.png":{"frame":{"x":743,"y":1029,"w":60,"h":70},"rotated":false,"trimmed":false,"spriteSourceSize":{"x":0,"y":0,"w":60,"h":70},"sourceSize":{"w":60,"h":70},"pivot":{"x":0.5,"y":0.5}},"NPC-590.png":{"frame":{"x":1004,"y":1073,"w":55,"h":69},"rotated":false,"trimmed":false,"spriteSourceSize":{"x":0,"y":0,"w":55,"h":69},"sourceSize":{"w":55,"h":69},"pivot":{"x":0.5,"y":0.5}},"NPC-592.png":{"frame":{"x":807,"y":1067,"w":56,"h":69},"rotated":false,"trimmed":false,"spriteSourceSize":{"x":0,"y":0,"w":56,"h":69},"sourceSize":{"w":56,"h":69},"pivot":{"x":0.5,"y":0.5}},"NPC-648.png":{"frame":{"x":1063,"y":1073,"w":54,"h":69},"rotated":false,"trimmed":false,"spriteSourceSize":{"x":0,"y":0,"w":54,"h":69},"sourceSize":{"w":54,"h":69},"pivot":{"x":0.5,"y":0.5}},"NPC-610.png":{"frame":{"x":867,"y":1067,"w":47,"h":66},"rotated":false,"trimmed":false,"spriteSourceSize":{"x":0,"y":0,"w":47,"h":66},"sourceSize":{"w":47,"h":66},"pivot":{"x":0.5,"y":0.5}},"NPC-647.png":{"frame":{"x":918,"y":1107,"w":54,"h":63},"rotated":false,"trimmed":false,"spriteSourceSize":{"x":0,"y":0,"w":54,"h":63},"sourceSize":{"w":54,"h":63},"pivot":{"x":0.5,"y":0.5}},"NPC-591.png":{"frame":{"x":464,"y":888,"w":58,"h":42},"rotated":false,"trimmed":false,"spriteSourceSize":{"x":0,"y":0,"w":58,"h":42},"sourceSize":{"w":58,"h":42},"pivot":{"x":0.5,"y":0.5}},"NPC-649.png":{"frame":{"x":526,"y":888,"w":58,"h":49},"rotated":false,"trimmed":false,"spriteSourceSize":{"x":0,"y":0,"w":58,"h":49},"sourceSize":{"w":58,"h":49},"pivot":{"x":0.5,"y":0.5}},"NPC-652.png":{"frame":{"x":724,"y":1103,"w":57,"h":43},"rotated":false,"trimmed":false,"spriteSourceSize":{"x":0,"y":0,"w":57,"h":43},"sourceSize":{"w":57,"h":43},"pivot":{"x":0.5,"y":0.5}},"NPC-645.png":{"frame":{"x":869,"y":894,"w":47,"h":44},"rotated":false,"trimmed":false,"spriteSourceSize":{"x":0,"y":0,"w":47,"h":44},"sourceSize":{"w":47,"h":44},"pivot":{"x":0.5,"y":0.5}},"NPC-588.png":{"frame":{"x":1121,"y":2,"w":45,"h":41},"rotated":false,"trimmed":false,"spriteSourceSize":{"x":0,"y":0,"w":45,"h":41},"sourceSize":{"w":45,"h":41},"pivot":{"x":0.5,"y":0.5}},"NPC-609.png":{"frame":{"x":1121,"y":47,"w":41,"h":45},"rotated":false,"trimmed":false,"spriteSourceSize":{"x":0,"y":0,"w":41,"h":45},"sourceSize":{"w":41,"h":45},"pivot":{"x":0.5,"y":0.5}}},"meta":{"app":"http://github.com/odrick/free-tex-packer-core","version":"0.1.9","image":"g.png","format":"RGBA8888","size":{"w":2048,"h":2048},"scale":1}}