{"frames":{"cannon-asset-1539.png":{"frame":{"x":2,"y":2,"w":743,"h":563},"rotated":false,"trimmed":false,"spriteSourceSize":{"x":0,"y":0,"w":743,"h":563},"sourceSize":{"w":743,"h":563},"pivot":{"x":0.5,"y":0.5}},"cannon-asset-1540.png":{"frame":{"x":2,"y":569,"w":743,"h":563},"rotated":false,"trimmed":false,"spriteSourceSize":{"x":0,"y":0,"w":743,"h":563},"sourceSize":{"w":743,"h":563},"pivot":{"x":0.5,"y":0.5}},"cannon-asset-1542.png":{"frame":{"x":749,"y":2,"w":195,"h":606},"rotated":false,"trimmed":false,"spriteSourceSize":{"x":0,"y":0,"w":195,"h":606},"sourceSize":{"w":195,"h":606},"pivot":{"x":0.5,"y":0.5}},"cannon-asset-1541.png":{"frame":{"x":948,"y":2,"w":195,"h":606},"rotated":false,"trimmed":false,"spriteSourceSize":{"x":0,"y":0,"w":195,"h":606},"sourceSize":{"w":195,"h":606},"pivot":{"x":0.5,"y":0.5}},"explosion-animations-45.png":{"frame":{"x":749,"y":612,"w":186,"h":241},"rotated":false,"trimmed":false,"spriteSourceSize":{"x":0,"y":0,"w":186,"h":241},"sourceSize":{"w":186,"h":241},"pivot":{"x":0.5,"y":0.5}},"explosion-animations-47.png":{"frame":{"x":939,"y":612,"w":182,"h":241},"rotated":false,"trimmed":false,"spriteSourceSize":{"x":0,"y":0,"w":182,"h":241},"sourceSize":{"w":182,"h":241},"pivot":{"x":0.5,"y":0.5}},"explosion-animations-49.png":{"frame":{"x":749,"y":857,"w":180,"h":241},"rotated":false,"trimmed":false,"spriteSourceSize":{"x":0,"y":0,"w":180,"h":241},"sourceSize":{"w":180,"h":241},"pivot":{"x":0.5,"y":0.5}},"explosion-animations-51.png":{"frame":{"x":933,"y":857,"w":182,"h":240},"rotated":false,"trimmed":false,"spriteSourceSize":{"x":0,"y":0,"w":182,"h":240},"sourceSize":{"w":182,"h":240},"pivot":{"x":0.5,"y":0.5}},"explosion-animations-46.png":{"frame":{"x":2,"y":1136,"w":185,"h":240},"rotated":false,"trimmed":false,"spriteSourceSize":{"x":0,"y":0,"w":185,"h":240},"sourceSize":{"w":185,"h":240},"pivot":{"x":0.5,"y":0.5}},"explosion-animations-48.png":{"frame":{"x":191,"y":1136,"w":181,"h":240},"rotated":false,"trimmed":false,"spriteSourceSize":{"x":0,"y":0,"w":181,"h":240},"sourceSize":{"w":181,"h":240},"pivot":{"x":0.5,"y":0.5}},"explosion-animations-50.png":{"frame":{"x":376,"y":1136,"w":181,"h":240},"rotated":false,"trimmed":false,"spriteSourceSize":{"x":0,"y":0,"w":181,"h":240},"sourceSize":{"w":181,"h":240},"pivot":{"x":0.5,"y":0.5}},"explosion-animations-44.png":{"frame":{"x":561,"y":1136,"w":189,"h":239},"rotated":false,"trimmed":false,"spriteSourceSize":{"x":0,"y":0,"w":189,"h":239},"sourceSize":{"w":189,"h":239},"pivot":{"x":0.5,"y":0.5}},"explosion-animations-52.png":{"frame":{"x":933,"y":1101,"w":181,"h":238},"rotated":false,"trimmed":false,"spriteSourceSize":{"x":0,"y":0,"w":181,"h":238},"sourceSize":{"w":181,"h":238},"pivot":{"x":0.5,"y":0.5}},"explosion-animations-43.png":{"frame":{"x":1147,"y":2,"w":191,"h":238},"rotated":false,"trimmed":false,"spriteSourceSize":{"x":0,"y":0,"w":191,"h":238},"sourceSize":{"w":191,"h":238},"pivot":{"x":0.5,"y":0.5}},"explosion-animations-53.png":{"frame":{"x":1147,"y":244,"w":181,"h":237},"rotated":false,"trimmed":false,"spriteSourceSize":{"x":0,"y":0,"w":181,"h":237},"sourceSize":{"w":181,"h":237},"pivot":{"x":0.5,"y":0.5}},"explosion-animations-42.png":{"frame":{"x":1147,"y":485,"w":190,"h":237},"rotated":false,"trimmed":false,"spriteSourceSize":{"x":0,"y":0,"w":190,"h":237},"sourceSize":{"w":190,"h":237},"pivot":{"x":0.5,"y":0.5}},"explosion-animations-54.png":{"frame":{"x":1125,"y":726,"w":177,"h":236},"rotated":false,"trimmed":false,"spriteSourceSize":{"x":0,"y":0,"w":177,"h":236},"sourceSize":{"w":177,"h":236},"pivot":{"x":0.5,"y":0.5}},"explosion-animations-41.png":{"frame":{"x":1119,"y":966,"w":190,"h":236},"rotated":false,"trimmed":false,"spriteSourceSize":{"x":0,"y":0,"w":190,"h":236},"sourceSize":{"w":190,"h":236},"pivot":{"x":0.5,"y":0.5}},"explosion-animations-55.png":{"frame":{"x":1342,"y":2,"w":176,"h":235},"rotated":false,"trimmed":false,"spriteSourceSize":{"x":0,"y":0,"w":176,"h":235},"sourceSize":{"w":176,"h":235},"pivot":{"x":0.5,"y":0.5}},"explosion-animations-39.png":{"frame":{"x":1332,"y":244,"w":186,"h":234},"rotated":false,"trimmed":false,"spriteSourceSize":{"x":0,"y":0,"w":186,"h":234},"sourceSize":{"w":186,"h":234},"pivot":{"x":0.5,"y":0.5}},"explosion-animations-40.png":{"frame":{"x":1306,"y":726,"w":188,"h":234},"rotated":false,"trimmed":false,"spriteSourceSize":{"x":0,"y":0,"w":188,"h":234},"sourceSize":{"w":188,"h":234},"pivot":{"x":0.5,"y":0.5}},"explosion-animations-56.png":{"frame":{"x":1341,"y":482,"w":132,"h":233},"rotated":false,"trimmed":false,"spriteSourceSize":{"x":0,"y":0,"w":132,"h":233},"sourceSize":{"w":132,"h":233},"pivot":{"x":0.5,"y":0.5}},"explosion-animations-57.png":{"frame":{"x":754,"y":1102,"w":131,"h":231},"rotated":false,"trimmed":false,"spriteSourceSize":{"x":0,"y":0,"w":131,"h":231},"sourceSize":{"w":131,"h":231},"pivot":{"x":0.5,"y":0.5}},"explosion-animations-58.png":{"frame":{"x":1313,"y":964,"w":87,"h":231},"rotated":false,"trimmed":false,"spriteSourceSize":{"x":0,"y":0,"w":87,"h":231},"sourceSize":{"w":87,"h":231},"pivot":{"x":0.5,"y":0.5}},"explosion-animations-38.png":{"frame":{"x":2,"y":1380,"w":184,"h":231},"rotated":false,"trimmed":false,"spriteSourceSize":{"x":0,"y":0,"w":184,"h":231},"sourceSize":{"w":184,"h":231},"pivot":{"x":0.5,"y":0.5}},"explosion-animations-59.png":{"frame":{"x":190,"y":1380,"w":86,"h":230},"rotated":false,"trimmed":false,"spriteSourceSize":{"x":0,"y":0,"w":86,"h":230},"sourceSize":{"w":86,"h":230},"pivot":{"x":0.5,"y":0.5}},"explosion-animations-37.png":{"frame":{"x":280,"y":1380,"w":183,"h":228},"rotated":false,"trimmed":false,"spriteSourceSize":{"x":0,"y":0,"w":183,"h":228},"sourceSize":{"w":183,"h":228},"pivot":{"x":0.5,"y":0.5}},"explosion-animations-36.png":{"frame":{"x":467,"y":1380,"w":182,"h":226},"rotated":false,"trimmed":false,"spriteSourceSize":{"x":0,"y":0,"w":182,"h":226},"sourceSize":{"w":182,"h":226},"pivot":{"x":0.5,"y":0.5}},"explosion-animations-35.png":{"frame":{"x":653,"y":1379,"w":181,"h":224},"rotated":false,"trimmed":false,"spriteSourceSize":{"x":0,"y":0,"w":181,"h":224},"sourceSize":{"w":181,"h":224},"pivot":{"x":0.5,"y":0.5}},"explosion-animations-60.png":{"frame":{"x":838,"y":1337,"w":50,"h":221},"rotated":false,"trimmed":false,"spriteSourceSize":{"x":0,"y":0,"w":50,"h":221},"sourceSize":{"w":50,"h":221},"pivot":{"x":0.5,"y":0.5}},"explosion-animations-34.png":{"frame":{"x":1313,"y":1199,"w":180,"h":221},"rotated":false,"trimmed":false,"spriteSourceSize":{"x":0,"y":0,"w":180,"h":221},"sourceSize":{"w":180,"h":221},"pivot":{"x":0.5,"y":0.5}},"explosion-animations-33.png":{"frame":{"x":1118,"y":1206,"w":180,"h":219},"rotated":false,"trimmed":false,"spriteSourceSize":{"x":0,"y":0,"w":180,"h":219},"sourceSize":{"w":180,"h":219},"pivot":{"x":0.5,"y":0.5}},"explosion-animations-32.png":{"frame":{"x":892,"y":1343,"w":176,"h":216},"rotated":false,"trimmed":false,"spriteSourceSize":{"x":0,"y":0,"w":176,"h":216},"sourceSize":{"w":176,"h":216},"pivot":{"x":0.5,"y":0.5}},"explosion-animations-31.png":{"frame":{"x":1522,"y":2,"w":174,"h":212},"rotated":false,"trimmed":false,"spriteSourceSize":{"x":0,"y":0,"w":174,"h":212},"sourceSize":{"w":174,"h":212},"pivot":{"x":0.5,"y":0.5}},"explosion-animations-30.png":{"frame":{"x":1522,"y":218,"w":170,"h":206},"rotated":false,"trimmed":false,"spriteSourceSize":{"x":0,"y":0,"w":170,"h":206},"sourceSize":{"w":170,"h":206},"pivot":{"x":0.5,"y":0.5}},"explosion-animations-29.png":{"frame":{"x":1522,"y":428,"w":167,"h":203},"rotated":false,"trimmed":false,"spriteSourceSize":{"x":0,"y":0,"w":167,"h":203},"sourceSize":{"w":167,"h":203},"pivot":{"x":0.5,"y":0.5}},"explosion-animations-28.png":{"frame":{"x":1498,"y":635,"w":167,"h":199},"rotated":false,"trimmed":false,"spriteSourceSize":{"x":0,"y":0,"w":167,"h":199},"sourceSize":{"w":167,"h":199},"pivot":{"x":0.5,"y":0.5}},"explosion-animations-27.png":{"frame":{"x":1498,"y":838,"w":167,"h":195},"rotated":false,"trimmed":false,"spriteSourceSize":{"x":0,"y":0,"w":167,"h":195},"sourceSize":{"w":167,"h":195},"pivot":{"x":0.5,"y":0.5}},"explosion-animations-26.png":{"frame":{"x":1497,"y":1037,"w":160,"h":189},"rotated":false,"trimmed":false,"spriteSourceSize":{"x":0,"y":0,"w":160,"h":189},"sourceSize":{"w":160,"h":189},"pivot":{"x":0.5,"y":0.5}},"explosion-animations-24.png":{"frame":{"x":1072,"y":1429,"w":159,"h":182},"rotated":false,"trimmed":false,"spriteSourceSize":{"x":0,"y":0,"w":159,"h":182},"sourceSize":{"w":159,"h":182},"pivot":{"x":0.5,"y":0.5}},"explosion-animations-23.png":{"frame":{"x":1235,"y":1429,"w":151,"h":179},"rotated":false,"trimmed":false,"spriteSourceSize":{"x":0,"y":0,"w":151,"h":179},"sourceSize":{"w":151,"h":179},"pivot":{"x":0.5,"y":0.5}},"cannon-asset-1543.png":{"frame":{"x":838,"y":1563,"w":176,"h":35},"rotated":false,"trimmed":false,"spriteSourceSize":{"x":0,"y":0,"w":176,"h":35},"sourceSize":{"w":176,"h":35},"pivot":{"x":0.5,"y":0.5}},"explosion-animations-22.png":{"frame":{"x":1390,"y":1424,"w":145,"h":174},"rotated":false,"trimmed":false,"spriteSourceSize":{"x":0,"y":0,"w":145,"h":174},"sourceSize":{"w":145,"h":174},"pivot":{"x":0.5,"y":0.5}},"explosion-animations-21.png":{"frame":{"x":1497,"y":1230,"w":125,"h":167},"rotated":false,"trimmed":false,"spriteSourceSize":{"x":0,"y":0,"w":125,"h":167},"sourceSize":{"w":125,"h":167},"pivot":{"x":0.5,"y":0.5}},"chair-back-asset.png":{"frame":{"x":1669,"y":635,"w":18,"h":164},"rotated":false,"trimmed":false,"spriteSourceSize":{"x":0,"y":0,"w":18,"h":164},"sourceSize":{"w":18,"h":164},"pivot":{"x":0.5,"y":0.5}},"cannon-asset-1544.png":{"frame":{"x":2,"y":1615,"w":162,"h":38},"rotated":false,"trimmed":false,"spriteSourceSize":{"x":0,"y":0,"w":162,"h":38},"sourceSize":{"w":162,"h":38},"pivot":{"x":0.5,"y":0.5}},"explosion-animations-20.png":{"frame":{"x":1539,"y":1401,"w":114,"h":160},"rotated":false,"trimmed":false,"spriteSourceSize":{"x":0,"y":0,"w":114,"h":160},"sourceSize":{"w":114,"h":160},"pivot":{"x":0.5,"y":0.5}},"cannon-asset-1536.png":{"frame":{"x":1539,"y":1565,"w":150,"h":24},"rotated":false,"trimmed":false,"spriteSourceSize":{"x":0,"y":0,"w":150,"h":24},"sourceSize":{"w":150,"h":24},"pivot":{"x":0.5,"y":0.5}},"cannon-asset-1537.png":{"frame":{"x":1539,"y":1593,"w":150,"h":24},"rotated":false,"trimmed":false,"spriteSourceSize":{"x":0,"y":0,"w":150,"h":24},"sourceSize":{"w":150,"h":24},"pivot":{"x":0.5,"y":0.5}},"explosion-animations-19.png":{"frame":{"x":2,"y":1657,"w":98,"h":144},"rotated":false,"trimmed":false,"spriteSourceSize":{"x":0,"y":0,"w":98,"h":144},"sourceSize":{"w":98,"h":144},"pivot":{"x":0.5,"y":0.5}},"cannon-asset-1534.png":{"frame":{"x":1390,"y":1602,"w":137,"h":12},"rotated":false,"trimmed":false,"spriteSourceSize":{"x":0,"y":0,"w":137,"h":12},"sourceSize":{"w":137,"h":12},"pivot":{"x":0.5,"y":0.5}},"cannon-asset-1535.png":{"frame":{"x":1235,"y":1612,"w":137,"h":6},"rotated":false,"trimmed":false,"spriteSourceSize":{"x":0,"y":0,"w":137,"h":6},"sourceSize":{"w":137,"h":6},"pivot":{"x":0.5,"y":0.5}},"chair-top-asset.png":{"frame":{"x":1376,"y":1618,"w":126,"h":35},"rotated":false,"trimmed":true,"spriteSourceSize":{"x":0,"y":0,"w":126,"h":35},"sourceSize":{"w":126,"h":37},"pivot":{"x":0.5,"y":0.5}},"explosion-animations-18.png":{"frame":{"x":104,"y":1657,"w":91,"h":124},"rotated":false,"trimmed":false,"spriteSourceSize":{"x":0,"y":0,"w":91,"h":124},"sourceSize":{"w":91,"h":124},"pivot":{"x":0.5,"y":0.5}},"chair-leg-asset-broken.png":{"frame":{"x":1125,"y":612,"w":18,"h":96},"rotated":false,"trimmed":false,"spriteSourceSize":{"x":0,"y":0,"w":18,"h":96},"sourceSize":{"w":18,"h":96},"pivot":{"x":0.5,"y":0.5}},"chair-leg-asset.png":{"frame":{"x":1669,"y":803,"w":18,"h":96},"rotated":false,"trimmed":false,"spriteSourceSize":{"x":0,"y":0,"w":18,"h":96},"sourceSize":{"w":18,"h":96},"pivot":{"x":0.5,"y":0.5}},"cannon-asset-1532.png":{"frame":{"x":1626,"y":1230,"w":69,"h":75},"rotated":false,"trimmed":false,"spriteSourceSize":{"x":0,"y":0,"w":69,"h":75},"sourceSize":{"w":69,"h":75},"pivot":{"x":0.5,"y":0.5}},"cannon-asset-1533.png":{"frame":{"x":1626,"y":1309,"w":69,"h":75},"rotated":false,"trimmed":false,"spriteSourceSize":{"x":0,"y":0,"w":69,"h":75},"sourceSize":{"w":69,"h":75},"pivot":{"x":0.5,"y":0.5}},"cannon-asset-1545.png":{"frame":{"x":754,"y":1337,"w":75,"h":38},"rotated":false,"trimmed":false,"spriteSourceSize":{"x":0,"y":0,"w":75,"h":38},"sourceSize":{"w":75,"h":38},"pivot":{"x":0.5,"y":0.5}},"cannon-asset-1531.png":{"frame":{"x":1018,"y":1563,"w":49,"h":47},"rotated":false,"trimmed":false,"spriteSourceSize":{"x":0,"y":0,"w":49,"h":47},"sourceSize":{"w":49,"h":47},"pivot":{"x":0.5,"y":0.5}},"cannon-asset-33.png":{"frame":{"x":1669,"y":903,"w":20,"h":20},"rotated":false,"trimmed":false,"spriteSourceSize":{"x":0,"y":0,"w":20,"h":20},"sourceSize":{"w":20,"h":20},"pivot":{"x":0.5,"y":0.5}},"cart-shards-3.png":{"frame":{"x":1497,"y":1401,"w":20,"h":18},"rotated":false,"trimmed":false,"spriteSourceSize":{"x":0,"y":0,"w":20,"h":18},"sourceSize":{"w":20,"h":18},"pivot":{"x":0.5,"y":0.5}},"cart-shards-2.png":{"frame":{"x":1669,"y":927,"w":18,"h":18},"rotated":false,"trimmed":false,"spriteSourceSize":{"x":0,"y":0,"w":18,"h":18},"sourceSize":{"w":18,"h":18},"pivot":{"x":0.5,"y":0.5}},"cart-shards-1.png":{"frame":{"x":1477,"y":482,"w":16,"h":17},"rotated":false,"trimmed":false,"spriteSourceSize":{"x":0,"y":0,"w":16,"h":17},"sourceSize":{"w":16,"h":17},"pivot":{"x":0.5,"y":0.5}}},"meta":{"app":"http://github.com/odrick/free-tex-packer-core","version":"0.1.9","image":"q.png","format":"RGBA8888","size":{"w":2048,"h":2048},"scale":1}}