{"frames":{"character-2-14.png":{"frame":{"x":2,"y":2,"w":30,"h":422},"rotated":false,"trimmed":false,"spriteSourceSize":{"x":0,"y":0,"w":30,"h":422},"sourceSize":{"w":30,"h":422},"pivot":{"x":0.5,"y":0.5}},"character-2-48.png":{"frame":{"x":36,"y":2,"w":150,"h":261},"rotated":false,"trimmed":false,"spriteSourceSize":{"x":0,"y":0,"w":150,"h":261},"sourceSize":{"w":150,"h":261},"pivot":{"x":0.5,"y":0.5}},"character-2-46.png":{"frame":{"x":190,"y":2,"w":128,"h":260},"rotated":false,"trimmed":false,"spriteSourceSize":{"x":0,"y":0,"w":128,"h":260},"sourceSize":{"w":128,"h":260},"pivot":{"x":0.5,"y":0.5}},"character-2-34.png":{"frame":{"x":322,"y":2,"w":116,"h":238},"rotated":false,"trimmed":false,"spriteSourceSize":{"x":0,"y":0,"w":116,"h":238},"sourceSize":{"w":116,"h":238},"pivot":{"x":0.5,"y":0.5}},"character-2-38.png":{"frame":{"x":322,"y":244,"w":116,"h":237},"rotated":false,"trimmed":false,"spriteSourceSize":{"x":0,"y":0,"w":116,"h":237},"sourceSize":{"w":116,"h":237},"pivot":{"x":0.5,"y":0.5}},"character-2-64.png":{"frame":{"x":2,"y":428,"w":115,"h":234},"rotated":false,"trimmed":false,"spriteSourceSize":{"x":0,"y":0,"w":115,"h":234},"sourceSize":{"w":115,"h":234},"pivot":{"x":0.5,"y":0.5}},"character-2-68.png":{"frame":{"x":190,"y":266,"w":121,"h":234},"rotated":false,"trimmed":false,"spriteSourceSize":{"x":0,"y":0,"w":121,"h":234},"sourceSize":{"w":121,"h":234},"pivot":{"x":0.5,"y":0.5}},"character-2-69.png":{"frame":{"x":442,"y":2,"w":115,"h":233},"rotated":false,"trimmed":false,"spriteSourceSize":{"x":0,"y":0,"w":115,"h":233},"sourceSize":{"w":115,"h":233},"pivot":{"x":0.5,"y":0.5}},"character-2-71.png":{"frame":{"x":561,"y":2,"w":121,"h":233},"rotated":false,"trimmed":false,"spriteSourceSize":{"x":0,"y":0,"w":121,"h":233},"sourceSize":{"w":121,"h":233},"pivot":{"x":0.5,"y":0.5}},"character-2-37.png":{"frame":{"x":442,"y":239,"w":129,"h":232},"rotated":false,"trimmed":false,"spriteSourceSize":{"x":0,"y":0,"w":129,"h":232},"sourceSize":{"w":129,"h":232},"pivot":{"x":0.5,"y":0.5}},"character-2-40.png":{"frame":{"x":2,"y":666,"w":129,"h":231},"rotated":false,"trimmed":false,"spriteSourceSize":{"x":0,"y":0,"w":129,"h":231},"sourceSize":{"w":129,"h":231},"pivot":{"x":0.5,"y":0.5}},"character-2-60.png":{"frame":{"x":575,"y":239,"w":90,"h":215},"rotated":false,"trimmed":false,"spriteSourceSize":{"x":0,"y":0,"w":90,"h":215},"sourceSize":{"w":90,"h":215},"pivot":{"x":0.5,"y":0.5}},"character-2-29.png":{"frame":{"x":575,"y":458,"w":88,"h":214},"rotated":false,"trimmed":false,"spriteSourceSize":{"x":0,"y":0,"w":88,"h":214},"sourceSize":{"w":88,"h":214},"pivot":{"x":0.5,"y":0.5}},"character-2-61.png":{"frame":{"x":135,"y":676,"w":92,"h":207},"rotated":false,"trimmed":false,"spriteSourceSize":{"x":0,"y":0,"w":92,"h":207},"sourceSize":{"w":92,"h":207},"pivot":{"x":0.5,"y":0.5}},"character-2-62.png":{"frame":{"x":231,"y":676,"w":90,"h":202},"rotated":false,"trimmed":false,"spriteSourceSize":{"x":0,"y":0,"w":90,"h":202},"sourceSize":{"w":90,"h":202},"pivot":{"x":0.5,"y":0.5}},"character-2-63.png":{"frame":{"x":325,"y":676,"w":91,"h":194},"rotated":false,"trimmed":false,"spriteSourceSize":{"x":0,"y":0,"w":91,"h":194},"sourceSize":{"w":91,"h":194},"pivot":{"x":0.5,"y":0.5}},"character-2-30.png":{"frame":{"x":442,"y":475,"w":98,"h":192},"rotated":false,"trimmed":false,"spriteSourceSize":{"x":0,"y":0,"w":98,"h":192},"sourceSize":{"w":98,"h":192},"pivot":{"x":0.5,"y":0.5}},"character-2-31.png":{"frame":{"x":420,"y":676,"w":90,"h":191},"rotated":false,"trimmed":false,"spriteSourceSize":{"x":0,"y":0,"w":90,"h":191},"sourceSize":{"w":90,"h":191},"pivot":{"x":0.5,"y":0.5}},"character-2-67.png":{"frame":{"x":514,"y":676,"w":72,"h":189},"rotated":false,"trimmed":true,"spriteSourceSize":{"x":24,"y":0,"w":72,"h":189},"sourceSize":{"w":96,"h":189},"pivot":{"x":0.5,"y":0.5}},"character-2-35.png":{"frame":{"x":315,"y":485,"w":115,"h":181},"rotated":false,"trimmed":false,"spriteSourceSize":{"x":0,"y":0,"w":115,"h":181},"sourceSize":{"w":115,"h":181},"pivot":{"x":0.5,"y":0.5}},"character-2-12.png":{"frame":{"x":686,"y":2,"w":180,"h":180},"rotated":false,"trimmed":false,"spriteSourceSize":{"x":0,"y":0,"w":180,"h":180},"sourceSize":{"w":180,"h":180},"pivot":{"x":0.5,"y":0.5}},"character-2-32.png":{"frame":{"x":590,"y":676,"w":98,"h":176},"rotated":false,"trimmed":false,"spriteSourceSize":{"x":0,"y":0,"w":98,"h":176},"sourceSize":{"w":98,"h":176},"pivot":{"x":0.5,"y":0.5}},"character-2-41.png":{"frame":{"x":667,"y":458,"w":127,"h":175},"rotated":false,"trimmed":false,"spriteSourceSize":{"x":0,"y":0,"w":127,"h":175},"sourceSize":{"w":127,"h":175},"pivot":{"x":0.5,"y":0.5}},"character-2-75.png":{"frame":{"x":135,"y":504,"w":90,"h":168},"rotated":false,"trimmed":false,"spriteSourceSize":{"x":0,"y":0,"w":90,"h":168},"sourceSize":{"w":90,"h":168},"pivot":{"x":0.5,"y":0.5}},"character-2-23.png":{"frame":{"x":229,"y":504,"w":79,"h":166},"rotated":false,"trimmed":false,"spriteSourceSize":{"x":0,"y":0,"w":79,"h":166},"sourceSize":{"w":79,"h":166},"pivot":{"x":0.5,"y":0.5}},"character-2-65.png":{"frame":{"x":669,"y":239,"w":113,"h":165},"rotated":false,"trimmed":false,"spriteSourceSize":{"x":0,"y":0,"w":113,"h":165},"sourceSize":{"w":113,"h":165},"pivot":{"x":0.5,"y":0.5}},"character-2-72.png":{"frame":{"x":692,"y":637,"w":120,"h":165},"rotated":false,"trimmed":false,"spriteSourceSize":{"x":0,"y":0,"w":120,"h":165},"sourceSize":{"w":120,"h":165},"pivot":{"x":0.5,"y":0.5}},"character-2-2.png":{"frame":{"x":36,"y":267,"w":103,"h":157},"rotated":false,"trimmed":false,"spriteSourceSize":{"x":0,"y":0,"w":103,"h":157},"sourceSize":{"w":103,"h":157},"pivot":{"x":0.5,"y":0.5}},"character-2-13.png":{"frame":{"x":870,"y":2,"w":150,"h":146},"rotated":false,"trimmed":false,"spriteSourceSize":{"x":0,"y":0,"w":150,"h":146},"sourceSize":{"w":150,"h":146},"pivot":{"x":0.5,"y":0.5}},"character-2-11.png":{"frame":{"x":870,"y":152,"w":150,"h":150},"rotated":false,"trimmed":false,"spriteSourceSize":{"x":0,"y":0,"w":150,"h":150},"sourceSize":{"w":150,"h":150},"pivot":{"x":0.5,"y":0.5}},"character-2-80.png":{"frame":{"x":786,"y":306,"w":63,"h":147},"rotated":false,"trimmed":false,"spriteSourceSize":{"x":0,"y":0,"w":63,"h":147},"sourceSize":{"w":63,"h":147},"pivot":{"x":0.5,"y":0.5}},"character-2-26.png":{"frame":{"x":798,"y":457,"w":88,"h":146},"rotated":false,"trimmed":false,"spriteSourceSize":{"x":0,"y":0,"w":88,"h":146},"sourceSize":{"w":88,"h":146},"pivot":{"x":0.5,"y":0.5}},"character-2-1.png":{"frame":{"x":853,"y":306,"w":80,"h":144},"rotated":false,"trimmed":false,"spriteSourceSize":{"x":0,"y":0,"w":80,"h":144},"sourceSize":{"w":80,"h":144},"pivot":{"x":0.5,"y":0.5}},"character-2-20.png":{"frame":{"x":937,"y":306,"w":65,"h":141},"rotated":false,"trimmed":false,"spriteSourceSize":{"x":0,"y":0,"w":65,"h":141},"sourceSize":{"w":65,"h":141},"pivot":{"x":0.5,"y":0.5}},"character-2-77.png":{"frame":{"x":937,"y":451,"w":63,"h":137},"rotated":false,"trimmed":false,"spriteSourceSize":{"x":0,"y":0,"w":63,"h":137},"sourceSize":{"w":63,"h":137},"pivot":{"x":0.5,"y":0.5}},"character-2-83.png":{"frame":{"x":890,"y":592,"w":62,"h":136},"rotated":false,"trimmed":false,"spriteSourceSize":{"x":0,"y":0,"w":62,"h":136},"sourceSize":{"w":62,"h":136},"pivot":{"x":0.5,"y":0.5}},"character-2-76.png":{"frame":{"x":816,"y":732,"w":76,"h":135},"rotated":false,"trimmed":true,"spriteSourceSize":{"x":0,"y":0,"w":76,"h":135},"sourceSize":{"w":87,"h":146},"pivot":{"x":0.5,"y":0.5}},"character-2-18.png":{"frame":{"x":896,"y":732,"w":78,"h":134},"rotated":false,"trimmed":false,"spriteSourceSize":{"x":0,"y":0,"w":78,"h":134},"sourceSize":{"w":78,"h":134},"pivot":{"x":0.5,"y":0.5}},"character-2-19.png":{"frame":{"x":2,"y":901,"w":85,"h":132},"rotated":false,"trimmed":false,"spriteSourceSize":{"x":0,"y":0,"w":85,"h":132},"sourceSize":{"w":85,"h":132},"pivot":{"x":0.5,"y":0.5}},"character-2-45.png":{"frame":{"x":91,"y":901,"w":132,"h":82},"rotated":false,"trimmed":false,"spriteSourceSize":{"x":0,"y":0,"w":132,"h":82},"sourceSize":{"w":132,"h":82},"pivot":{"x":0.5,"y":0.5}},"character-2-43.png":{"frame":{"x":227,"y":887,"w":129,"h":100},"rotated":false,"trimmed":false,"spriteSourceSize":{"x":0,"y":0,"w":129,"h":100},"sourceSize":{"w":129,"h":100},"pivot":{"x":0.5,"y":0.5}},"character-2-44.png":{"frame":{"x":360,"y":874,"w":129,"h":99},"rotated":false,"trimmed":false,"spriteSourceSize":{"x":0,"y":0,"w":129,"h":99},"sourceSize":{"w":129,"h":99},"pivot":{"x":0.5,"y":0.5}},"character-2-81.png":{"frame":{"x":956,"y":592,"w":62,"h":126},"rotated":false,"trimmed":false,"spriteSourceSize":{"x":0,"y":0,"w":62,"h":126},"sourceSize":{"w":62,"h":126},"pivot":{"x":0.5,"y":0.5}},"character-2-95.png":{"frame":{"x":493,"y":871,"w":126,"h":102},"rotated":false,"trimmed":false,"spriteSourceSize":{"x":0,"y":0,"w":126,"h":102},"sourceSize":{"w":126,"h":102},"pivot":{"x":0.5,"y":0.5}},"character-2-57.png":{"frame":{"x":896,"y":870,"w":124,"h":21},"rotated":false,"trimmed":false,"spriteSourceSize":{"x":0,"y":0,"w":124,"h":21},"sourceSize":{"w":124,"h":21},"pivot":{"x":0.5,"y":0.5}},"character-2-52.png":{"frame":{"x":692,"y":806,"w":110,"h":122},"rotated":false,"trimmed":false,"spriteSourceSize":{"x":0,"y":0,"w":110,"h":122},"sourceSize":{"w":110,"h":122},"pivot":{"x":0.5,"y":0.5}},"character-2-42.png":{"frame":{"x":806,"y":895,"w":89,"h":121},"rotated":false,"trimmed":false,"spriteSourceSize":{"x":0,"y":0,"w":89,"h":121},"sourceSize":{"w":89,"h":121},"pivot":{"x":0.5,"y":0.5}},"character-2-24.png":{"frame":{"x":899,"y":895,"w":78,"h":120},"rotated":false,"trimmed":false,"spriteSourceSize":{"x":0,"y":0,"w":78,"h":120},"sourceSize":{"w":78,"h":120},"pivot":{"x":0.5,"y":0.5}},"character-2-33.png":{"frame":{"x":360,"y":977,"w":117,"h":58},"rotated":false,"trimmed":false,"spriteSourceSize":{"x":0,"y":0,"w":117,"h":58},"sourceSize":{"w":117,"h":58},"pivot":{"x":0.5,"y":0.5}},"character-2-58.png":{"frame":{"x":623,"y":932,"w":110,"h":90},"rotated":false,"trimmed":false,"spriteSourceSize":{"x":0,"y":0,"w":110,"h":90},"sourceSize":{"w":110,"h":90},"pivot":{"x":0.5,"y":0.5}},"character-2-78.png":{"frame":{"x":816,"y":607,"w":67,"h":110},"rotated":false,"trimmed":false,"spriteSourceSize":{"x":0,"y":0,"w":67,"h":110},"sourceSize":{"w":67,"h":110},"pivot":{"x":0.5,"y":0.5}},"character-2-3.png":{"frame":{"x":1024,"y":2,"w":86,"h":109},"rotated":false,"trimmed":false,"spriteSourceSize":{"x":0,"y":0,"w":86,"h":109},"sourceSize":{"w":86,"h":109},"pivot":{"x":0.5,"y":0.5}},"character-2-4.png":{"frame":{"x":1006,"y":306,"w":92,"h":108},"rotated":false,"trimmed":false,"spriteSourceSize":{"x":0,"y":0,"w":92,"h":108},"sourceSize":{"w":92,"h":108},"pivot":{"x":0.5,"y":0.5}},"character-2-53.png":{"frame":{"x":1006,"y":418,"w":90,"h":108},"rotated":false,"trimmed":false,"spriteSourceSize":{"x":0,"y":0,"w":90,"h":108},"sourceSize":{"w":90,"h":108},"pivot":{"x":0.5,"y":0.5}},"character-2-36.png":{"frame":{"x":786,"y":186,"w":73,"h":103},"rotated":false,"trimmed":false,"spriteSourceSize":{"x":0,"y":0,"w":73,"h":103},"sourceSize":{"w":73,"h":103},"pivot":{"x":0.5,"y":0.5}},"character-2-39.png":{"frame":{"x":1024,"y":115,"w":73,"h":102},"rotated":false,"trimmed":false,"spriteSourceSize":{"x":0,"y":0,"w":73,"h":102},"sourceSize":{"w":73,"h":102},"pivot":{"x":0.5,"y":0.5}},"character-2-15.png":{"frame":{"x":1004,"y":530,"w":101,"h":39},"rotated":false,"trimmed":false,"spriteSourceSize":{"x":0,"y":0,"w":101,"h":39},"sourceSize":{"w":101,"h":39},"pivot":{"x":0.5,"y":0.5}},"character-2-70.png":{"frame":{"x":1024,"y":573,"w":72,"h":101},"rotated":false,"trimmed":false,"spriteSourceSize":{"x":0,"y":0,"w":72,"h":101},"sourceSize":{"w":72,"h":101},"pivot":{"x":0.5,"y":0.5}},"character-2-21.png":{"frame":{"x":1024,"y":678,"w":77,"h":98},"rotated":false,"trimmed":false,"spriteSourceSize":{"x":0,"y":0,"w":77,"h":98},"sourceSize":{"w":77,"h":98},"pivot":{"x":0.5,"y":0.5}},"character-2-22.png":{"frame":{"x":737,"y":932,"w":63,"h":89},"rotated":false,"trimmed":true,"spriteSourceSize":{"x":0,"y":1,"w":63,"h":89},"sourceSize":{"w":67,"h":90},"pivot":{"x":0.5,"y":0.5}},"character-2-47.png":{"frame":{"x":686,"y":186,"w":87,"h":22},"rotated":false,"trimmed":false,"spriteSourceSize":{"x":0,"y":0,"w":87,"h":22},"sourceSize":{"w":87,"h":22},"pivot":{"x":0.5,"y":0.5}},"character-2-96.png":{"frame":{"x":978,"y":780,"w":82,"h":86},"rotated":false,"trimmed":false,"spriteSourceSize":{"x":0,"y":0,"w":82,"h":86},"sourceSize":{"w":82,"h":86},"pivot":{"x":0.5,"y":0.5}},"character-2-50.png":{"frame":{"x":1024,"y":870,"w":79,"h":83},"rotated":false,"trimmed":false,"spriteSourceSize":{"x":0,"y":0,"w":79,"h":83},"sourceSize":{"w":79,"h":83},"pivot":{"x":0.5,"y":0.5}},"character-2-55.png":{"frame":{"x":2,"y":1039,"w":79,"h":83},"rotated":false,"trimmed":false,"spriteSourceSize":{"x":0,"y":0,"w":79,"h":83},"sourceSize":{"w":79,"h":83},"pivot":{"x":0.5,"y":0.5}},"character-2-28.png":{"frame":{"x":1024,"y":221,"w":60,"h":81},"rotated":false,"trimmed":true,"spriteSourceSize":{"x":0,"y":1,"w":60,"h":81},"sourceSize":{"w":60,"h":82},"pivot":{"x":0.5,"y":0.5}},"character-2-84.png":{"frame":{"x":1064,"y":780,"w":45,"h":80},"rotated":false,"trimmed":false,"spriteSourceSize":{"x":0,"y":0,"w":45,"h":80},"sourceSize":{"w":45,"h":80},"pivot":{"x":0.5,"y":0.5}},"character-2-54.png":{"frame":{"x":85,"y":1039,"w":79,"h":79},"rotated":false,"trimmed":false,"spriteSourceSize":{"x":0,"y":0,"w":79,"h":79},"sourceSize":{"w":79,"h":79},"pivot":{"x":0.5,"y":0.5}},"character-2-79.png":{"frame":{"x":168,"y":987,"w":51,"h":79},"rotated":false,"trimmed":false,"spriteSourceSize":{"x":0,"y":0,"w":51,"h":79},"sourceSize":{"w":51,"h":79},"pivot":{"x":0.5,"y":0.5}},"character-2-6.png":{"frame":{"x":669,"y":408,"w":78,"h":43},"rotated":false,"trimmed":false,"spriteSourceSize":{"x":0,"y":0,"w":78,"h":43},"sourceSize":{"w":78,"h":43},"pivot":{"x":0.5,"y":0.5}},"character-2-97.png":{"frame":{"x":223,"y":1039,"w":77,"h":78},"rotated":false,"trimmed":false,"spriteSourceSize":{"x":0,"y":0,"w":77,"h":78},"sourceSize":{"w":77,"h":78},"pivot":{"x":0.5,"y":0.5}},"character-2-5.png":{"frame":{"x":304,"y":1039,"w":75,"h":56},"rotated":false,"trimmed":false,"spriteSourceSize":{"x":0,"y":0,"w":75,"h":56},"sourceSize":{"w":75,"h":56},"pivot":{"x":0.5,"y":0.5}},"character-2-17.png":{"frame":{"x":383,"y":1039,"w":48,"h":74},"rotated":false,"trimmed":false,"spriteSourceSize":{"x":0,"y":0,"w":48,"h":74},"sourceSize":{"w":48,"h":74},"pivot":{"x":0.5,"y":0.5}},"heart-asset-2.png":{"frame":{"x":121,"y":428,"w":52,"h":71},"rotated":false,"trimmed":false,"spriteSourceSize":{"x":0,"y":0,"w":52,"h":71},"sourceSize":{"w":52,"h":71},"pivot":{"x":0.5,"y":0.5}},"heart-asset-3.png":{"frame":{"x":623,"y":856,"w":53,"h":71},"rotated":false,"trimmed":false,"spriteSourceSize":{"x":0,"y":0,"w":53,"h":71},"sourceSize":{"w":53,"h":71},"pivot":{"x":0.5,"y":0.5}},"heart-asset-4.png":{"frame":{"x":435,"y":1039,"w":53,"h":71},"rotated":false,"trimmed":false,"spriteSourceSize":{"x":0,"y":0,"w":53,"h":71},"sourceSize":{"w":53,"h":71},"pivot":{"x":0.5,"y":0.5}},"heart-asset-5.png":{"frame":{"x":492,"y":1026,"w":53,"h":71},"rotated":false,"trimmed":false,"spriteSourceSize":{"x":0,"y":0,"w":53,"h":71},"sourceSize":{"w":53,"h":71},"pivot":{"x":0.5,"y":0.5}},"heart-asset-1.png":{"frame":{"x":549,"y":977,"w":51,"h":70},"rotated":false,"trimmed":false,"spriteSourceSize":{"x":0,"y":0,"w":51,"h":70},"sourceSize":{"w":51,"h":70},"pivot":{"x":0.5,"y":0.5}},"character-2-25.png":{"frame":{"x":549,"y":1051,"w":68,"h":69},"rotated":false,"trimmed":true,"spriteSourceSize":{"x":0,"y":1,"w":68,"h":69},"sourceSize":{"w":68,"h":70},"pivot":{"x":0.5,"y":0.5}},"character-2-82.png":{"frame":{"x":621,"y":1026,"w":50,"h":69},"rotated":false,"trimmed":false,"spriteSourceSize":{"x":0,"y":0,"w":50,"h":69},"sourceSize":{"w":50,"h":69},"pivot":{"x":0.5,"y":0.5}},"character-2-51.png":{"frame":{"x":91,"y":987,"w":66,"h":48},"rotated":false,"trimmed":false,"spriteSourceSize":{"x":0,"y":0,"w":66,"h":48},"sourceSize":{"w":66,"h":48},"pivot":{"x":0.5,"y":0.5}},"character-2-74.png":{"frame":{"x":675,"y":1026,"w":47,"h":66},"rotated":false,"trimmed":false,"spriteSourceSize":{"x":0,"y":0,"w":47,"h":66},"sourceSize":{"w":47,"h":66},"pivot":{"x":0.5,"y":0.5}},"character-2-7.png":{"frame":{"x":726,"y":1026,"w":60,"h":64},"rotated":false,"trimmed":false,"spriteSourceSize":{"x":0,"y":0,"w":60,"h":64},"sourceSize":{"w":60,"h":64},"pivot":{"x":0.5,"y":0.5}},"character-2-98.png":{"frame":{"x":790,"y":1025,"w":52,"h":64},"rotated":false,"trimmed":false,"spriteSourceSize":{"x":0,"y":0,"w":52,"h":64},"sourceSize":{"w":52,"h":64},"pivot":{"x":0.5,"y":0.5}},"character-2-9.png":{"frame":{"x":481,"y":977,"w":62,"h":45},"rotated":false,"trimmed":false,"spriteSourceSize":{"x":0,"y":0,"w":62,"h":45},"sourceSize":{"w":62,"h":45},"pivot":{"x":0.5,"y":0.5}},"character-2-8.png":{"frame":{"x":846,"y":1020,"w":52,"h":60},"rotated":false,"trimmed":false,"spriteSourceSize":{"x":0,"y":0,"w":52,"h":60},"sourceSize":{"w":52,"h":60},"pivot":{"x":0.5,"y":0.5}},"character-2-16.png":{"frame":{"x":902,"y":1019,"w":44,"h":54},"rotated":false,"trimmed":false,"spriteSourceSize":{"x":0,"y":0,"w":44,"h":54},"sourceSize":{"w":44,"h":54},"pivot":{"x":0.5,"y":0.5}},"character-2-94.png":{"frame":{"x":846,"y":1084,"w":53,"h":38},"rotated":false,"trimmed":false,"spriteSourceSize":{"x":0,"y":0,"w":53,"h":38},"sourceSize":{"w":53,"h":38},"pivot":{"x":0.5,"y":0.5}},"character-2-73.png":{"frame":{"x":978,"y":722,"w":41,"h":45},"rotated":false,"trimmed":false,"spriteSourceSize":{"x":0,"y":0,"w":41,"h":45},"sourceSize":{"w":41,"h":45},"pivot":{"x":0.5,"y":0.5}},"character-2-99.png":{"frame":{"x":981,"y":895,"w":39,"h":35},"rotated":false,"trimmed":false,"spriteSourceSize":{"x":0,"y":0,"w":39,"h":35},"sourceSize":{"w":39,"h":35},"pivot":{"x":0.5,"y":0.5}},"character-2-56.png":{"frame":{"x":981,"y":934,"w":34,"h":37},"rotated":false,"trimmed":false,"spriteSourceSize":{"x":0,"y":0,"w":34,"h":37},"sourceSize":{"w":34,"h":37},"pivot":{"x":0.5,"y":0.5}},"character-2-10.png":{"frame":{"x":790,"y":1093,"w":34,"h":30},"rotated":false,"trimmed":false,"spriteSourceSize":{"x":0,"y":0,"w":34,"h":30},"sourceSize":{"w":34,"h":30},"pivot":{"x":0.5,"y":0.5}},"character-2-59.png":{"frame":{"x":667,"y":637,"w":18,"h":30},"rotated":false,"trimmed":false,"spriteSourceSize":{"x":0,"y":0,"w":18,"h":30},"sourceSize":{"w":18,"h":30},"pivot":{"x":0.5,"y":0.5}},"character-2-86.png":{"frame":{"x":751,"y":408,"w":30,"h":30},"rotated":false,"trimmed":false,"spriteSourceSize":{"x":0,"y":0,"w":30,"h":30},"sourceSize":{"w":30,"h":30},"pivot":{"x":0.5,"y":0.5}},"character-2-85.png":{"frame":{"x":135,"y":887,"w":10,"h":10},"rotated":false,"trimmed":false,"spriteSourceSize":{"x":0,"y":0,"w":10,"h":10},"sourceSize":{"w":10,"h":10},"pivot":{"x":0.5,"y":0.5}},"heart-asset-6.png":{"frame":{"x":549,"y":977,"w":51,"h":70},"rotated":false,"trimmed":false,"spriteSourceSize":{"x":0,"y":0,"w":51,"h":70},"sourceSize":{"w":51,"h":70},"pivot":{"x":0.5,"y":0.5}}},"meta":{"app":"http://github.com/odrick/free-tex-packer-core","version":"0.1.9","image":"character2.png","format":"RGBA8888","size":{"w":2048,"h":2048},"scale":1}}