{"frames":{"tv-damage-80.png":{"frame":{"x":2,"y":2,"w":223,"h":161},"rotated":false,"trimmed":false,"spriteSourceSize":{"x":0,"y":0,"w":223,"h":161},"sourceSize":{"w":223,"h":161},"pivot":{"x":0.5,"y":0.5}},"tv-damage-60.png":{"frame":{"x":2,"y":167,"w":222,"h":161},"rotated":false,"trimmed":false,"spriteSourceSize":{"x":0,"y":0,"w":222,"h":161},"sourceSize":{"w":222,"h":161},"pivot":{"x":0.5,"y":0.5}},"tv-damage-20.png":{"frame":{"x":228,"y":167,"w":221,"h":161},"rotated":false,"trimmed":false,"spriteSourceSize":{"x":0,"y":0,"w":221,"h":161},"sourceSize":{"w":221,"h":161},"pivot":{"x":0.5,"y":0.5}},"tv-damage-40.png":{"frame":{"x":229,"y":2,"w":221,"h":161},"rotated":false,"trimmed":false,"spriteSourceSize":{"x":0,"y":0,"w":221,"h":161},"sourceSize":{"w":221,"h":161},"pivot":{"x":0.5,"y":0.5}},"tv-damage-0.png":{"frame":{"x":2,"y":332,"w":220,"h":162},"rotated":false,"trimmed":false,"spriteSourceSize":{"x":0,"y":0,"w":220,"h":162},"sourceSize":{"w":220,"h":162},"pivot":{"x":0.5,"y":0.5}},"tv-damage-100-piece-3.png":{"frame":{"x":226,"y":332,"w":210,"h":104},"rotated":false,"trimmed":false,"spriteSourceSize":{"x":0,"y":0,"w":210,"h":104},"sourceSize":{"w":210,"h":104},"pivot":{"x":0.5,"y":0.5}},"tv-damage-100-piece-1.png":{"frame":{"x":454,"y":2,"w":116,"h":157},"rotated":false,"trimmed":false,"spriteSourceSize":{"x":0,"y":0,"w":116,"h":157},"sourceSize":{"w":116,"h":157},"pivot":{"x":0.5,"y":0.5}},"tv-damage-100-piece-2.png":{"frame":{"x":440,"y":332,"w":129,"h":144},"rotated":false,"trimmed":false,"spriteSourceSize":{"x":0,"y":0,"w":129,"h":144},"sourceSize":{"w":129,"h":144},"pivot":{"x":0.5,"y":0.5}},"trash-can-trash-newspaper.png":{"frame":{"x":453,"y":167,"w":25,"h":94},"rotated":false,"trimmed":false,"spriteSourceSize":{"x":0,"y":0,"w":25,"h":94},"sourceSize":{"w":25,"h":94},"pivot":{"x":0.5,"y":0.5}},"trash-can-trash-chicken-bone.png":{"frame":{"x":482,"y":163,"w":34,"h":91},"rotated":false,"trimmed":false,"spriteSourceSize":{"x":0,"y":0,"w":34,"h":91},"sourceSize":{"w":34,"h":91},"pivot":{"x":0.5,"y":0.5}},"trash-can-trash-chicken-drumstick.png":{"frame":{"x":520,"y":163,"w":33,"h":89},"rotated":false,"trimmed":false,"spriteSourceSize":{"x":0,"y":0,"w":33,"h":89},"sourceSize":{"w":33,"h":89},"pivot":{"x":0.5,"y":0.5}},"trash-can-trash-laundry-bottle.png":{"frame":{"x":482,"y":258,"w":87,"h":56},"rotated":false,"trimmed":false,"spriteSourceSize":{"x":0,"y":0,"w":87,"h":56},"sourceSize":{"w":87,"h":56},"pivot":{"x":0.5,"y":0.5}},"trash-can-trash-boot.png":{"frame":{"x":226,"y":440,"w":75,"h":43},"rotated":false,"trimmed":false,"spriteSourceSize":{"x":0,"y":0,"w":75,"h":43},"sourceSize":{"w":75,"h":43},"pivot":{"x":0.5,"y":0.5}},"trash-can-trash-meat.png":{"frame":{"x":305,"y":440,"w":72,"h":54},"rotated":false,"trimmed":false,"spriteSourceSize":{"x":0,"y":0,"w":72,"h":54},"sourceSize":{"w":72,"h":54},"pivot":{"x":0.5,"y":0.5}},"tv-shard-2.png":{"frame":{"x":381,"y":480,"w":62,"h":14},"rotated":false,"trimmed":false,"spriteSourceSize":{"x":0,"y":0,"w":62,"h":14},"sourceSize":{"w":62,"h":14},"pivot":{"x":0.5,"y":0.5}},"tv-shard-4.png":{"frame":{"x":453,"y":265,"w":14,"h":62},"rotated":false,"trimmed":false,"spriteSourceSize":{"x":0,"y":0,"w":14,"h":62},"sourceSize":{"w":14,"h":62},"pivot":{"x":0.5,"y":0.5}},"trash-can-trash-rotten-meat.png":{"frame":{"x":2,"y":498,"w":55,"h":53},"rotated":false,"trimmed":false,"spriteSourceSize":{"x":0,"y":0,"w":55,"h":53},"sourceSize":{"w":55,"h":53},"pivot":{"x":0.5,"y":0.5}},"trash-can-trash-cabbage.png":{"frame":{"x":61,"y":498,"w":50,"h":50},"rotated":false,"trimmed":false,"spriteSourceSize":{"x":0,"y":0,"w":50,"h":50},"sourceSize":{"w":50,"h":50},"pivot":{"x":0.5,"y":0.5}},"tv-shard-1.png":{"frame":{"x":115,"y":498,"w":27,"h":48},"rotated":false,"trimmed":false,"spriteSourceSize":{"x":0,"y":0,"w":27,"h":48},"sourceSize":{"w":27,"h":48},"pivot":{"x":0.5,"y":0.5}},"tv-shard-6.png":{"frame":{"x":381,"y":440,"w":44,"h":25},"rotated":false,"trimmed":false,"spriteSourceSize":{"x":0,"y":0,"w":44,"h":25},"sourceSize":{"w":44,"h":25},"pivot":{"x":0.5,"y":0.5}},"trash-can-trash-green-apple.png":{"frame":{"x":146,"y":498,"w":39,"h":43},"rotated":false,"trimmed":false,"spriteSourceSize":{"x":0,"y":0,"w":39,"h":43},"sourceSize":{"w":39,"h":43},"pivot":{"x":0.5,"y":0.5}},"tv-shard-8.png":{"frame":{"x":189,"y":498,"w":16,"h":43},"rotated":false,"trimmed":false,"spriteSourceSize":{"x":0,"y":0,"w":16,"h":43},"sourceSize":{"w":16,"h":43},"pivot":{"x":0.5,"y":0.5}},"trash-can-trash-apple-core.png":{"frame":{"x":209,"y":498,"w":24,"h":42},"rotated":false,"trimmed":false,"spriteSourceSize":{"x":0,"y":0,"w":24,"h":42},"sourceSize":{"w":24,"h":42},"pivot":{"x":0.5,"y":0.5}},"trash-can-trash-fish-head.png":{"frame":{"x":237,"y":487,"w":42,"h":27},"rotated":false,"trimmed":false,"spriteSourceSize":{"x":0,"y":0,"w":42,"h":27},"sourceSize":{"w":42,"h":27},"pivot":{"x":0.5,"y":0.5}},"trash-can-trash-fish-tail.png":{"frame":{"x":237,"y":518,"w":41,"h":32},"rotated":false,"trimmed":false,"spriteSourceSize":{"x":0,"y":0,"w":41,"h":32},"sourceSize":{"w":41,"h":32},"pivot":{"x":0.5,"y":0.5}},"trash-can-trash-tomato.png":{"frame":{"x":283,"y":498,"w":40,"h":39},"rotated":false,"trimmed":false,"spriteSourceSize":{"x":0,"y":0,"w":40,"h":39},"sourceSize":{"w":40,"h":39},"pivot":{"x":0.5,"y":0.5}},"tv-shard-5.png":{"frame":{"x":327,"y":498,"w":22,"h":40},"rotated":false,"trimmed":false,"spriteSourceSize":{"x":0,"y":0,"w":22,"h":40},"sourceSize":{"w":22,"h":40},"pivot":{"x":0.5,"y":0.5}},"tv-shard-7.png":{"frame":{"x":353,"y":498,"w":38,"h":40},"rotated":false,"trimmed":false,"spriteSourceSize":{"x":0,"y":0,"w":38,"h":40},"sourceSize":{"w":38,"h":40},"pivot":{"x":0.5,"y":0.5}},"trash-can-trash-orange.png":{"frame":{"x":395,"y":498,"w":38,"h":35},"rotated":false,"trimmed":false,"spriteSourceSize":{"x":0,"y":0,"w":38,"h":35},"sourceSize":{"w":38,"h":35},"pivot":{"x":0.5,"y":0.5}},"trash-can-trash-potato.png":{"frame":{"x":437,"y":498,"w":18,"h":38},"rotated":false,"trimmed":false,"spriteSourceSize":{"x":0,"y":0,"w":18,"h":38},"sourceSize":{"w":18,"h":38},"pivot":{"x":0.5,"y":0.5}},"tv-shard-9.png":{"frame":{"x":459,"y":480,"w":36,"h":26},"rotated":false,"trimmed":false,"spriteSourceSize":{"x":0,"y":0,"w":36,"h":26},"sourceSize":{"w":36,"h":26},"pivot":{"x":0.5,"y":0.5}},"tv-shard-3.png":{"frame":{"x":459,"y":510,"w":28,"h":35},"rotated":false,"trimmed":false,"spriteSourceSize":{"x":0,"y":0,"w":28,"h":35},"sourceSize":{"w":28,"h":35},"pivot":{"x":0.5,"y":0.5}},"trash-can-trash-paper.png":{"frame":{"x":491,"y":510,"w":27,"h":26},"rotated":false,"trimmed":false,"spriteSourceSize":{"x":0,"y":0,"w":27,"h":26},"sourceSize":{"w":27,"h":26},"pivot":{"x":0.5,"y":0.5}}},"meta":{"app":"http://github.com/odrick/free-tex-packer-core","version":"0.1.9","image":"n.png","format":"RGBA8888","size":{"w":2048,"h":2048},"scale":1}}