{"frames":{"NPC-387.png":{"frame":{"x":2,"y":2,"w":402,"h":402},"rotated":false,"trimmed":false,"spriteSourceSize":{"x":0,"y":0,"w":402,"h":402},"sourceSize":{"w":402,"h":402},"pivot":{"x":0.5,"y":0.5}},"NPC-539.png":{"frame":{"x":408,"y":2,"w":179,"h":261},"rotated":false,"trimmed":false,"spriteSourceSize":{"x":0,"y":0,"w":179,"h":261},"sourceSize":{"w":179,"h":261},"pivot":{"x":0.5,"y":0.5}},"NPC-532.png":{"frame":{"x":2,"y":408,"w":93,"h":259},"rotated":false,"trimmed":false,"spriteSourceSize":{"x":0,"y":0,"w":93,"h":259},"sourceSize":{"w":93,"h":259},"pivot":{"x":0.5,"y":0.5}},"NPC-534.png":{"frame":{"x":99,"y":408,"w":93,"h":258},"rotated":false,"trimmed":false,"spriteSourceSize":{"x":0,"y":0,"w":93,"h":258},"sourceSize":{"w":93,"h":258},"pivot":{"x":0.5,"y":0.5}},"NPC-531.png":{"frame":{"x":196,"y":408,"w":82,"h":255},"rotated":false,"trimmed":false,"spriteSourceSize":{"x":0,"y":0,"w":82,"h":255},"sourceSize":{"w":82,"h":255},"pivot":{"x":0.5,"y":0.5}},"NPC-533.png":{"frame":{"x":282,"y":408,"w":82,"h":254},"rotated":false,"trimmed":false,"spriteSourceSize":{"x":0,"y":0,"w":82,"h":254},"sourceSize":{"w":82,"h":254},"pivot":{"x":0.5,"y":0.5}},"NPC-535.png":{"frame":{"x":368,"y":408,"w":70,"h":198},"rotated":false,"trimmed":false,"spriteSourceSize":{"x":0,"y":0,"w":70,"h":198},"sourceSize":{"w":70,"h":198},"pivot":{"x":0.5,"y":0.5}},"NPC-550.png":{"frame":{"x":442,"y":267,"w":80,"h":193},"rotated":false,"trimmed":false,"spriteSourceSize":{"x":0,"y":0,"w":80,"h":193},"sourceSize":{"w":80,"h":193},"pivot":{"x":0.5,"y":0.5}},"NPC-537.png":{"frame":{"x":442,"y":464,"w":70,"h":192},"rotated":false,"trimmed":false,"spriteSourceSize":{"x":0,"y":0,"w":70,"h":192},"sourceSize":{"w":70,"h":192},"pivot":{"x":0.5,"y":0.5}},"NPC-422.png":{"frame":{"x":591,"y":2,"w":141,"h":189},"rotated":false,"trimmed":false,"spriteSourceSize":{"x":0,"y":0,"w":141,"h":189},"sourceSize":{"w":141,"h":189},"pivot":{"x":0.5,"y":0.5}},"NPC-536.png":{"frame":{"x":516,"y":464,"w":87,"h":189},"rotated":false,"trimmed":false,"spriteSourceSize":{"x":0,"y":0,"w":87,"h":189},"sourceSize":{"w":87,"h":189},"pivot":{"x":0.5,"y":0.5}},"NPC-538.png":{"frame":{"x":526,"y":267,"w":87,"h":184},"rotated":false,"trimmed":false,"spriteSourceSize":{"x":0,"y":0,"w":87,"h":184},"sourceSize":{"w":87,"h":184},"pivot":{"x":0.5,"y":0.5}},"NPC-424.png":{"frame":{"x":2,"y":671,"w":174,"h":173},"rotated":false,"trimmed":false,"spriteSourceSize":{"x":0,"y":0,"w":174,"h":173},"sourceSize":{"w":174,"h":173},"pivot":{"x":0.5,"y":0.5}},"NPC-552.png":{"frame":{"x":180,"y":670,"w":80,"h":173},"rotated":false,"trimmed":false,"spriteSourceSize":{"x":0,"y":0,"w":80,"h":173},"sourceSize":{"w":80,"h":173},"pivot":{"x":0.5,"y":0.5}},"NPC-374.png":{"frame":{"x":368,"y":610,"w":68,"h":168},"rotated":false,"trimmed":false,"spriteSourceSize":{"x":0,"y":0,"w":68,"h":168},"sourceSize":{"w":68,"h":168},"pivot":{"x":0.5,"y":0.5}},"NPC-542.png":{"frame":{"x":264,"y":667,"w":58,"h":168},"rotated":false,"trimmed":false,"spriteSourceSize":{"x":0,"y":0,"w":58,"h":168},"sourceSize":{"w":58,"h":168},"pivot":{"x":0.5,"y":0.5}},"NPC-549.png":{"frame":{"x":440,"y":660,"w":64,"h":168},"rotated":false,"trimmed":false,"spriteSourceSize":{"x":0,"y":0,"w":64,"h":168},"sourceSize":{"w":64,"h":168},"pivot":{"x":0.5,"y":0.5}},"NPC-375.png":{"frame":{"x":508,"y":660,"w":77,"h":164},"rotated":false,"trimmed":false,"spriteSourceSize":{"x":0,"y":0,"w":77,"h":164},"sourceSize":{"w":77,"h":164},"pivot":{"x":0.5,"y":0.5}},"NPC-423.png":{"frame":{"x":736,"y":2,"w":150,"h":158},"rotated":false,"trimmed":false,"spriteSourceSize":{"x":0,"y":0,"w":150,"h":158},"sourceSize":{"w":150,"h":158},"pivot":{"x":0.5,"y":0.5}},"NPC-541.png":{"frame":{"x":589,"y":657,"w":58,"h":157},"rotated":false,"trimmed":false,"spriteSourceSize":{"x":0,"y":0,"w":58,"h":157},"sourceSize":{"w":58,"h":157},"pivot":{"x":0.5,"y":0.5}},"NPC-544.png":{"frame":{"x":607,"y":455,"w":58,"h":154},"rotated":false,"trimmed":false,"spriteSourceSize":{"x":0,"y":0,"w":58,"h":154},"sourceSize":{"w":58,"h":154},"pivot":{"x":0.5,"y":0.5}},"NPC-551.png":{"frame":{"x":651,"y":613,"w":64,"h":148},"rotated":false,"trimmed":false,"spriteSourceSize":{"x":0,"y":0,"w":64,"h":148},"sourceSize":{"w":64,"h":148},"pivot":{"x":0.5,"y":0.5}},"NPC-384.png":{"frame":{"x":736,"y":164,"w":66,"h":145},"rotated":false,"trimmed":false,"spriteSourceSize":{"x":0,"y":0,"w":66,"h":145},"sourceSize":{"w":66,"h":145},"pivot":{"x":0.5,"y":0.5}},"NPC-417.png":{"frame":{"x":806,"y":164,"w":66,"h":145},"rotated":false,"trimmed":false,"spriteSourceSize":{"x":0,"y":0,"w":66,"h":145},"sourceSize":{"w":66,"h":145},"pivot":{"x":0.5,"y":0.5}},"NPC-543.png":{"frame":{"x":669,"y":195,"w":58,"h":144},"rotated":false,"trimmed":false,"spriteSourceSize":{"x":0,"y":0,"w":58,"h":144},"sourceSize":{"w":58,"h":144},"pivot":{"x":0.5,"y":0.5}},"NPC-430.png":{"frame":{"x":731,"y":313,"w":52,"h":143},"rotated":false,"trimmed":false,"spriteSourceSize":{"x":0,"y":0,"w":52,"h":143},"sourceSize":{"w":52,"h":143},"pivot":{"x":0.5,"y":0.5}},"NPC-547.png":{"frame":{"x":669,"y":460,"w":51,"h":143},"rotated":false,"trimmed":false,"spriteSourceSize":{"x":0,"y":0,"w":51,"h":143},"sourceSize":{"w":51,"h":143},"pivot":{"x":0.5,"y":0.5}},"NPC-548.png":{"frame":{"x":787,"y":313,"w":56,"h":143},"rotated":false,"trimmed":false,"spriteSourceSize":{"x":0,"y":0,"w":56,"h":143},"sourceSize":{"w":56,"h":143},"pivot":{"x":0.5,"y":0.5}},"NPC-383.png":{"frame":{"x":719,"y":607,"w":56,"h":142},"rotated":false,"trimmed":false,"spriteSourceSize":{"x":0,"y":0,"w":56,"h":142},"sourceSize":{"w":56,"h":142},"pivot":{"x":0.5,"y":0.5}},"NPC-416.png":{"frame":{"x":724,"y":460,"w":56,"h":142},"rotated":false,"trimmed":false,"spriteSourceSize":{"x":0,"y":0,"w":56,"h":142},"sourceSize":{"w":56,"h":142},"pivot":{"x":0.5,"y":0.5}},"NPC-432.png":{"frame":{"x":784,"y":460,"w":52,"h":142},"rotated":false,"trimmed":false,"spriteSourceSize":{"x":0,"y":0,"w":52,"h":142},"sourceSize":{"w":52,"h":142},"pivot":{"x":0.5,"y":0.5}},"NPC-382.png":{"frame":{"x":779,"y":606,"w":66,"h":139},"rotated":false,"trimmed":false,"spriteSourceSize":{"x":0,"y":0,"w":66,"h":139},"sourceSize":{"w":66,"h":139},"pivot":{"x":0.5,"y":0.5}},"NPC-415.png":{"frame":{"x":2,"y":848,"w":66,"h":139},"rotated":false,"trimmed":false,"spriteSourceSize":{"x":0,"y":0,"w":66,"h":139},"sourceSize":{"w":66,"h":139},"pivot":{"x":0.5,"y":0.5}},"NPC-381.png":{"frame":{"x":72,"y":848,"w":56,"h":136},"rotated":false,"trimmed":false,"spriteSourceSize":{"x":0,"y":0,"w":56,"h":136},"sourceSize":{"w":56,"h":136},"pivot":{"x":0.5,"y":0.5}},"NPC-414.png":{"frame":{"x":132,"y":848,"w":56,"h":136},"rotated":false,"trimmed":false,"spriteSourceSize":{"x":0,"y":0,"w":56,"h":136},"sourceSize":{"w":56,"h":136},"pivot":{"x":0.5,"y":0.5}},"NPC-433.png":{"frame":{"x":849,"y":313,"w":34,"h":134},"rotated":false,"trimmed":false,"spriteSourceSize":{"x":0,"y":0,"w":34,"h":134},"sourceSize":{"w":34,"h":134},"pivot":{"x":0.5,"y":0.5}},"NPC-429.png":{"frame":{"x":192,"y":847,"w":51,"h":131},"rotated":false,"trimmed":false,"spriteSourceSize":{"x":0,"y":0,"w":51,"h":131},"sourceSize":{"w":51,"h":131},"pivot":{"x":0.5,"y":0.5}},"NPC-431.png":{"frame":{"x":247,"y":847,"w":51,"h":131},"rotated":false,"trimmed":false,"spriteSourceSize":{"x":0,"y":0,"w":51,"h":131},"sourceSize":{"w":51,"h":131},"pivot":{"x":0.5,"y":0.5}},"NPC-434.png":{"frame":{"x":849,"y":451,"w":34,"h":128},"rotated":false,"trimmed":false,"spriteSourceSize":{"x":0,"y":0,"w":34,"h":128},"sourceSize":{"w":34,"h":128},"pivot":{"x":0.5,"y":0.5}},"NPC-419.png":{"frame":{"x":849,"y":583,"w":35,"h":123},"rotated":false,"trimmed":false,"spriteSourceSize":{"x":0,"y":0,"w":35,"h":123},"sourceSize":{"w":35,"h":123},"pivot":{"x":0.5,"y":0.5}},"NPC-389.png":{"frame":{"x":849,"y":710,"w":35,"h":122},"rotated":false,"trimmed":false,"spriteSourceSize":{"x":0,"y":0,"w":35,"h":122},"sourceSize":{"w":35,"h":122},"pivot":{"x":0.5,"y":0.5}},"NPC-403.png":{"frame":{"x":302,"y":839,"w":69,"h":122},"rotated":false,"trimmed":false,"spriteSourceSize":{"x":0,"y":0,"w":69,"h":122},"sourceSize":{"w":69,"h":122},"pivot":{"x":0.5,"y":0.5}},"NPC-420.png":{"frame":{"x":326,"y":666,"w":35,"h":122},"rotated":false,"trimmed":false,"spriteSourceSize":{"x":0,"y":0,"w":35,"h":122},"sourceSize":{"w":35,"h":122},"pivot":{"x":0.5,"y":0.5}},"NPC-390.png":{"frame":{"x":617,"y":195,"w":42,"h":121},"rotated":false,"trimmed":false,"spriteSourceSize":{"x":0,"y":0,"w":42,"h":121},"sourceSize":{"w":42,"h":121},"pivot":{"x":0.5,"y":0.5}},"NPC-351.png":{"frame":{"x":375,"y":782,"w":61,"h":119},"rotated":false,"trimmed":false,"spriteSourceSize":{"x":0,"y":0,"w":61,"h":119},"sourceSize":{"w":61,"h":119},"pivot":{"x":0.5,"y":0.5}},"NPC-376.png":{"frame":{"x":617,"y":320,"w":32,"h":115},"rotated":false,"trimmed":false,"spriteSourceSize":{"x":0,"y":0,"w":32,"h":115},"sourceSize":{"w":32,"h":115},"pivot":{"x":0.5,"y":0.5}},"NPC-378.png":{"frame":{"x":779,"y":749,"w":32,"h":115},"rotated":false,"trimmed":false,"spriteSourceSize":{"x":0,"y":0,"w":32,"h":115},"sourceSize":{"w":32,"h":115},"pivot":{"x":0.5,"y":0.5}},"NPC-402.png":{"frame":{"x":440,"y":868,"w":61,"h":114},"rotated":false,"trimmed":false,"spriteSourceSize":{"x":0,"y":0,"w":61,"h":114},"sourceSize":{"w":61,"h":114},"pivot":{"x":0.5,"y":0.5}},"NPC-540.png":{"frame":{"x":651,"y":765,"w":114,"h":69},"rotated":false,"trimmed":false,"spriteSourceSize":{"x":0,"y":0,"w":114,"h":69},"sourceSize":{"w":114,"h":69},"pivot":{"x":0.5,"y":0.5}},"NPC-364.png":{"frame":{"x":669,"y":343,"w":43,"h":113},"rotated":false,"trimmed":false,"spriteSourceSize":{"x":0,"y":0,"w":43,"h":113},"sourceSize":{"w":43,"h":113},"pivot":{"x":0.5,"y":0.5}},"NPC-362.png":{"frame":{"x":505,"y":868,"w":43,"h":112},"rotated":false,"trimmed":false,"spriteSourceSize":{"x":0,"y":0,"w":43,"h":112},"sourceSize":{"w":43,"h":112},"pivot":{"x":0.5,"y":0.5}},"NPC-373.png":{"frame":{"x":408,"y":267,"w":28,"h":110},"rotated":false,"trimmed":false,"spriteSourceSize":{"x":0,"y":0,"w":28,"h":110},"sourceSize":{"w":28,"h":110},"pivot":{"x":0.5,"y":0.5}},"NPC-377.png":{"frame":{"x":815,"y":749,"w":30,"h":110},"rotated":false,"trimmed":false,"spriteSourceSize":{"x":0,"y":0,"w":30,"h":110},"sourceSize":{"w":30,"h":110},"pivot":{"x":0.5,"y":0.5}},"NPC-350.png":{"frame":{"x":589,"y":818,"w":56,"h":109},"rotated":false,"trimmed":false,"spriteSourceSize":{"x":0,"y":0,"w":56,"h":109},"sourceSize":{"w":56,"h":109},"pivot":{"x":0.5,"y":0.5}},"NPC-426.png":{"frame":{"x":552,"y":828,"w":29,"h":109},"rotated":false,"trimmed":false,"spriteSourceSize":{"x":0,"y":0,"w":29,"h":109},"sourceSize":{"w":29,"h":109},"pivot":{"x":0.5,"y":0.5}},"NPC-428.png":{"frame":{"x":849,"y":836,"w":29,"h":109},"rotated":false,"trimmed":false,"spriteSourceSize":{"x":0,"y":0,"w":29,"h":109},"sourceSize":{"w":29,"h":109},"pivot":{"x":0.5,"y":0.5}},"NPC-363.png":{"frame":{"x":649,"y":868,"w":41,"h":107},"rotated":false,"trimmed":false,"spriteSourceSize":{"x":0,"y":0,"w":41,"h":107},"sourceSize":{"w":41,"h":107},"pivot":{"x":0.5,"y":0.5}},"NPC-425.png":{"frame":{"x":815,"y":863,"w":27,"h":107},"rotated":false,"trimmed":false,"spriteSourceSize":{"x":0,"y":0,"w":27,"h":107},"sourceSize":{"w":27,"h":107},"pivot":{"x":0.5,"y":0.5}},"NPC-427.png":{"frame":{"x":694,"y":868,"w":28,"h":107},"rotated":false,"trimmed":false,"spriteSourceSize":{"x":0,"y":0,"w":28,"h":107},"sourceSize":{"w":28,"h":107},"pivot":{"x":0.5,"y":0.5}},"NPC-361.png":{"frame":{"x":726,"y":838,"w":41,"h":106},"rotated":false,"trimmed":false,"spriteSourceSize":{"x":0,"y":0,"w":41,"h":106},"sourceSize":{"w":41,"h":106},"pivot":{"x":0.5,"y":0.5}},"NPC-385.png":{"frame":{"x":890,"y":2,"w":101,"h":101},"rotated":false,"trimmed":true,"spriteSourceSize":{"x":0,"y":0,"w":101,"h":101},"sourceSize":{"w":102,"h":102},"pivot":{"x":0.5,"y":0.5}},"NPC-365.png":{"frame":{"x":876,"y":164,"w":54,"h":98},"rotated":false,"trimmed":false,"spriteSourceSize":{"x":0,"y":0,"w":54,"h":98},"sourceSize":{"w":54,"h":98},"pivot":{"x":0.5,"y":0.5}},"NPC-366.png":{"frame":{"x":934,"y":107,"w":54,"h":98},"rotated":false,"trimmed":false,"spriteSourceSize":{"x":0,"y":0,"w":54,"h":98},"sourceSize":{"w":54,"h":98},"pivot":{"x":0.5,"y":0.5}},"NPC-379.png":{"frame":{"x":771,"y":868,"w":27,"h":98},"rotated":false,"trimmed":false,"spriteSourceSize":{"x":0,"y":0,"w":27,"h":98},"sourceSize":{"w":27,"h":98},"pivot":{"x":0.5,"y":0.5}},"NPC-370.png":{"frame":{"x":934,"y":209,"w":29,"h":95},"rotated":false,"trimmed":false,"spriteSourceSize":{"x":0,"y":0,"w":29,"h":95},"sourceSize":{"w":29,"h":95},"pivot":{"x":0.5,"y":0.5}},"NPC-368.png":{"frame":{"x":888,"y":266,"w":29,"h":94},"rotated":false,"trimmed":false,"spriteSourceSize":{"x":0,"y":0,"w":29,"h":94},"sourceSize":{"w":29,"h":94},"pivot":{"x":0.5,"y":0.5}},"NPC-380.png":{"frame":{"x":921,"y":308,"w":27,"h":94},"rotated":false,"trimmed":false,"spriteSourceSize":{"x":0,"y":0,"w":27,"h":94},"sourceSize":{"w":27,"h":94},"pivot":{"x":0.5,"y":0.5}},"NPC-369.png":{"frame":{"x":888,"y":364,"w":27,"h":92},"rotated":false,"trimmed":false,"spriteSourceSize":{"x":0,"y":0,"w":27,"h":92},"sourceSize":{"w":27,"h":92},"pivot":{"x":0.5,"y":0.5}},"NPC-367.png":{"frame":{"x":952,"y":308,"w":26,"h":91},"rotated":false,"trimmed":false,"spriteSourceSize":{"x":0,"y":0,"w":26,"h":91},"sourceSize":{"w":26,"h":91},"pivot":{"x":0.5,"y":0.5}},"NPC-411.png":{"frame":{"x":888,"y":460,"w":77,"h":90},"rotated":false,"trimmed":false,"spriteSourceSize":{"x":0,"y":0,"w":77,"h":90},"sourceSize":{"w":77,"h":90},"pivot":{"x":0.5,"y":0.5}},"NPC-372.png":{"frame":{"x":882,"y":836,"w":26,"h":85},"rotated":false,"trimmed":false,"spriteSourceSize":{"x":0,"y":0,"w":26,"h":85},"sourceSize":{"w":26,"h":85},"pivot":{"x":0.5,"y":0.5}},"NPC-397.png":{"frame":{"x":375,"y":905,"w":57,"h":80},"rotated":false,"trimmed":false,"spriteSourceSize":{"x":0,"y":0,"w":57,"h":80},"sourceSize":{"w":57,"h":80},"pivot":{"x":0.5,"y":0.5}},"NPC-371.png":{"frame":{"x":912,"y":554,"w":25,"h":78},"rotated":false,"trimmed":false,"spriteSourceSize":{"x":0,"y":0,"w":25,"h":78},"sourceSize":{"w":25,"h":78},"pivot":{"x":0.5,"y":0.5}},"NPC-358.png":{"frame":{"x":912,"y":636,"w":68,"h":75},"rotated":false,"trimmed":false,"spriteSourceSize":{"x":0,"y":0,"w":68,"h":75},"sourceSize":{"w":68,"h":75},"pivot":{"x":0.5,"y":0.5}},"NPC-529.png":{"frame":{"x":912,"y":715,"w":65,"h":74},"rotated":false,"trimmed":false,"spriteSourceSize":{"x":0,"y":0,"w":65,"h":74},"sourceSize":{"w":65,"h":74},"pivot":{"x":0.5,"y":0.5}},"NPC-349.png":{"frame":{"x":912,"y":793,"w":60,"h":72},"rotated":false,"trimmed":false,"spriteSourceSize":{"x":0,"y":0,"w":60,"h":72},"sourceSize":{"w":60,"h":72},"pivot":{"x":0.5,"y":0.5}},"NPC-388.png":{"frame":{"x":919,"y":406,"w":71,"h":35},"rotated":false,"trimmed":false,"spriteSourceSize":{"x":0,"y":0,"w":71,"h":35},"sourceSize":{"w":71,"h":35},"pivot":{"x":0.5,"y":0.5}},"NPC-398.png":{"frame":{"x":941,"y":554,"w":46,"h":70},"rotated":false,"trimmed":false,"spriteSourceSize":{"x":0,"y":0,"w":46,"h":70},"sourceSize":{"w":46,"h":70},"pivot":{"x":0.5,"y":0.5}},"NPC-396.png":{"frame":{"x":882,"y":925,"w":69,"h":58},"rotated":false,"trimmed":false,"spriteSourceSize":{"x":0,"y":0,"w":69,"h":58},"sourceSize":{"w":69,"h":58},"pivot":{"x":0.5,"y":0.5}},"NPC-399.png":{"frame":{"x":2,"y":991,"w":56,"h":69},"rotated":false,"trimmed":false,"spriteSourceSize":{"x":0,"y":0,"w":56,"h":69},"sourceSize":{"w":56,"h":69},"pivot":{"x":0.5,"y":0.5}},"NPC-421.png":{"frame":{"x":62,"y":991,"w":56,"h":69},"rotated":false,"trimmed":false,"spriteSourceSize":{"x":0,"y":0,"w":56,"h":69},"sourceSize":{"w":56,"h":69},"pivot":{"x":0.5,"y":0.5}},"NPC-400.png":{"frame":{"x":585,"y":931,"w":59,"h":68},"rotated":false,"trimmed":false,"spriteSourceSize":{"x":0,"y":0,"w":59,"h":68},"sourceSize":{"w":59,"h":68},"pivot":{"x":0.5,"y":0.5}},"NPC-393.png":{"frame":{"x":302,"y":965,"w":66,"h":54},"rotated":false,"trimmed":false,"spriteSourceSize":{"x":0,"y":0,"w":66,"h":54},"sourceSize":{"w":66,"h":54},"pivot":{"x":0.5,"y":0.5}},"NPC-395.png":{"frame":{"x":505,"y":984,"w":66,"h":58},"rotated":false,"trimmed":false,"spriteSourceSize":{"x":0,"y":0,"w":66,"h":58},"sourceSize":{"w":66,"h":58},"pivot":{"x":0.5,"y":0.5}},"NPC-546.png":{"frame":{"x":372,"y":989,"w":47,"h":66},"rotated":false,"trimmed":false,"spriteSourceSize":{"x":0,"y":0,"w":47,"h":66},"sourceSize":{"w":47,"h":66},"pivot":{"x":0.5,"y":0.5}},"NPC-354.png":{"frame":{"x":436,"y":986,"w":64,"h":39},"rotated":false,"trimmed":false,"spriteSourceSize":{"x":0,"y":0,"w":64,"h":39},"sourceSize":{"w":64,"h":39},"pivot":{"x":0.5,"y":0.5}},"NPC-407.png":{"frame":{"x":912,"y":869,"w":64,"h":43},"rotated":false,"trimmed":false,"spriteSourceSize":{"x":0,"y":0,"w":64,"h":43},"sourceSize":{"w":64,"h":43},"pivot":{"x":0.5,"y":0.5}},"NPC-401.png":{"frame":{"x":575,"y":1003,"w":63,"h":53},"rotated":false,"trimmed":false,"spriteSourceSize":{"x":0,"y":0,"w":63,"h":53},"sourceSize":{"w":63,"h":53},"pivot":{"x":0.5,"y":0.5}},"NPC-394.png":{"frame":{"x":122,"y":988,"w":42,"h":62},"rotated":false,"trimmed":false,"spriteSourceSize":{"x":0,"y":0,"w":42,"h":62},"sourceSize":{"w":42,"h":62},"pivot":{"x":0.5,"y":0.5}},"NPC-405.png":{"frame":{"x":168,"y":988,"w":53,"h":60},"rotated":false,"trimmed":false,"spriteSourceSize":{"x":0,"y":0,"w":53,"h":60},"sourceSize":{"w":53,"h":60},"pivot":{"x":0.5,"y":0.5}},"NPC-410.png":{"frame":{"x":648,"y":987,"w":45,"h":60},"rotated":false,"trimmed":false,"spriteSourceSize":{"x":0,"y":0,"w":45,"h":60},"sourceSize":{"w":45,"h":60},"pivot":{"x":0.5,"y":0.5}},"NPC-347.png":{"frame":{"x":697,"y":987,"w":48,"h":58},"rotated":false,"trimmed":false,"spriteSourceSize":{"x":0,"y":0,"w":48,"h":58},"sourceSize":{"w":48,"h":58},"pivot":{"x":0.5,"y":0.5}},"NPC-348.png":{"frame":{"x":749,"y":970,"w":50,"h":58},"rotated":false,"trimmed":false,"spriteSourceSize":{"x":0,"y":0,"w":50,"h":58},"sourceSize":{"w":50,"h":58},"pivot":{"x":0.5,"y":0.5}},"NPC-355.png":{"frame":{"x":803,"y":987,"w":45,"h":57},"rotated":false,"trimmed":false,"spriteSourceSize":{"x":0,"y":0,"w":45,"h":57},"sourceSize":{"w":45,"h":57},"pivot":{"x":0.5,"y":0.5}},"NPC-386.png":{"frame":{"x":852,"y":987,"w":50,"h":55},"rotated":false,"trimmed":false,"spriteSourceSize":{"x":0,"y":0,"w":50,"h":55},"sourceSize":{"w":50,"h":55},"pivot":{"x":0.5,"y":0.5}},"NPC-391.png":{"frame":{"x":906,"y":987,"w":49,"h":55},"rotated":false,"trimmed":false,"spriteSourceSize":{"x":0,"y":0,"w":49,"h":55},"sourceSize":{"w":49,"h":55},"pivot":{"x":0.5,"y":0.5}},"NPC-392.png":{"frame":{"x":225,"y":982,"w":53,"h":55},"rotated":false,"trimmed":false,"spriteSourceSize":{"x":0,"y":0,"w":53,"h":55},"sourceSize":{"w":53,"h":55},"pivot":{"x":0.5,"y":0.5}},"NPC-356.png":{"frame":{"x":995,"y":2,"w":41,"h":54},"rotated":false,"trimmed":false,"spriteSourceSize":{"x":0,"y":0,"w":41,"h":54},"sourceSize":{"w":41,"h":54},"pivot":{"x":0.5,"y":0.5}},"NPC-404.png":{"frame":{"x":984,"y":628,"w":48,"h":54},"rotated":false,"trimmed":false,"spriteSourceSize":{"x":0,"y":0,"w":48,"h":54},"sourceSize":{"w":48,"h":54},"pivot":{"x":0.5,"y":0.5}},"NPC-408.png":{"frame":{"x":995,"y":60,"w":41,"h":54},"rotated":false,"trimmed":false,"spriteSourceSize":{"x":0,"y":0,"w":41,"h":54},"sourceSize":{"w":41,"h":54},"pivot":{"x":0.5,"y":0.5}},"NPC-357.png":{"frame":{"x":982,"y":209,"w":53,"h":39},"rotated":false,"trimmed":false,"spriteSourceSize":{"x":0,"y":0,"w":53,"h":39},"sourceSize":{"w":53,"h":39},"pivot":{"x":0.5,"y":0.5}},"NPC-412.png":{"frame":{"x":967,"y":252,"w":35,"h":51},"rotated":false,"trimmed":false,"spriteSourceSize":{"x":0,"y":0,"w":35,"h":51},"sourceSize":{"w":35,"h":51},"pivot":{"x":0.5,"y":0.5}},"NPC-530.png":{"frame":{"x":282,"y":1023,"w":50,"h":37},"rotated":false,"trimmed":false,"spriteSourceSize":{"x":0,"y":0,"w":50,"h":37},"sourceSize":{"w":50,"h":37},"pivot":{"x":0.5,"y":0.5}},"NPC-352.png":{"frame":{"x":890,"y":107,"w":32,"h":46},"rotated":false,"trimmed":false,"spriteSourceSize":{"x":0,"y":0,"w":32,"h":46},"sourceSize":{"w":32,"h":46},"pivot":{"x":0.5,"y":0.5}},"NPC-545.png":{"frame":{"x":994,"y":307,"w":41,"h":45},"rotated":false,"trimmed":false,"spriteSourceSize":{"x":0,"y":0,"w":41,"h":45},"sourceSize":{"w":41,"h":45},"pivot":{"x":0.5,"y":0.5}},"NPC-353.png":{"frame":{"x":992,"y":118,"w":43,"h":39},"rotated":false,"trimmed":false,"spriteSourceSize":{"x":0,"y":0,"w":43,"h":39},"sourceSize":{"w":43,"h":39},"pivot":{"x":0.5,"y":0.5}},"NPC-359.png":{"frame":{"x":326,"y":792,"w":31,"h":41},"rotated":false,"trimmed":false,"spriteSourceSize":{"x":0,"y":0,"w":31,"h":41},"sourceSize":{"w":31,"h":41},"pivot":{"x":0.5,"y":0.5}},"NPC-360.png":{"frame":{"x":992,"y":161,"w":35,"h":41},"rotated":false,"trimmed":false,"spriteSourceSize":{"x":0,"y":0,"w":35,"h":41},"sourceSize":{"w":35,"h":41},"pivot":{"x":0.5,"y":0.5}},"NPC-406.png":{"frame":{"x":423,"y":1029,"w":26,"h":30},"rotated":false,"trimmed":false,"spriteSourceSize":{"x":0,"y":0,"w":26,"h":30},"sourceSize":{"w":26,"h":30},"pivot":{"x":0.5,"y":0.5}},"NPC-409.png":{"frame":{"x":982,"y":209,"w":53,"h":39},"rotated":false,"trimmed":false,"spriteSourceSize":{"x":0,"y":0,"w":53,"h":39},"sourceSize":{"w":53,"h":39},"pivot":{"x":0.5,"y":0.5}},"NPC-413.png":{"frame":{"x":992,"y":161,"w":35,"h":41},"rotated":false,"trimmed":false,"spriteSourceSize":{"x":0,"y":0,"w":35,"h":41},"sourceSize":{"w":35,"h":41},"pivot":{"x":0.5,"y":0.5}},"NPC-418.png":{"frame":{"x":919,"y":406,"w":71,"h":35},"rotated":false,"trimmed":false,"spriteSourceSize":{"x":0,"y":0,"w":71,"h":35},"sourceSize":{"w":71,"h":35},"pivot":{"x":0.5,"y":0.5}}},"meta":{"app":"http://github.com/odrick/free-tex-packer-core","version":"0.1.9","image":"e.png","format":"RGBA8888","size":{"w":2048,"h":2048},"scale":1}}