{"frames":{"irresponsible-mom-asset-53.png":{"frame":{"x":2,"y":2,"w":100,"h":243},"rotated":false,"trimmed":false,"spriteSourceSize":{"x":0,"y":0,"w":100,"h":243},"sourceSize":{"w":100,"h":243},"pivot":{"x":0.5,"y":0.5}},"irresponsible-mom-asset-52.png":{"frame":{"x":106,"y":2,"w":94,"h":241},"rotated":false,"trimmed":false,"spriteSourceSize":{"x":0,"y":0,"w":94,"h":241},"sourceSize":{"w":94,"h":241},"pivot":{"x":0.5,"y":0.5}},"irresponsible-mom-asset-56.png":{"frame":{"x":204,"y":2,"w":94,"h":241},"rotated":false,"trimmed":false,"spriteSourceSize":{"x":0,"y":0,"w":94,"h":241},"sourceSize":{"w":94,"h":241},"pivot":{"x":0.5,"y":0.5}},"irresponsible-mom-asset-57.png":{"frame":{"x":2,"y":249,"w":94,"h":236},"rotated":false,"trimmed":false,"spriteSourceSize":{"x":0,"y":0,"w":94,"h":236},"sourceSize":{"w":94,"h":236},"pivot":{"x":0.5,"y":0.5}},"irresponsible-mom-asset-24.png":{"frame":{"x":100,"y":249,"w":83,"h":224},"rotated":false,"trimmed":false,"spriteSourceSize":{"x":0,"y":0,"w":83,"h":224},"sourceSize":{"w":83,"h":224},"pivot":{"x":0.5,"y":0.5}},"irresponsible-mom-asset-20.png":{"frame":{"x":187,"y":247,"w":83,"h":223},"rotated":false,"trimmed":false,"spriteSourceSize":{"x":0,"y":0,"w":83,"h":223},"sourceSize":{"w":83,"h":223},"pivot":{"x":0.5,"y":0.5}},"irresponsible-mom-asset-28.png":{"frame":{"x":302,"y":2,"w":83,"h":223},"rotated":false,"trimmed":false,"spriteSourceSize":{"x":0,"y":0,"w":83,"h":223},"sourceSize":{"w":83,"h":223},"pivot":{"x":0.5,"y":0.5}},"irresponsible-mom-asset-26.png":{"frame":{"x":302,"y":229,"w":77,"h":223},"rotated":false,"trimmed":false,"spriteSourceSize":{"x":0,"y":0,"w":77,"h":223},"sourceSize":{"w":77,"h":223},"pivot":{"x":0.5,"y":0.5}},"irresponsible-mom-asset-23.png":{"frame":{"x":389,"y":2,"w":77,"h":222},"rotated":false,"trimmed":false,"spriteSourceSize":{"x":0,"y":0,"w":77,"h":222},"sourceSize":{"w":77,"h":222},"pivot":{"x":0.5,"y":0.5}},"irresponsible-mom-asset-31.png":{"frame":{"x":470,"y":2,"w":90,"h":220},"rotated":false,"trimmed":false,"spriteSourceSize":{"x":0,"y":0,"w":90,"h":220},"sourceSize":{"w":90,"h":220},"pivot":{"x":0.5,"y":0.5}},"irresponsible-mom-asset-32.png":{"frame":{"x":470,"y":226,"w":83,"h":219},"rotated":false,"trimmed":false,"spriteSourceSize":{"x":0,"y":0,"w":83,"h":219},"sourceSize":{"w":83,"h":219},"pivot":{"x":0.5,"y":0.5}},"irresponsible-mom-asset-34.png":{"frame":{"x":2,"y":489,"w":90,"h":216},"rotated":false,"trimmed":false,"spriteSourceSize":{"x":0,"y":0,"w":90,"h":216},"sourceSize":{"w":90,"h":216},"pivot":{"x":0.5,"y":0.5}},"irresponsible-mom-asset-70.png":{"frame":{"x":96,"y":489,"w":92,"h":205},"rotated":false,"trimmed":false,"spriteSourceSize":{"x":0,"y":0,"w":92,"h":205},"sourceSize":{"w":92,"h":205},"pivot":{"x":0.5,"y":0.5}},"irresponsible-mom-asset-69.png":{"frame":{"x":192,"y":474,"w":90,"h":202},"rotated":false,"trimmed":false,"spriteSourceSize":{"x":0,"y":0,"w":90,"h":202},"sourceSize":{"w":90,"h":202},"pivot":{"x":0.5,"y":0.5}},"irresponsible-mom-asset-58.png":{"frame":{"x":389,"y":228,"w":63,"h":194},"rotated":false,"trimmed":false,"spriteSourceSize":{"x":0,"y":0,"w":63,"h":194},"sourceSize":{"w":63,"h":194},"pivot":{"x":0.5,"y":0.5}},"irresponsible-mom-asset-59.png":{"frame":{"x":383,"y":426,"w":61,"h":190},"rotated":false,"trimmed":false,"spriteSourceSize":{"x":0,"y":0,"w":61,"h":190},"sourceSize":{"w":61,"h":190},"pivot":{"x":0.5,"y":0.5}},"irresponsible-mom-asset-55.png":{"frame":{"x":286,"y":456,"w":77,"h":189},"rotated":false,"trimmed":false,"spriteSourceSize":{"x":0,"y":0,"w":77,"h":189},"sourceSize":{"w":77,"h":189},"pivot":{"x":0.5,"y":0.5}},"irresponsible-mom-asset-54.png":{"frame":{"x":448,"y":449,"w":65,"h":186},"rotated":false,"trimmed":false,"spriteSourceSize":{"x":0,"y":0,"w":65,"h":186},"sourceSize":{"w":65,"h":186},"pivot":{"x":0.5,"y":0.5}},"irresponsible-mom-asset-21.png":{"frame":{"x":564,"y":2,"w":85,"h":181},"rotated":false,"trimmed":false,"spriteSourceSize":{"x":0,"y":0,"w":85,"h":181},"sourceSize":{"w":85,"h":181},"pivot":{"x":0.5,"y":0.5}},"irresponsible-mom-asset-29.png":{"frame":{"x":564,"y":187,"w":85,"h":181},"rotated":false,"trimmed":false,"spriteSourceSize":{"x":0,"y":0,"w":85,"h":181},"sourceSize":{"w":85,"h":181},"pivot":{"x":0.5,"y":0.5}},"irresponsible-mom-asset-27.png":{"frame":{"x":557,"y":372,"w":78,"h":180},"rotated":false,"trimmed":false,"spriteSourceSize":{"x":0,"y":0,"w":78,"h":180},"sourceSize":{"w":78,"h":180},"pivot":{"x":0.5,"y":0.5}},"irresponsible-mom-asset-35.png":{"frame":{"x":653,"y":2,"w":90,"h":177},"rotated":false,"trimmed":false,"spriteSourceSize":{"x":0,"y":0,"w":90,"h":177},"sourceSize":{"w":90,"h":177},"pivot":{"x":0.5,"y":0.5}},"irresponsible-mom-asset-39.png":{"frame":{"x":517,"y":556,"w":52,"h":143},"rotated":false,"trimmed":false,"spriteSourceSize":{"x":0,"y":0,"w":52,"h":143},"sourceSize":{"w":52,"h":143},"pivot":{"x":0.5,"y":0.5}},"irresponsible-mom-asset-42.png":{"frame":{"x":573,"y":556,"w":52,"h":142},"rotated":false,"trimmed":false,"spriteSourceSize":{"x":0,"y":0,"w":52,"h":142},"sourceSize":{"w":52,"h":142},"pivot":{"x":0.5,"y":0.5}},"irresponsible-mom-asset-47.png":{"frame":{"x":629,"y":556,"w":50,"h":137},"rotated":false,"trimmed":false,"spriteSourceSize":{"x":0,"y":0,"w":50,"h":137},"sourceSize":{"w":50,"h":137},"pivot":{"x":0.5,"y":0.5}},"irresponsible-mom-asset-50.png":{"frame":{"x":683,"y":183,"w":50,"h":136},"rotated":false,"trimmed":false,"spriteSourceSize":{"x":0,"y":0,"w":50,"h":136},"sourceSize":{"w":50,"h":136},"pivot":{"x":0.5,"y":0.5}},"irresponsible-mom-asset-60.png":{"frame":{"x":683,"y":323,"w":34,"h":134},"rotated":false,"trimmed":false,"spriteSourceSize":{"x":0,"y":0,"w":34,"h":134},"sourceSize":{"w":34,"h":134},"pivot":{"x":0.5,"y":0.5}},"irresponsible-mom-asset-64.png":{"frame":{"x":639,"y":372,"w":34,"h":134},"rotated":false,"trimmed":false,"spriteSourceSize":{"x":0,"y":0,"w":34,"h":134},"sourceSize":{"w":34,"h":134},"pivot":{"x":0.5,"y":0.5}},"irresponsible-mom-asset-36.png":{"frame":{"x":683,"y":461,"w":51,"h":131},"rotated":false,"trimmed":false,"spriteSourceSize":{"x":0,"y":0,"w":51,"h":131},"sourceSize":{"w":51,"h":131},"pivot":{"x":0.5,"y":0.5}},"irresponsible-mom-asset-40.png":{"frame":{"x":2,"y":709,"w":51,"h":131},"rotated":false,"trimmed":false,"spriteSourceSize":{"x":0,"y":0,"w":51,"h":131},"sourceSize":{"w":51,"h":131},"pivot":{"x":0.5,"y":0.5}},"irresponsible-mom-asset-44.png":{"frame":{"x":57,"y":709,"w":50,"h":131},"rotated":false,"trimmed":false,"spriteSourceSize":{"x":0,"y":0,"w":50,"h":131},"sourceSize":{"w":50,"h":131},"pivot":{"x":0.5,"y":0.5}},"irresponsible-mom-asset-48.png":{"frame":{"x":111,"y":703,"w":50,"h":131},"rotated":false,"trimmed":false,"spriteSourceSize":{"x":0,"y":0,"w":50,"h":131},"sourceSize":{"w":50,"h":131},"pivot":{"x":0.5,"y":0.5}},"irresponsible-mom-asset-61.png":{"frame":{"x":165,"y":703,"w":34,"h":128},"rotated":false,"trimmed":false,"spriteSourceSize":{"x":0,"y":0,"w":34,"h":128},"sourceSize":{"w":34,"h":128},"pivot":{"x":0.5,"y":0.5}},"irresponsible-mom-asset-65.png":{"frame":{"x":203,"y":703,"w":34,"h":126},"rotated":false,"trimmed":false,"spriteSourceSize":{"x":0,"y":0,"w":34,"h":126},"sourceSize":{"w":34,"h":126},"pivot":{"x":0.5,"y":0.5}},"irresponsible-mom-asset-15.png":{"frame":{"x":241,"y":703,"w":61,"h":122},"rotated":false,"trimmed":false,"spriteSourceSize":{"x":0,"y":0,"w":61,"h":122},"sourceSize":{"w":61,"h":122},"pivot":{"x":0.5,"y":0.5}},"irresponsible-mom-asset-17.png":{"frame":{"x":367,"y":620,"w":66,"h":114},"rotated":false,"trimmed":false,"spriteSourceSize":{"x":0,"y":0,"w":66,"h":114},"sourceSize":{"w":66,"h":114},"pivot":{"x":0.5,"y":0.5}},"irresponsible-mom-asset-14.png":{"frame":{"x":437,"y":639,"w":73,"h":107},"rotated":false,"trimmed":false,"spriteSourceSize":{"x":0,"y":0,"w":73,"h":107},"sourceSize":{"w":73,"h":107},"pivot":{"x":0.5,"y":0.5}},"irresponsible-mom-asset-43.png":{"frame":{"x":306,"y":649,"w":53,"h":105},"rotated":false,"trimmed":false,"spriteSourceSize":{"x":0,"y":0,"w":53,"h":105},"sourceSize":{"w":53,"h":105},"pivot":{"x":0.5,"y":0.5}},"irresponsible-mom-asset-5.png":{"frame":{"x":629,"y":697,"w":102,"h":102},"rotated":false,"trimmed":false,"spriteSourceSize":{"x":0,"y":0,"w":102,"h":102},"sourceSize":{"w":102,"h":102},"pivot":{"x":0.5,"y":0.5}},"irresponsible-mom-asset-2.png":{"frame":{"x":514,"y":703,"w":101,"h":101},"rotated":false,"trimmed":true,"spriteSourceSize":{"x":0,"y":0,"w":101,"h":101},"sourceSize":{"w":102,"h":102},"pivot":{"x":0.5,"y":0.5}},"irresponsible-mom-asset-37.png":{"frame":{"x":683,"y":596,"w":51,"h":93},"rotated":false,"trimmed":false,"spriteSourceSize":{"x":0,"y":0,"w":51,"h":93},"sourceSize":{"w":51,"h":93},"pivot":{"x":0.5,"y":0.5}},"irresponsible-mom-asset-71.png":{"frame":{"x":747,"y":2,"w":71,"h":93},"rotated":false,"trimmed":false,"spriteSourceSize":{"x":0,"y":0,"w":71,"h":93},"sourceSize":{"w":71,"h":93},"pivot":{"x":0.5,"y":0.5}},"irresponsible-mom-asset-51.png":{"frame":{"x":363,"y":750,"w":53,"h":90},"rotated":false,"trimmed":false,"spriteSourceSize":{"x":0,"y":0,"w":53,"h":90},"sourceSize":{"w":53,"h":90},"pivot":{"x":0.5,"y":0.5}},"irresponsible-mom-asset-25.png":{"frame":{"x":420,"y":750,"w":63,"h":87},"rotated":false,"trimmed":false,"spriteSourceSize":{"x":0,"y":0,"w":63,"h":87},"sourceSize":{"w":63,"h":87},"pivot":{"x":0.5,"y":0.5}},"irresponsible-mom-asset-30.png":{"frame":{"x":747,"y":99,"w":67,"h":87},"rotated":false,"trimmed":false,"spriteSourceSize":{"x":0,"y":0,"w":67,"h":87},"sourceSize":{"w":67,"h":87},"pivot":{"x":0.5,"y":0.5}},"irresponsible-mom-asset-22.png":{"frame":{"x":738,"y":190,"w":59,"h":86},"rotated":false,"trimmed":false,"spriteSourceSize":{"x":0,"y":0,"w":59,"h":86},"sourceSize":{"w":59,"h":86},"pivot":{"x":0.5,"y":0.5}},"irresponsible-mom-asset-72.png":{"frame":{"x":721,"y":323,"w":86,"h":81},"rotated":false,"trimmed":false,"spriteSourceSize":{"x":0,"y":0,"w":86,"h":81},"sourceSize":{"w":86,"h":81},"pivot":{"x":0.5,"y":0.5}},"irresponsible-mom-asset-45.png":{"frame":{"x":738,"y":408,"w":48,"h":85},"rotated":false,"trimmed":false,"spriteSourceSize":{"x":0,"y":0,"w":48,"h":85},"sourceSize":{"w":48,"h":85},"pivot":{"x":0.5,"y":0.5}},"irresponsible-mom-asset-7.png":{"frame":{"x":738,"y":497,"w":51,"h":85},"rotated":false,"trimmed":false,"spriteSourceSize":{"x":0,"y":0,"w":51,"h":85},"sourceSize":{"w":51,"h":85},"pivot":{"x":0.5,"y":0.5}},"irresponsible-mom-asset-16.png":{"frame":{"x":735,"y":693,"w":81,"h":84},"rotated":false,"trimmed":false,"spriteSourceSize":{"x":0,"y":0,"w":81,"h":84},"sourceSize":{"w":81,"h":84},"pivot":{"x":0.5,"y":0.5}},"irresponsible-mom-asset-33.png":{"frame":{"x":738,"y":586,"w":68,"h":83},"rotated":false,"trimmed":false,"spriteSourceSize":{"x":0,"y":0,"w":68,"h":83},"sourceSize":{"w":68,"h":83},"pivot":{"x":0.5,"y":0.5}},"irresponsible-mom-asset-6.png":{"frame":{"x":822,"y":2,"w":80,"h":68},"rotated":false,"trimmed":false,"spriteSourceSize":{"x":0,"y":0,"w":80,"h":68},"sourceSize":{"w":80,"h":68},"pivot":{"x":0.5,"y":0.5}},"irresponsible-mom-asset-19.png":{"frame":{"x":822,"y":74,"w":78,"h":20},"rotated":false,"trimmed":false,"spriteSourceSize":{"x":0,"y":0,"w":78,"h":20},"sourceSize":{"w":78,"h":20},"pivot":{"x":0.5,"y":0.5}},"irresponsible-mom-asset-10.png":{"frame":{"x":822,"y":98,"w":75,"h":40},"rotated":false,"trimmed":false,"spriteSourceSize":{"x":0,"y":0,"w":75,"h":40},"sourceSize":{"w":75,"h":40},"pivot":{"x":0.5,"y":0.5}},"irresponsible-mom-asset-9.png":{"frame":{"x":735,"y":781,"w":75,"h":56},"rotated":false,"trimmed":false,"spriteSourceSize":{"x":0,"y":0,"w":75,"h":56},"sourceSize":{"w":75,"h":56},"pivot":{"x":0.5,"y":0.5}},"irresponsible-mom-asset-8.png":{"frame":{"x":306,"y":758,"w":51,"h":73},"rotated":false,"trimmed":false,"spriteSourceSize":{"x":0,"y":0,"w":51,"h":73},"sourceSize":{"w":51,"h":73},"pivot":{"x":0.5,"y":0.5}},"heart-asset-3.png":{"frame":{"x":790,"y":408,"w":53,"h":71},"rotated":false,"trimmed":false,"spriteSourceSize":{"x":0,"y":0,"w":53,"h":71},"sourceSize":{"w":53,"h":71},"pivot":{"x":0.5,"y":0.5}},"heart-asset-4.png":{"frame":{"x":847,"y":142,"w":53,"h":71},"rotated":false,"trimmed":false,"spriteSourceSize":{"x":0,"y":0,"w":53,"h":71},"sourceSize":{"w":53,"h":71},"pivot":{"x":0.5,"y":0.5}},"heart-asset-5.png":{"frame":{"x":847,"y":217,"w":53,"h":71},"rotated":false,"trimmed":false,"spriteSourceSize":{"x":0,"y":0,"w":53,"h":71},"sourceSize":{"w":53,"h":71},"pivot":{"x":0.5,"y":0.5}},"heart-asset-1.png":{"frame":{"x":847,"y":292,"w":51,"h":70},"rotated":false,"trimmed":false,"spriteSourceSize":{"x":0,"y":0,"w":51,"h":70},"sourceSize":{"w":51,"h":70},"pivot":{"x":0.5,"y":0.5}},"irresponsible-mom-asset-38.png":{"frame":{"x":517,"y":449,"w":36,"h":70},"rotated":false,"trimmed":false,"spriteSourceSize":{"x":0,"y":0,"w":36,"h":70},"sourceSize":{"w":36,"h":70},"pivot":{"x":0.5,"y":0.5}},"irresponsible-mom-asset-13.png":{"frame":{"x":847,"y":366,"w":54,"h":69},"rotated":false,"trimmed":false,"spriteSourceSize":{"x":0,"y":0,"w":54,"h":69},"sourceSize":{"w":54,"h":69},"pivot":{"x":0.5,"y":0.5}},"irresponsible-mom-asset-41.png":{"frame":{"x":801,"y":190,"w":37,"h":68},"rotated":false,"trimmed":false,"spriteSourceSize":{"x":0,"y":0,"w":37,"h":68},"sourceSize":{"w":37,"h":68},"pivot":{"x":0.5,"y":0.5}},"irresponsible-mom-asset-46.png":{"frame":{"x":847,"y":439,"w":38,"h":68},"rotated":false,"trimmed":false,"spriteSourceSize":{"x":0,"y":0,"w":38,"h":68},"sourceSize":{"w":38,"h":68},"pivot":{"x":0.5,"y":0.5}},"irresponsible-mom-asset-49.png":{"frame":{"x":793,"y":511,"w":37,"h":68},"rotated":false,"trimmed":false,"spriteSourceSize":{"x":0,"y":0,"w":37,"h":68},"sourceSize":{"w":37,"h":68},"pivot":{"x":0.5,"y":0.5}},"irresponsible-mom-asset-11.png":{"frame":{"x":834,"y":511,"w":48,"h":60},"rotated":false,"trimmed":false,"spriteSourceSize":{"x":0,"y":0,"w":48,"h":60},"sourceSize":{"w":48,"h":60},"pivot":{"x":0.5,"y":0.5}},"irresponsible-mom-asset-63.png":{"frame":{"x":814,"y":781,"w":37,"h":59},"rotated":false,"trimmed":false,"spriteSourceSize":{"x":0,"y":0,"w":37,"h":59},"sourceSize":{"w":37,"h":59},"pivot":{"x":0.5,"y":0.5}},"irresponsible-mom-asset-68.png":{"frame":{"x":834,"y":575,"w":50,"h":56},"rotated":false,"trimmed":false,"spriteSourceSize":{"x":0,"y":0,"w":50,"h":56},"sourceSize":{"w":50,"h":56},"pivot":{"x":0.5,"y":0.5}},"irresponsible-mom-asset-12.png":{"frame":{"x":810,"y":635,"w":53,"h":44},"rotated":false,"trimmed":false,"spriteSourceSize":{"x":0,"y":0,"w":53,"h":44},"sourceSize":{"w":53,"h":44},"pivot":{"x":0.5,"y":0.5}},"irresponsible-mom-asset-67.png":{"frame":{"x":801,"y":262,"w":36,"h":52},"rotated":false,"trimmed":false,"spriteSourceSize":{"x":0,"y":0,"w":36,"h":52},"sourceSize":{"w":36,"h":52},"pivot":{"x":0.5,"y":0.5}},"irresponsible-mom-asset-62.png":{"frame":{"x":639,"y":510,"w":34,"h":42},"rotated":false,"trimmed":false,"spriteSourceSize":{"x":0,"y":0,"w":34,"h":42},"sourceSize":{"w":34,"h":42},"pivot":{"x":0.5,"y":0.5}},"irresponsible-mom-asset-66.png":{"frame":{"x":811,"y":318,"w":32,"h":36},"rotated":false,"trimmed":false,"spriteSourceSize":{"x":0,"y":0,"w":32,"h":36},"sourceSize":{"w":32,"h":36},"pivot":{"x":0.5,"y":0.5}},"irresponsible-mom-asset-18.png":{"frame":{"x":286,"y":649,"w":16,"h":27},"rotated":false,"trimmed":false,"spriteSourceSize":{"x":0,"y":0,"w":16,"h":27},"sourceSize":{"w":16,"h":27},"pivot":{"x":0.5,"y":0.5}},"irresponsible-mom-asset-1.png":{"frame":{"x":456,"y":228,"w":10,"h":10},"rotated":false,"trimmed":false,"spriteSourceSize":{"x":0,"y":0,"w":10,"h":10},"sourceSize":{"w":10,"h":10},"pivot":{"x":0.5,"y":0.5}},"irresponsible-mom-asset-4.png":{"frame":{"x":790,"y":483,"w":10,"h":10},"rotated":false,"trimmed":false,"spriteSourceSize":{"x":0,"y":0,"w":10,"h":10},"sourceSize":{"w":10,"h":10},"pivot":{"x":0.5,"y":0.5}},"heart-asset-6.png":{"frame":{"x":847,"y":292,"w":51,"h":70},"rotated":false,"trimmed":false,"spriteSourceSize":{"x":0,"y":0,"w":51,"h":70},"sourceSize":{"w":51,"h":70},"pivot":{"x":0.5,"y":0.5}},"irresponsible-mom-asset-3.png":{"frame":{"x":456,"y":228,"w":10,"h":10},"rotated":false,"trimmed":false,"spriteSourceSize":{"x":0,"y":0,"w":10,"h":10},"sourceSize":{"w":10,"h":10},"pivot":{"x":0.5,"y":0.5}}},"meta":{"app":"http://github.com/odrick/free-tex-packer-core","version":"0.1.9","image":"a.png","format":"RGBA8888","size":{"w":2048,"h":2048},"scale":1}}