{"frames":{"helicopter-man-asset-136.png":{"frame":{"x":2,"y":2,"w":800,"h":96},"rotated":false,"trimmed":false,"spriteSourceSize":{"x":0,"y":0,"w":800,"h":96},"sourceSize":{"w":800,"h":96},"pivot":{"x":0.5,"y":0.5}},"helicopter-man-asset-138.png":{"frame":{"x":2,"y":102,"w":762,"h":96},"rotated":false,"trimmed":false,"spriteSourceSize":{"x":0,"y":0,"w":762,"h":96},"sourceSize":{"w":762,"h":96},"pivot":{"x":0.5,"y":0.5}},"helicopter-man-asset-143.png":{"frame":{"x":2,"y":202,"w":762,"h":96},"rotated":false,"trimmed":false,"spriteSourceSize":{"x":0,"y":0,"w":762,"h":96},"sourceSize":{"w":762,"h":96},"pivot":{"x":0.5,"y":0.5}},"helicopter-man-asset-140.png":{"frame":{"x":2,"y":302,"w":632,"h":96},"rotated":false,"trimmed":false,"spriteSourceSize":{"x":0,"y":0,"w":632,"h":96},"sourceSize":{"w":632,"h":96},"pivot":{"x":0.5,"y":0.5}},"helicopter-man-asset-141.png":{"frame":{"x":2,"y":402,"w":632,"h":96},"rotated":false,"trimmed":false,"spriteSourceSize":{"x":0,"y":0,"w":632,"h":96},"sourceSize":{"w":632,"h":96},"pivot":{"x":0.5,"y":0.5}},"helicopter-man-asset-133.png":{"frame":{"x":2,"y":502,"w":361,"h":602},"rotated":false,"trimmed":false,"spriteSourceSize":{"x":0,"y":0,"w":361,"h":602},"sourceSize":{"w":361,"h":602},"pivot":{"x":0.5,"y":0.5}},"helicopter-man-asset-139.png":{"frame":{"x":367,"y":502,"w":426,"h":96},"rotated":false,"trimmed":false,"spriteSourceSize":{"x":0,"y":0,"w":426,"h":96},"sourceSize":{"w":426,"h":96},"pivot":{"x":0.5,"y":0.5}},"helicopter-man-asset-142.png":{"frame":{"x":367,"y":602,"w":426,"h":96},"rotated":false,"trimmed":false,"spriteSourceSize":{"x":0,"y":0,"w":426,"h":96},"sourceSize":{"w":426,"h":96},"pivot":{"x":0.5,"y":0.5}},"helicopter-man-asset-88.png":{"frame":{"x":367,"y":702,"w":66,"h":349},"rotated":false,"trimmed":false,"spriteSourceSize":{"x":0,"y":0,"w":66,"h":349},"sourceSize":{"w":66,"h":349},"pivot":{"x":0.5,"y":0.5}},"helicopter-man-asset-89.png":{"frame":{"x":437,"y":702,"w":325,"h":151},"rotated":false,"trimmed":false,"spriteSourceSize":{"x":0,"y":0,"w":325,"h":151},"sourceSize":{"w":325,"h":151},"pivot":{"x":0.5,"y":0.5}},"helicopter-man-asset-66.png":{"frame":{"x":806,"y":2,"w":241,"h":318},"rotated":false,"trimmed":false,"spriteSourceSize":{"x":0,"y":0,"w":241,"h":318},"sourceSize":{"w":241,"h":318},"pivot":{"x":0.5,"y":0.5}},"helicopter-man-asset-85.png":{"frame":{"x":638,"y":324,"w":314,"h":73},"rotated":false,"trimmed":false,"spriteSourceSize":{"x":0,"y":0,"w":314,"h":73},"sourceSize":{"w":314,"h":73},"pivot":{"x":0.5,"y":0.5}},"helicopter-man-asset-92.png":{"frame":{"x":638,"y":401,"w":309,"h":84},"rotated":false,"trimmed":false,"spriteSourceSize":{"x":0,"y":0,"w":309,"h":84},"sourceSize":{"w":309,"h":84},"pivot":{"x":0.5,"y":0.5}},"helicopter-man-asset-86.png":{"frame":{"x":797,"y":489,"w":201,"h":278},"rotated":false,"trimmed":false,"spriteSourceSize":{"x":0,"y":0,"w":201,"h":278},"sourceSize":{"w":201,"h":278},"pivot":{"x":0.5,"y":0.5}},"helicopter-man-asset-65.png":{"frame":{"x":766,"y":771,"w":228,"h":276},"rotated":false,"trimmed":false,"spriteSourceSize":{"x":0,"y":0,"w":228,"h":276},"sourceSize":{"w":228,"h":276},"pivot":{"x":0.5,"y":0.5}},"helicopter-man-asset-91.png":{"frame":{"x":1051,"y":2,"w":188,"h":267},"rotated":false,"trimmed":false,"spriteSourceSize":{"x":0,"y":0,"w":188,"h":267},"sourceSize":{"w":188,"h":267},"pivot":{"x":0.5,"y":0.5}},"helicopter-man-asset-94.png":{"frame":{"x":1002,"y":324,"w":195,"h":267},"rotated":false,"trimmed":false,"spriteSourceSize":{"x":0,"y":0,"w":195,"h":267},"sourceSize":{"w":195,"h":267},"pivot":{"x":0.5,"y":0.5}},"helicopter-man-asset-90.png":{"frame":{"x":2,"y":1108,"w":244,"h":266},"rotated":false,"trimmed":false,"spriteSourceSize":{"x":0,"y":0,"w":244,"h":266},"sourceSize":{"w":244,"h":266},"pivot":{"x":0.5,"y":0.5}},"helicopter-man-asset-93.png":{"frame":{"x":250,"y":1108,"w":247,"h":266},"rotated":false,"trimmed":false,"spriteSourceSize":{"x":0,"y":0,"w":247,"h":266},"sourceSize":{"w":247,"h":266},"pivot":{"x":0.5,"y":0.5}},"helicopter-man-asset-38.png":{"frame":{"x":1002,"y":595,"w":180,"h":264},"rotated":false,"trimmed":false,"spriteSourceSize":{"x":0,"y":0,"w":180,"h":264},"sourceSize":{"w":180,"h":264},"pivot":{"x":0.5,"y":0.5}},"helicopter-man-asset-46.png":{"frame":{"x":501,"y":1051,"w":172,"h":264},"rotated":false,"trimmed":false,"spriteSourceSize":{"x":0,"y":0,"w":172,"h":264},"sourceSize":{"w":172,"h":264},"pivot":{"x":0.5,"y":0.5}},"helicopter-man-asset-35.png":{"frame":{"x":677,"y":1051,"w":164,"h":259},"rotated":false,"trimmed":false,"spriteSourceSize":{"x":0,"y":0,"w":164,"h":259},"sourceSize":{"w":164,"h":259},"pivot":{"x":0.5,"y":0.5}},"helicopter-man-asset-41.png":{"frame":{"x":998,"y":863,"w":180,"h":259},"rotated":false,"trimmed":false,"spriteSourceSize":{"x":0,"y":0,"w":180,"h":259},"sourceSize":{"w":180,"h":259},"pivot":{"x":0.5,"y":0.5}},"helicopter-man-asset-43.png":{"frame":{"x":1243,"y":2,"w":165,"h":256},"rotated":false,"trimmed":false,"spriteSourceSize":{"x":0,"y":0,"w":165,"h":256},"sourceSize":{"w":165,"h":256},"pivot":{"x":0.5,"y":0.5}},"helicopter-man-asset-39.png":{"frame":{"x":1243,"y":262,"w":164,"h":254},"rotated":false,"trimmed":false,"spriteSourceSize":{"x":0,"y":0,"w":164,"h":254},"sourceSize":{"w":164,"h":254},"pivot":{"x":0.5,"y":0.5}},"helicopter-man-asset-49.png":{"frame":{"x":1201,"y":520,"w":172,"h":254},"rotated":false,"trimmed":false,"spriteSourceSize":{"x":0,"y":0,"w":172,"h":254},"sourceSize":{"w":172,"h":254},"pivot":{"x":0.5,"y":0.5}},"helicopter-man-asset-153.png":{"frame":{"x":437,"y":857,"w":252,"h":84},"rotated":false,"trimmed":false,"spriteSourceSize":{"x":0,"y":0,"w":252,"h":84},"sourceSize":{"w":252,"h":84},"pivot":{"x":0.5,"y":0.5}},"helicopter-man-asset-47.png":{"frame":{"x":845,"y":1126,"w":165,"h":246},"rotated":false,"trimmed":false,"spriteSourceSize":{"x":0,"y":0,"w":165,"h":246},"sourceSize":{"w":165,"h":246},"pivot":{"x":0.5,"y":0.5}},"helicopter-man-asset-145.png":{"frame":{"x":501,"y":1319,"w":240,"h":6},"rotated":false,"trimmed":false,"spriteSourceSize":{"x":0,"y":0,"w":240,"h":6},"sourceSize":{"w":240,"h":6},"pivot":{"x":0.5,"y":0.5}},"helicopter-man-asset-146.png":{"frame":{"x":501,"y":1329,"w":240,"h":11},"rotated":false,"trimmed":false,"spriteSourceSize":{"x":0,"y":0,"w":240,"h":11},"sourceSize":{"w":240,"h":11},"pivot":{"x":0.5,"y":0.5}},"helicopter-man-asset-148.png":{"frame":{"x":501,"y":1344,"w":240,"h":11},"rotated":false,"trimmed":false,"spriteSourceSize":{"x":0,"y":0,"w":240,"h":11},"sourceSize":{"w":240,"h":11},"pivot":{"x":0.5,"y":0.5}},"helicopter-man-asset-149.png":{"frame":{"x":501,"y":1359,"w":240,"h":11},"rotated":false,"trimmed":false,"spriteSourceSize":{"x":0,"y":0,"w":240,"h":11},"sourceSize":{"w":240,"h":11},"pivot":{"x":0.5,"y":0.5}},"helicopter-man-asset-152.png":{"frame":{"x":437,"y":945,"w":240,"h":9},"rotated":false,"trimmed":false,"spriteSourceSize":{"x":0,"y":0,"w":240,"h":9},"sourceSize":{"w":240,"h":9},"pivot":{"x":0.5,"y":0.5}},"helicopter-man-asset-147.png":{"frame":{"x":437,"y":958,"w":239,"h":11},"rotated":false,"trimmed":false,"spriteSourceSize":{"x":0,"y":0,"w":239,"h":11},"sourceSize":{"w":239,"h":11},"pivot":{"x":0.5,"y":0.5}},"helicopter-man-asset-151.png":{"frame":{"x":437,"y":973,"w":239,"h":11},"rotated":false,"trimmed":false,"spriteSourceSize":{"x":0,"y":0,"w":239,"h":11},"sourceSize":{"w":239,"h":11},"pivot":{"x":0.5,"y":0.5}},"helicopter-man-asset-150.png":{"frame":{"x":437,"y":988,"w":237,"h":11},"rotated":false,"trimmed":true,"spriteSourceSize":{"x":3,"y":0,"w":237,"h":11},"sourceSize":{"w":240,"h":11},"pivot":{"x":0.5,"y":0.5}},"helicopter-man-asset-62.png":{"frame":{"x":1186,"y":778,"w":220,"h":159},"rotated":false,"trimmed":false,"spriteSourceSize":{"x":0,"y":0,"w":220,"h":159},"sourceSize":{"w":220,"h":159},"pivot":{"x":0.5,"y":0.5}},"helicopter-man-asset-63.png":{"frame":{"x":1182,"y":941,"w":220,"h":170},"rotated":false,"trimmed":false,"spriteSourceSize":{"x":0,"y":0,"w":220,"h":170},"sourceSize":{"w":220,"h":170},"pivot":{"x":0.5,"y":0.5}},"helicopter-man-asset-50.png":{"frame":{"x":1014,"y":1126,"w":172,"h":205},"rotated":false,"trimmed":false,"spriteSourceSize":{"x":0,"y":0,"w":172,"h":205},"sourceSize":{"w":172,"h":205},"pivot":{"x":0.5,"y":0.5}},"helicopter-man-asset-64.png":{"frame":{"x":1190,"y":1115,"w":204,"h":88},"rotated":false,"trimmed":false,"spriteSourceSize":{"x":0,"y":0,"w":204,"h":88},"sourceSize":{"w":204,"h":88},"pivot":{"x":0.5,"y":0.5}},"helicopter-man-asset-5.png":{"frame":{"x":1190,"y":1207,"w":204,"h":142},"rotated":false,"trimmed":false,"spriteSourceSize":{"x":0,"y":0,"w":204,"h":142},"sourceSize":{"w":204,"h":142},"pivot":{"x":0.5,"y":0.5}},"helicopter-man-asset-42.png":{"frame":{"x":2,"y":1378,"w":180,"h":204},"rotated":false,"trimmed":false,"spriteSourceSize":{"x":0,"y":0,"w":180,"h":204},"sourceSize":{"w":180,"h":204},"pivot":{"x":0.5,"y":0.5}},"helicopter-man-asset-30.png":{"frame":{"x":186,"y":1378,"w":107,"h":202},"rotated":false,"trimmed":false,"spriteSourceSize":{"x":0,"y":0,"w":107,"h":202},"sourceSize":{"w":107,"h":202},"pivot":{"x":0.5,"y":0.5}},"helicopter-man-asset-33.png":{"frame":{"x":297,"y":1378,"w":107,"h":201},"rotated":false,"trimmed":false,"spriteSourceSize":{"x":0,"y":0,"w":107,"h":201},"sourceSize":{"w":107,"h":201},"pivot":{"x":0.5,"y":0.5}},"helicopter-man-asset-36.png":{"frame":{"x":408,"y":1378,"w":164,"h":199},"rotated":false,"trimmed":false,"spriteSourceSize":{"x":0,"y":0,"w":164,"h":199},"sourceSize":{"w":164,"h":199},"pivot":{"x":0.5,"y":0.5}},"helicopter-man-asset-44.png":{"frame":{"x":1014,"y":1335,"w":165,"h":198},"rotated":false,"trimmed":false,"spriteSourceSize":{"x":0,"y":0,"w":165,"h":198},"sourceSize":{"w":165,"h":198},"pivot":{"x":0.5,"y":0.5}},"helicopter-man-asset-22.png":{"frame":{"x":576,"y":1376,"w":104,"h":193},"rotated":false,"trimmed":false,"spriteSourceSize":{"x":0,"y":0,"w":104,"h":193},"sourceSize":{"w":104,"h":193},"pivot":{"x":0.5,"y":0.5}},"helicopter-man-asset-27.png":{"frame":{"x":745,"y":1314,"w":93,"h":190},"rotated":false,"trimmed":false,"spriteSourceSize":{"x":0,"y":0,"w":93,"h":190},"sourceSize":{"w":93,"h":190},"pivot":{"x":0.5,"y":0.5}},"helicopter-man-asset-19.png":{"frame":{"x":842,"y":1376,"w":93,"h":190},"rotated":false,"trimmed":false,"spriteSourceSize":{"x":0,"y":0,"w":93,"h":190},"sourceSize":{"w":93,"h":190},"pivot":{"x":0.5,"y":0.5}},"helicopter-man-asset-25.png":{"frame":{"x":1183,"y":1353,"w":104,"h":190},"rotated":false,"trimmed":false,"spriteSourceSize":{"x":0,"y":0,"w":104,"h":190},"sourceSize":{"w":104,"h":190},"pivot":{"x":0.5,"y":0.5}},"helicopter-man-asset-31.png":{"frame":{"x":1291,"y":1353,"w":93,"h":189},"rotated":false,"trimmed":false,"spriteSourceSize":{"x":0,"y":0,"w":93,"h":189},"sourceSize":{"w":93,"h":189},"pivot":{"x":0.5,"y":0.5}},"helicopter-man-asset-23.png":{"frame":{"x":1412,"y":2,"w":93,"h":187},"rotated":false,"trimmed":false,"spriteSourceSize":{"x":0,"y":0,"w":93,"h":187},"sourceSize":{"w":93,"h":187},"pivot":{"x":0.5,"y":0.5}},"helicopter-man-asset-6.png":{"frame":{"x":1509,"y":2,"w":136,"h":186},"rotated":false,"trimmed":false,"spriteSourceSize":{"x":0,"y":0,"w":136,"h":186},"sourceSize":{"w":136,"h":186},"pivot":{"x":0.5,"y":0.5}},"helicopter-man-asset-59.png":{"frame":{"x":1509,"y":192,"w":96,"h":184},"rotated":false,"trimmed":false,"spriteSourceSize":{"x":0,"y":0,"w":96,"h":184},"sourceSize":{"w":96,"h":184},"pivot":{"x":0.5,"y":0.5}},"helicopter-man-asset-54.png":{"frame":{"x":1388,"y":1353,"w":102,"h":183},"rotated":false,"trimmed":false,"spriteSourceSize":{"x":0,"y":0,"w":102,"h":183},"sourceSize":{"w":102,"h":183},"pivot":{"x":0.5,"y":0.5}},"helicopter-man-asset-154.png":{"frame":{"x":1494,"y":380,"w":136,"h":181},"rotated":false,"trimmed":false,"spriteSourceSize":{"x":0,"y":0,"w":136,"h":181},"sourceSize":{"w":136,"h":181},"pivot":{"x":0.5,"y":0.5}},"helicopter-man-asset-58.png":{"frame":{"x":1377,"y":520,"w":102,"h":178},"rotated":false,"trimmed":false,"spriteSourceSize":{"x":0,"y":0,"w":102,"h":178},"sourceSize":{"w":102,"h":178},"pivot":{"x":0.5,"y":0.5}},"helicopter-man-asset-53.png":{"frame":{"x":1494,"y":565,"w":102,"h":176},"rotated":false,"trimmed":false,"spriteSourceSize":{"x":0,"y":0,"w":102,"h":176},"sourceSize":{"w":102,"h":176},"pivot":{"x":0.5,"y":0.5}},"helicopter-man-asset-87.png":{"frame":{"x":1410,"y":745,"w":174,"h":166},"rotated":false,"trimmed":false,"spriteSourceSize":{"x":0,"y":0,"w":174,"h":166},"sourceSize":{"w":174,"h":166},"pivot":{"x":0.5,"y":0.5}},"helicopter-man-asset-84.png":{"frame":{"x":1494,"y":915,"w":115,"h":173},"rotated":false,"trimmed":false,"spriteSourceSize":{"x":0,"y":0,"w":115,"h":173},"sourceSize":{"w":115,"h":173},"pivot":{"x":0.5,"y":0.5}},"helicopter-man-asset-52.png":{"frame":{"x":1494,"y":1092,"w":102,"h":171},"rotated":false,"trimmed":false,"spriteSourceSize":{"x":0,"y":0,"w":102,"h":171},"sourceSize":{"w":102,"h":171},"pivot":{"x":0.5,"y":0.5}},"helicopter-man-asset-137.png":{"frame":{"x":2,"y":1586,"w":169,"h":96},"rotated":false,"trimmed":false,"spriteSourceSize":{"x":0,"y":0,"w":169,"h":96},"sourceSize":{"w":169,"h":96},"pivot":{"x":0.5,"y":0.5}},"helicopter-man-asset-144.png":{"frame":{"x":175,"y":1586,"w":169,"h":96},"rotated":false,"trimmed":false,"spriteSourceSize":{"x":0,"y":0,"w":169,"h":96},"sourceSize":{"w":169,"h":96},"pivot":{"x":0.5,"y":0.5}},"helicopter-man-asset-57.png":{"frame":{"x":684,"y":1508,"w":96,"h":169},"rotated":false,"trimmed":false,"spriteSourceSize":{"x":0,"y":0,"w":96,"h":169},"sourceSize":{"w":96,"h":169},"pivot":{"x":0.5,"y":0.5}},"helicopter-man-asset-1.png":{"frame":{"x":1494,"y":1267,"w":127,"h":167},"rotated":false,"trimmed":false,"spriteSourceSize":{"x":0,"y":0,"w":127,"h":167},"sourceSize":{"w":127,"h":167},"pivot":{"x":0.5,"y":0.5}},"helicopter-man-asset-51.png":{"frame":{"x":1494,"y":1438,"w":102,"h":163},"rotated":false,"trimmed":false,"spriteSourceSize":{"x":0,"y":0,"w":102,"h":163},"sourceSize":{"w":102,"h":163},"pivot":{"x":0.5,"y":0.5}},"helicopter-man-asset-56.png":{"frame":{"x":1649,"y":2,"w":102,"h":163},"rotated":false,"trimmed":false,"spriteSourceSize":{"x":0,"y":0,"w":102,"h":163},"sourceSize":{"w":102,"h":163},"pivot":{"x":0.5,"y":0.5}},"helicopter-man-asset-4.png":{"frame":{"x":1609,"y":192,"w":141,"h":161},"rotated":false,"trimmed":false,"spriteSourceSize":{"x":0,"y":0,"w":141,"h":161},"sourceSize":{"w":141,"h":161},"pivot":{"x":0.5,"y":0.5}},"helicopter-man-asset-76.png":{"frame":{"x":1412,"y":193,"w":74,"h":156},"rotated":false,"trimmed":false,"spriteSourceSize":{"x":0,"y":0,"w":74,"h":156},"sourceSize":{"w":74,"h":156},"pivot":{"x":0.5,"y":0.5}},"helicopter-man-asset-7.png":{"frame":{"x":1588,"y":745,"w":127,"h":156},"rotated":false,"trimmed":false,"spriteSourceSize":{"x":0,"y":0,"w":127,"h":156},"sourceSize":{"w":127,"h":156},"pivot":{"x":0.5,"y":0.5}},"helicopter-man-asset-74.png":{"frame":{"x":1411,"y":353,"w":74,"h":155},"rotated":false,"trimmed":false,"spriteSourceSize":{"x":0,"y":0,"w":74,"h":155},"sourceSize":{"w":74,"h":155},"pivot":{"x":0.5,"y":0.5}},"helicopter-man-asset-34.png":{"frame":{"x":1634,"y":357,"w":107,"h":154},"rotated":false,"trimmed":false,"spriteSourceSize":{"x":0,"y":0,"w":107,"h":154},"sourceSize":{"w":107,"h":154},"pivot":{"x":0.5,"y":0.5}},"helicopter-man-asset-45.png":{"frame":{"x":1625,"y":905,"w":118,"h":152},"rotated":false,"trimmed":true,"spriteSourceSize":{"x":0,"y":0,"w":118,"h":152},"sourceSize":{"w":119,"h":152},"pivot":{"x":0.5,"y":0.5}},"helicopter-man-asset-75.png":{"frame":{"x":1410,"y":915,"w":74,"h":151},"rotated":false,"trimmed":false,"spriteSourceSize":{"x":0,"y":0,"w":74,"h":151},"sourceSize":{"w":74,"h":151},"pivot":{"x":0.5,"y":0.5}},"helicopter-man-asset-37.png":{"frame":{"x":1634,"y":515,"w":116,"h":150},"rotated":false,"trimmed":false,"spriteSourceSize":{"x":0,"y":0,"w":116,"h":150},"sourceSize":{"w":116,"h":150},"pivot":{"x":0.5,"y":0.5}},"helicopter-man-asset-77.png":{"frame":{"x":1406,"y":1070,"w":77,"h":150},"rotated":false,"trimmed":false,"spriteSourceSize":{"x":0,"y":0,"w":77,"h":150},"sourceSize":{"w":77,"h":150},"pivot":{"x":0.5,"y":0.5}},"helicopter-man-asset-26.png":{"frame":{"x":1625,"y":1061,"w":106,"h":147},"rotated":false,"trimmed":false,"spriteSourceSize":{"x":0,"y":0,"w":106,"h":147},"sourceSize":{"w":106,"h":147},"pivot":{"x":0.5,"y":0.5}},"helicopter-man-asset-3.png":{"frame":{"x":1600,"y":1438,"w":141,"h":147},"rotated":false,"trimmed":false,"spriteSourceSize":{"x":0,"y":0,"w":141,"h":147},"sourceSize":{"w":141,"h":147},"pivot":{"x":0.5,"y":0.5}},"helicopter-man-asset-40.png":{"frame":{"x":939,"y":1537,"w":116,"h":145},"rotated":false,"trimmed":false,"spriteSourceSize":{"x":0,"y":0,"w":116,"h":145},"sourceSize":{"w":116,"h":145},"pivot":{"x":0.5,"y":0.5}},"helicopter-man-asset-68.png":{"frame":{"x":2,"y":1686,"w":140,"h":145},"rotated":false,"trimmed":false,"spriteSourceSize":{"x":0,"y":0,"w":140,"h":145},"sourceSize":{"w":140,"h":145},"pivot":{"x":0.5,"y":0.5}},"helicopter-man-asset-20.png":{"frame":{"x":146,"y":1686,"w":95,"h":144},"rotated":false,"trimmed":false,"spriteSourceSize":{"x":0,"y":0,"w":95,"h":144},"sourceSize":{"w":95,"h":144},"pivot":{"x":0.5,"y":0.5}},"helicopter-man-asset-48.png":{"frame":{"x":1059,"y":1537,"w":118,"h":141},"rotated":false,"trimmed":false,"spriteSourceSize":{"x":0,"y":0,"w":118,"h":141},"sourceSize":{"w":118,"h":141},"pivot":{"x":0.5,"y":0.5}},"helicopter-man-asset-28.png":{"frame":{"x":245,"y":1686,"w":93,"h":141},"rotated":false,"trimmed":false,"spriteSourceSize":{"x":0,"y":0,"w":93,"h":141},"sourceSize":{"w":93,"h":141},"pivot":{"x":0.5,"y":0.5}},"helicopter-man-asset-71.png":{"frame":{"x":1625,"y":1212,"w":125,"h":120},"rotated":false,"trimmed":false,"spriteSourceSize":{"x":0,"y":0,"w":125,"h":120},"sourceSize":{"w":125,"h":120},"pivot":{"x":0.5,"y":0.5}},"helicopter-man-asset-55.png":{"frame":{"x":367,"y":1055,"w":124,"h":49},"rotated":false,"trimmed":false,"spriteSourceSize":{"x":0,"y":0,"w":124,"h":49},"sourceSize":{"w":124,"h":49},"pivot":{"x":0.5,"y":0.5}},"helicopter-man-asset-61.png":{"frame":{"x":1625,"y":1336,"w":124,"h":65},"rotated":false,"trimmed":false,"spriteSourceSize":{"x":0,"y":0,"w":124,"h":65},"sourceSize":{"w":124,"h":65},"pivot":{"x":0.5,"y":0.5}},"helicopter-man-asset-135.png":{"frame":{"x":693,"y":857,"w":66,"h":119},"rotated":false,"trimmed":false,"spriteSourceSize":{"x":0,"y":0,"w":66,"h":119},"sourceSize":{"w":66,"h":119},"pivot":{"x":0.5,"y":0.5}},"helicopter-man-asset-17.png":{"frame":{"x":342,"y":1686,"w":118,"h":114},"rotated":false,"trimmed":false,"spriteSourceSize":{"x":0,"y":0,"w":118,"h":114},"sourceSize":{"w":118,"h":114},"pivot":{"x":0.5,"y":0.5}},"helicopter-man-asset-70.png":{"frame":{"x":464,"y":1686,"w":109,"h":117},"rotated":false,"trimmed":false,"spriteSourceSize":{"x":0,"y":0,"w":109,"h":117},"sourceSize":{"w":109,"h":117},"pivot":{"x":0.5,"y":0.5}},"helicopter-man-asset-67.png":{"frame":{"x":845,"y":1051,"w":113,"h":59},"rotated":false,"trimmed":false,"spriteSourceSize":{"x":0,"y":0,"w":113,"h":59},"sourceSize":{"w":113,"h":59},"pivot":{"x":0.5,"y":0.5}},"helicopter-man-asset-29.png":{"frame":{"x":1398,"y":1224,"w":77,"h":112},"rotated":false,"trimmed":false,"spriteSourceSize":{"x":0,"y":0,"w":77,"h":112},"sourceSize":{"w":77,"h":112},"pivot":{"x":0.5,"y":0.5}},"helicopter-man-asset-32.png":{"frame":{"x":1388,"y":1540,"w":77,"h":111},"rotated":false,"trimmed":false,"spriteSourceSize":{"x":0,"y":0,"w":77,"h":111},"sourceSize":{"w":77,"h":111},"pivot":{"x":0.5,"y":0.5}},"helicopter-man-asset-21.png":{"frame":{"x":576,"y":1573,"w":75,"h":109},"rotated":false,"trimmed":false,"spriteSourceSize":{"x":0,"y":0,"w":75,"h":109},"sourceSize":{"w":75,"h":109},"pivot":{"x":0.5,"y":0.5}},"helicopter-man-asset-24.png":{"frame":{"x":1291,"y":1546,"w":75,"h":106},"rotated":false,"trimmed":false,"spriteSourceSize":{"x":0,"y":0,"w":75,"h":106},"sourceSize":{"w":75,"h":106},"pivot":{"x":0.5,"y":0.5}},"helicopter-man-asset-83.png":{"frame":{"x":1181,"y":1547,"w":102,"h":102},"rotated":false,"trimmed":false,"spriteSourceSize":{"x":0,"y":0,"w":102,"h":102},"sourceSize":{"w":102,"h":102},"pivot":{"x":0.5,"y":0.5}},"helicopter-man-asset-81.png":{"frame":{"x":408,"y":1581,"w":101,"h":101},"rotated":false,"trimmed":true,"spriteSourceSize":{"x":0,"y":0,"w":101,"h":101},"sourceSize":{"w":102,"h":102},"pivot":{"x":0.5,"y":0.5}},"helicopter-man-asset-13.png":{"frame":{"x":1600,"y":669,"w":87,"h":61},"rotated":false,"trimmed":false,"spriteSourceSize":{"x":0,"y":0,"w":87,"h":61},"sourceSize":{"w":87,"h":61},"pivot":{"x":0.5,"y":0.5}},"helicopter-man-asset-9.png":{"frame":{"x":1377,"y":702,"w":87,"h":36},"rotated":false,"trimmed":false,"spriteSourceSize":{"x":0,"y":0,"w":87,"h":36},"sourceSize":{"w":87,"h":36},"pivot":{"x":0.5,"y":0.5}},"helicopter-man-asset-12.png":{"frame":{"x":939,"y":1376,"w":68,"h":85},"rotated":false,"trimmed":false,"spriteSourceSize":{"x":0,"y":0,"w":68,"h":85},"sourceSize":{"w":68,"h":85},"pivot":{"x":0.5,"y":0.5}},"helicopter-man-asset-11.png":{"frame":{"x":1181,"y":1653,"w":71,"h":80},"rotated":false,"trimmed":false,"spriteSourceSize":{"x":0,"y":0,"w":71,"h":80},"sourceSize":{"w":71,"h":80},"pivot":{"x":0.5,"y":0.5}},"helicopter-man-asset-10.png":{"frame":{"x":678,"y":988,"w":78,"h":57},"rotated":false,"trimmed":false,"spriteSourceSize":{"x":0,"y":0,"w":78,"h":57},"sourceSize":{"w":78,"h":57},"pivot":{"x":0.5,"y":0.5}},"helicopter-man-asset-14.png":{"frame":{"x":577,"y":1737,"w":75,"h":56},"rotated":false,"trimmed":false,"spriteSourceSize":{"x":0,"y":0,"w":75,"h":56},"sourceSize":{"w":75,"h":56},"pivot":{"x":0.5,"y":0.5}},"heart-asset-3.png":{"frame":{"x":784,"y":1508,"w":53,"h":71},"rotated":false,"trimmed":false,"spriteSourceSize":{"x":0,"y":0,"w":53,"h":71},"sourceSize":{"w":53,"h":71},"pivot":{"x":0.5,"y":0.5}},"heart-asset-4.png":{"frame":{"x":1691,"y":669,"w":53,"h":71},"rotated":false,"trimmed":false,"spriteSourceSize":{"x":0,"y":0,"w":53,"h":71},"sourceSize":{"w":53,"h":71},"pivot":{"x":0.5,"y":0.5}},"heart-asset-5.png":{"frame":{"x":348,"y":1583,"w":53,"h":71},"rotated":false,"trimmed":false,"spriteSourceSize":{"x":0,"y":0,"w":53,"h":71},"sourceSize":{"w":53,"h":71},"pivot":{"x":0.5,"y":0.5}},"heart-asset-1.png":{"frame":{"x":684,"y":1374,"w":51,"h":70},"rotated":false,"trimmed":false,"spriteSourceSize":{"x":0,"y":0,"w":51,"h":70},"sourceSize":{"w":51,"h":70},"pivot":{"x":0.5,"y":0.5}},"helicopter-man-asset-73.png":{"frame":{"x":513,"y":1581,"w":56,"h":69},"rotated":false,"trimmed":false,"spriteSourceSize":{"x":0,"y":0,"w":56,"h":69},"sourceSize":{"w":56,"h":69},"pivot":{"x":0.5,"y":0.5}},"helicopter-man-asset-79.png":{"frame":{"x":656,"y":1737,"w":56,"h":69},"rotated":false,"trimmed":false,"spriteSourceSize":{"x":0,"y":0,"w":56,"h":69},"sourceSize":{"w":56,"h":69},"pivot":{"x":0.5,"y":0.5}},"helicopter-man-asset-69.png":{"frame":{"x":939,"y":1465,"w":65,"h":60},"rotated":false,"trimmed":false,"spriteSourceSize":{"x":0,"y":0,"w":65,"h":60},"sourceSize":{"w":65,"h":60},"pivot":{"x":0.5,"y":0.5}},"helicopter-man-asset-72.png":{"frame":{"x":684,"y":1448,"w":50,"h":55},"rotated":false,"trimmed":false,"spriteSourceSize":{"x":0,"y":0,"w":50,"h":55},"sourceSize":{"w":50,"h":55},"pivot":{"x":0.5,"y":0.5}},"helicopter-man-asset-78.png":{"frame":{"x":716,"y":1737,"w":50,"h":55},"rotated":false,"trimmed":false,"spriteSourceSize":{"x":0,"y":0,"w":50,"h":55},"sourceSize":{"w":50,"h":55},"pivot":{"x":0.5,"y":0.5}},"helicopter-man-asset-163.png":{"frame":{"x":437,"y":1003,"w":9,"h":44},"rotated":false,"trimmed":false,"spriteSourceSize":{"x":0,"y":0,"w":9,"h":44},"sourceSize":{"w":9,"h":44},"pivot":{"x":0.5,"y":0.5}},"helicopter-man-asset-171.png":{"frame":{"x":638,"y":489,"w":44,"h":9},"rotated":false,"trimmed":false,"spriteSourceSize":{"x":0,"y":0,"w":44,"h":9},"sourceSize":{"w":44,"h":9},"pivot":{"x":0.5,"y":0.5}},"helicopter-man-asset-157.png":{"frame":{"x":956,"y":324,"w":42,"h":9},"rotated":false,"trimmed":false,"spriteSourceSize":{"x":0,"y":0,"w":42,"h":9},"sourceSize":{"w":42,"h":9},"pivot":{"x":0.5,"y":0.5}},"helicopter-man-asset-165.png":{"frame":{"x":1186,"y":595,"w":9,"h":42},"rotated":false,"trimmed":false,"spriteSourceSize":{"x":0,"y":0,"w":9,"h":42},"sourceSize":{"w":9,"h":42},"pivot":{"x":0.5,"y":0.5}},"helicopter-man-asset-160.png":{"frame":{"x":1201,"y":273,"w":36,"h":10},"rotated":false,"trimmed":false,"spriteSourceSize":{"x":0,"y":0,"w":36,"h":10},"sourceSize":{"w":36,"h":10},"pivot":{"x":0.5,"y":0.5}},"helicopter-man-asset-168.png":{"frame":{"x":1479,"y":1224,"w":10,"h":36},"rotated":false,"trimmed":false,"spriteSourceSize":{"x":0,"y":0,"w":10,"h":36},"sourceSize":{"w":10,"h":36},"pivot":{"x":0.5,"y":0.5}},"helicopter-man-asset-156.png":{"frame":{"x":342,"y":1810,"w":33,"h":21},"rotated":false,"trimmed":false,"spriteSourceSize":{"x":0,"y":0,"w":33,"h":21},"sourceSize":{"w":33,"h":21},"pivot":{"x":0.5,"y":0.5}},"helicopter-man-asset-161.png":{"frame":{"x":638,"y":302,"w":33,"h":18},"rotated":false,"trimmed":false,"spriteSourceSize":{"x":0,"y":0,"w":33,"h":18},"sourceSize":{"w":33,"h":18},"pivot":{"x":0.5,"y":0.5}},"helicopter-man-asset-164.png":{"frame":{"x":1600,"y":1092,"w":21,"h":33},"rotated":false,"trimmed":false,"spriteSourceSize":{"x":0,"y":0,"w":21,"h":33},"sourceSize":{"w":21,"h":33},"pivot":{"x":0.5,"y":0.5}},"helicopter-man-asset-169.png":{"frame":{"x":1051,"y":287,"w":18,"h":33},"rotated":false,"trimmed":false,"spriteSourceSize":{"x":0,"y":0,"w":18,"h":33},"sourceSize":{"w":18,"h":33},"pivot":{"x":0.5,"y":0.5}},"helicopter-man-asset-8.png":{"frame":{"x":1377,"y":742,"w":18,"h":30},"rotated":false,"trimmed":false,"spriteSourceSize":{"x":0,"y":0,"w":18,"h":30},"sourceSize":{"w":18,"h":30},"pivot":{"x":0.5,"y":0.5}},"helicopter-man-asset-159.png":{"frame":{"x":1600,"y":565,"w":29,"h":13},"rotated":false,"trimmed":false,"spriteSourceSize":{"x":0,"y":0,"w":29,"h":13},"sourceSize":{"w":29,"h":13},"pivot":{"x":0.5,"y":0.5}},"helicopter-man-asset-167.png":{"frame":{"x":1625,"y":1405,"w":13,"h":29},"rotated":false,"trimmed":false,"spriteSourceSize":{"x":0,"y":0,"w":13,"h":29},"sourceSize":{"w":13,"h":29},"pivot":{"x":0.5,"y":0.5}},"helicopter-man-asset-158.png":{"frame":{"x":513,"y":1654,"w":20,"h":28},"rotated":false,"trimmed":false,"spriteSourceSize":{"x":0,"y":0,"w":20,"h":28},"sourceSize":{"w":20,"h":28},"pivot":{"x":0.5,"y":0.5}},"helicopter-man-asset-166.png":{"frame":{"x":379,"y":1810,"w":28,"h":20},"rotated":false,"trimmed":false,"spriteSourceSize":{"x":0,"y":0,"w":28,"h":20},"sourceSize":{"w":28,"h":20},"pivot":{"x":0.5,"y":0.5}},"helicopter-man-asset-162.png":{"frame":{"x":680,"y":958,"w":9,"h":26},"rotated":false,"trimmed":false,"spriteSourceSize":{"x":0,"y":0,"w":9,"h":26},"sourceSize":{"w":9,"h":26},"pivot":{"x":0.5,"y":0.5}},"helicopter-man-asset-170.png":{"frame":{"x":1398,"y":1340,"w":26,"h":9},"rotated":false,"trimmed":false,"spriteSourceSize":{"x":0,"y":0,"w":26,"h":9},"sourceSize":{"w":26,"h":9},"pivot":{"x":0.5,"y":0.5}},"helicopter-man-asset-80.png":{"frame":{"x":1051,"y":273,"w":10,"h":10},"rotated":false,"trimmed":false,"spriteSourceSize":{"x":0,"y":0,"w":10,"h":10},"sourceSize":{"w":10,"h":10},"pivot":{"x":0.5,"y":0.5}},"helicopter-man-asset-82.png":{"frame":{"x":1065,"y":273,"w":10,"h":10},"rotated":false,"trimmed":false,"spriteSourceSize":{"x":0,"y":0,"w":10,"h":10},"sourceSize":{"w":10,"h":10},"pivot":{"x":0.5,"y":0.5}},"heart-asset-6.png":{"frame":{"x":684,"y":1374,"w":51,"h":70},"rotated":false,"trimmed":false,"spriteSourceSize":{"x":0,"y":0,"w":51,"h":70},"sourceSize":{"w":51,"h":70},"pivot":{"x":0.5,"y":0.5}},"helicopter-man-asset-60.png":{"frame":{"x":367,"y":1055,"w":124,"h":49},"rotated":false,"trimmed":false,"spriteSourceSize":{"x":0,"y":0,"w":124,"h":49},"sourceSize":{"w":124,"h":49},"pivot":{"x":0.5,"y":0.5}}},"meta":{"app":"http://github.com/odrick/free-tex-packer-core","version":"0.1.9","image":"character11.png","format":"RGBA8888","size":{"w":2048,"h":2048},"scale":1}}