{"frames":{"user-submitted-levels-title":{"frame":{"x":1,"y":1,"w":1412,"h":155},"sourceSize":{"w":1412,"h":155}},"game-ui-asset-6-":{"frame":{"x":1415,"y":1,"w":606,"h":86},"sourceSize":{"w":606,"h":86}},"game-ui-94":{"frame":{"x":2023,"y":1,"w":24,"h":22},"sourceSize":{"w":24,"h":22}},"game-ui-92":{"frame":{"x":2023,"y":25,"w":2,"h":22},"sourceSize":{"w":2,"h":22}},"game-ui-95":{"frame":{"x":2027,"y":25,"w":2,"h":22},"sourceSize":{"w":2,"h":22}},"game-ui-96":{"frame":{"x":2031,"y":25,"w":2,"h":22},"sourceSize":{"w":2,"h":22}},"game-ui-82":{"frame":{"x":1415,"y":89,"w":408,"h":36},"sourceSize":{"w":408,"h":36}},"game-ui-101":{"frame":{"x":1415,"y":127,"w":272,"h":2},"sourceSize":{"w":272,"h":2}},"game-ui-104":{"frame":{"x":1415,"y":131,"w":200,"h":2},"sourceSize":{"w":200,"h":2}},"game-ui-83":{"frame":{"x":1415,"y":135,"w":188,"h":2},"sourceSize":{"w":188,"h":2}},"game-ui-103":{"frame":{"x":1415,"y":139,"w":164,"h":2},"sourceSize":{"w":164,"h":2}},"game-ui-84":{"frame":{"x":1415,"y":143,"w":152,"h":2},"sourceSize":{"w":152,"h":2}},"game-ui-102":{"frame":{"x":1415,"y":147,"w":116,"h":2},"sourceSize":{"w":116,"h":2}},"game-ui-drop-menu-asset-21":{"frame":{"x":1617,"y":131,"w":40,"h":20},"sourceSize":{"w":40,"h":20}},"game-ui-drop-menu-asset-22":{"frame":{"x":1689,"y":127,"w":100,"h":20},"sourceSize":{"w":100,"h":20}},"game-ui-asset-30":{"frame":{"x":1825,"y":89,"w":195,"h":67},"sourceSize":{"w":195,"h":67}},"game-ui-108":{"frame":{"x":1,"y":158,"w":1368,"h":202},"sourceSize":{"w":1368,"h":202}},"game-ui-asset-2":{"frame":{"x":1371,"y":158,"w":660,"h":139},"sourceSize":{"w":660,"h":139}},"game-ui-key-asset-12":{"frame":{"x":1371,"y":299,"w":398,"h":30},"sourceSize":{"w":398,"h":30}},"search-level-menu-asset":{"frame":{"x":1371,"y":331,"w":150,"h":22},"sourceSize":{"w":150,"h":22}},"load-level-asset":{"frame":{"x":1523,"y":331,"w":150,"h":22},"sourceSize":{"w":150,"h":22}},"game-ui-asset-17":{"frame":{"x":1675,"y":331,"w":89,"h":18},"sourceSize":{"w":89,"h":18}},"star-asset-2":{"frame":{"x":1771,"y":299,"w":150,"h":30},"sourceSize":{"w":150,"h":30}},"game-ui-61":{"frame":{"x":1771,"y":331,"w":100,"h":21},"sourceSize":{"w":100,"h":21}},"game-ui-asset-33":{"frame":{"x":1923,"y":299,"w":87,"h":24},"sourceSize":{"w":87,"h":24}},"star-asset-6":{"frame":{"x":1923,"y":325,"w":78,"h":22},"sourceSize":{"w":78,"h":22}},"game-ui-asset-15":{"frame":{"x":2003,"y":325,"w":34,"h":34},"sourceSize":{"w":34,"h":34}},"game-ui-40":{"frame":{"x":1,"y":362,"w":1110,"h":408},"sourceSize":{"w":1110,"h":408}},"game-ui-36":{"frame":{"x":1113,"y":362,"w":904,"h":335},"sourceSize":{"w":904,"h":335}},"game-ui-asset-22":{"frame":{"x":2019,"y":362,"w":28,"h":124},"sourceSize":{"w":28,"h":124}},"game-ui-97":{"frame":{"x":1113,"y":699,"w":700,"h":22},"sourceSize":{"w":700,"h":22}},"game-ui-57":{"frame":{"x":1113,"y":723,"w":694,"h":24},"sourceSize":{"w":694,"h":24}},"game-ui-asset-14":{"frame":{"x":1815,"y":699,"w":223,"h":70},"sourceSize":{"w":223,"h":70}},"game-ui-39":{"frame":{"x":1,"y":772,"w":1094,"h":401},"sourceSize":{"w":1094,"h":401}},"gameui-asset-14-":{"frame":{"x":1,"y":1175,"w":1082,"h":210},"sourceSize":{"w":1082,"h":210}},"game-ui-38":{"frame":{"x":1,"y":1387,"w":1056,"h":387},"sourceSize":{"w":1056,"h":387}},"page-flipper-asset-arrow":{"frame":{"x":1059,"y":1387,"w":32,"h":60},"sourceSize":{"w":32,"h":60}},"game-ui-asset-16":{"frame":{"x":1059,"y":1449,"w":35,"h":37},"sourceSize":{"w":35,"h":37}},"game-ui-asset-31":{"frame":{"x":1059,"y":1488,"w":35,"h":37},"sourceSize":{"w":35,"h":37}},"game-ui-asset-32":{"frame":{"x":1059,"y":1527,"w":34,"h":34},"sourceSize":{"w":34,"h":34}},"game-ui-52":{"frame":{"x":1059,"y":1563,"w":32,"h":32},"sourceSize":{"w":32,"h":32}},"game-ui-asset-13":{"frame":{"x":1,"y":1776,"w":782,"h":271},"sourceSize":{"w":782,"h":271}},"game-ui-32":{"frame":{"x":785,"y":1776,"w":306,"h":131},"sourceSize":{"w":306,"h":131}},"game-ui-111":{"frame":{"x":785,"y":1909,"w":272,"h":119},"sourceSize":{"w":272,"h":119}},"gameui-asset-26":{"frame":{"x":1097,"y":772,"w":950,"h":500},"sourceSize":{"w":950,"h":500}},"game-ui-asset-6":{"frame":{"x":1097,"y":1274,"w":945,"h":424},"sourceSize":{"w":945,"h":424}},"game-ui-35":{"frame":{"x":1097,"y":1700,"w":788,"h":293},"sourceSize":{"w":788,"h":293}},"game-ui-60":{"frame":{"x":1097,"y":1995,"w":692,"h":22},"sourceSize":{"w":692,"h":22}},"game-ui-59":{"frame":{"x":1097,"y":2019,"w":692,"h":22},"sourceSize":{"w":692,"h":22}},"star-asset-3":{"frame":{"x":1791,"y":1995,"w":75,"h":22},"sourceSize":{"w":75,"h":22}},"game-ui-asset-18":{"frame":{"x":1887,"y":1700,"w":127,"h":208},"sourceSize":{"w":127,"h":208}},"game-ui-asset-20":{"frame":{"x":1887,"y":1910,"w":147,"h":117},"sourceSize":{"w":147,"h":117}}},"meta":{"app":"PixiAnimate","scale":1,"image":"game_ui_atlas_1.png","size":{"w":2048,"h":2048}}}