{"frames":{"game-ui-37":{"frame":{"x":1,"y":1,"w":992,"h":364},"sourceSize":{"w":992,"h":364}},"gameui-asset-17-":{"frame":{"x":995,"y":1,"w":773,"h":104},"sourceSize":{"w":773,"h":104}},"game-ui-key-asset-35":{"frame":{"x":995,"y":107,"w":756,"h":142},"sourceSize":{"w":756,"h":142}},"replay-selection-background-asset":{"frame":{"x":995,"y":251,"w":692,"h":110},"sourceSize":{"w":692,"h":110}},"game-ui-74":{"frame":{"x":1689,"y":251,"w":70,"h":86},"sourceSize":{"w":70,"h":86}},"game-ui-53":{"frame":{"x":1770,"y":1,"w":240,"h":343},"sourceSize":{"w":240,"h":343}},"game-ui-asset-7":{"frame":{"x":1,"y":367,"w":985,"h":464},"sourceSize":{"w":985,"h":464}},"game-ui-key-asset-34":{"frame":{"x":988,"y":367,"w":756,"h":164},"sourceSize":{"w":756,"h":164}},"game-ui-88":{"frame":{"x":988,"y":533,"w":722,"h":154},"sourceSize":{"w":722,"h":154}},"gameui-asset-22":{"frame":{"x":988,"y":689,"w":701,"h":133},"sourceSize":{"w":701,"h":133}},"game-ui-asset-10-":{"frame":{"x":1691,"y":689,"w":40,"h":80},"sourceSize":{"w":40,"h":80}},"game-ui-64":{"frame":{"x":1691,"y":771,"w":52,"h":56},"sourceSize":{"w":52,"h":56}},"gameui-asset-28":{"frame":{"x":1746,"y":367,"w":97,"h":430},"sourceSize":{"w":97,"h":430}},"game-ui-drop-menu-asset-18":{"frame":{"x":1845,"y":367,"w":202,"h":85},"sourceSize":{"w":202,"h":85}},"game-ui-asset-4":{"frame":{"x":1845,"y":454,"w":201,"h":86},"sourceSize":{"w":201,"h":86}},"game-ui-save-replay-menu-asset-15":{"frame":{"x":1845,"y":542,"w":200,"h":104},"sourceSize":{"w":200,"h":104}},"game-ui-1":{"frame":{"x":1845,"y":648,"w":200,"h":150},"sourceSize":{"w":200,"h":150}},"game-ui-asset-25":{"frame":{"x":1,"y":833,"w":937,"h":775},"sourceSize":{"w":937,"h":775}},"shadow-asset-2":{"frame":{"x":1,"y":1610,"w":722,"h":374},"sourceSize":{"w":722,"h":374}},"game-ui-58":{"frame":{"x":1,"y":1986,"w":692,"h":22},"sourceSize":{"w":692,"h":22}},"game-ui-98":{"frame":{"x":725,"y":1610,"w":200,"h":150},"sourceSize":{"w":200,"h":150}},"game-ui-8":{"frame":{"x":725,"y":1762,"w":200,"h":200},"sourceSize":{"w":200,"h":200}},"game-ui-asset-23":{"frame":{"x":725,"y":1964,"w":175,"h":67},"sourceSize":{"w":175,"h":67}},"game-ui-drop-menu-asset-17":{"frame":{"x":940,"y":833,"w":900,"h":500},"sourceSize":{"w":900,"h":500}},"game-ui-asset-8":{"frame":{"x":1842,"y":833,"w":200,"h":200},"sourceSize":{"w":200,"h":200}},"game-ui-key-asset-1":{"frame":{"x":1842,"y":1035,"w":192,"h":92},"sourceSize":{"w":192,"h":92}},"scroll-bar-asset":{"frame":{"x":1842,"y":1129,"w":50,"h":180},"sourceSize":{"w":50,"h":180}},"game-ui-50":{"frame":{"x":1894,"y":1129,"w":124,"h":124},"sourceSize":{"w":124,"h":124}},"game-ui-31":{"frame":{"x":1894,"y":1255,"w":102,"h":67},"sourceSize":{"w":102,"h":67}},"gameui-asset-25":{"frame":{"x":940,"y":1335,"w":900,"h":500},"sourceSize":{"w":900,"h":500}},"game-ui-asset-19":{"frame":{"x":1842,"y":1335,"w":175,"h":120},"sourceSize":{"w":175,"h":120}},"game-ui-key-asset-36":{"frame":{"x":1842,"y":1457,"w":156,"h":164},"sourceSize":{"w":156,"h":164}},"game-ui-key-asset-42":{"frame":{"x":1842,"y":1623,"w":156,"h":164},"sourceSize":{"w":156,"h":164}},"game-ui-48":{"frame":{"x":1842,"y":1789,"w":52,"h":44},"sourceSize":{"w":52,"h":44}},"shadow-asset-1":{"frame":{"x":940,"y":1837,"w":722,"h":154},"sourceSize":{"w":722,"h":154}},"x-sprite-asset":{"frame":{"x":940,"y":1993,"w":52,"h":52},"sourceSize":{"w":52,"h":52}},"game-ui-47":{"frame":{"x":994,"y":1993,"w":52,"h":52},"sourceSize":{"w":52,"h":52}},"game-ui-49":{"frame":{"x":1048,"y":1993,"w":52,"h":52},"sourceSize":{"w":52,"h":52}},"button-asset-blue-2":{"frame":{"x":1664,"y":1837,"w":363,"h":112},"sourceSize":{"w":363,"h":112}},"stars-asset":{"frame":{"x":1664,"y":1951,"w":337,"h":95},"sourceSize":{"w":337,"h":95}}},"meta":{"app":"PixiAnimate","scale":1,"image":"game_ui_atlas_2.png","size":{"w":2048,"h":2048}}}