{"frames":{"game-ui-34":{"frame":{"x":1,"y":1,"w":648,"h":243},"sourceSize":{"w":648,"h":243}},"game-ui-91":{"frame":{"x":651,"y":1,"w":577,"h":135},"sourceSize":{"w":577,"h":135}},"restore-defaults-text-asset":{"frame":{"x":651,"y":138,"w":479,"h":85},"sourceSize":{"w":479,"h":85}},"refresh-asset":{"frame":{"x":1132,"y":138,"w":80,"h":80},"sourceSize":{"w":80,"h":80}},"game-ui-7":{"frame":{"x":1230,"y":1,"w":540,"h":160},"sourceSize":{"w":540,"h":160}},"game-ui-46":{"frame":{"x":1230,"y":163,"w":60,"h":60},"sourceSize":{"w":60,"h":60}},"game-ui-45":{"frame":{"x":1292,"y":163,"w":60,"h":60},"sourceSize":{"w":60,"h":60}},"game-ui-86":{"frame":{"x":1354,"y":163,"w":56,"h":56},"sourceSize":{"w":56,"h":56}},"game-ui-25":{"frame":{"x":1772,"y":1,"w":249,"h":161},"sourceSize":{"w":249,"h":161}},"game-ui-6":{"frame":{"x":1,"y":246,"w":540,"h":160},"sourceSize":{"w":540,"h":160}},"game-ui-56":{"frame":{"x":543,"y":246,"w":532,"h":121},"sourceSize":{"w":532,"h":121}},"gameui-asset-45":{"frame":{"x":1077,"y":246,"w":531,"h":111},"sourceSize":{"w":531,"h":111}},"game-ui-asset-5":{"frame":{"x":1610,"y":246,"w":399,"h":120},"sourceSize":{"w":399,"h":120}},"game-ui-asset-37":{"frame":{"x":1,"y":408,"w":514,"h":363},"sourceSize":{"w":514,"h":363}},"game-ui-33":{"frame":{"x":1,"y":773,"w":492,"h":193},"sourceSize":{"w":492,"h":193}},"star-asset-1":{"frame":{"x":1,"y":968,"w":480,"h":115},"sourceSize":{"w":480,"h":115}},"game-ui-asset-34":{"frame":{"x":1,"y":1085,"w":364,"h":451},"sourceSize":{"w":364,"h":451}},"game-ui-key-asset-30":{"frame":{"x":1,"y":1538,"w":432,"h":164},"sourceSize":{"w":432,"h":164}},"button-asset-2":{"frame":{"x":1,"y":1704,"w":393,"h":120},"sourceSize":{"w":393,"h":120}},"gameui-asset-19":{"frame":{"x":1,"y":1826,"w":366,"h":213},"sourceSize":{"w":366,"h":213}},"game-ui-22":{"frame":{"x":517,"y":408,"w":393,"h":225},"sourceSize":{"w":393,"h":225}},"gameui-asset-21":{"frame":{"x":912,"y":408,"w":393,"h":225},"sourceSize":{"w":393,"h":225}},"game-ui-20":{"frame":{"x":1307,"y":408,"w":386,"h":222},"sourceSize":{"w":386,"h":222}},"game-ui-24":{"frame":{"x":1695,"y":408,"w":283,"h":176},"sourceSize":{"w":283,"h":176}},"game-ui-4":{"frame":{"x":517,"y":635,"w":365,"h":368},"sourceSize":{"w":365,"h":368}},"game-ui-51":{"frame":{"x":517,"y":1005,"w":300,"h":300},"sourceSize":{"w":300,"h":300}},"game-ui-17":{"frame":{"x":517,"y":1307,"w":283,"h":176},"sourceSize":{"w":283,"h":176}},"game-ui-110":{"frame":{"x":517,"y":1485,"w":277,"h":156},"sourceSize":{"w":277,"h":156}},"flowerblurr-002":{"frame":{"x":517,"y":1643,"w":256,"h":256},"sourceSize":{"w":256,"h":256}},"game-ui-asset-29":{"frame":{"x":517,"y":1901,"w":247,"h":139},"sourceSize":{"w":247,"h":139}},"game-ui-drop-menu-asset-16":{"frame":{"x":884,"y":635,"w":240,"h":247},"sourceSize":{"w":240,"h":247}},"game-ui-save-replay-menu-asset-12":{"frame":{"x":1126,"y":635,"w":240,"h":200},"sourceSize":{"w":240,"h":200}},"game-ui-asset-21":{"frame":{"x":1368,"y":635,"w":228,"h":140},"sourceSize":{"w":228,"h":140}},"game-ui-26":{"frame":{"x":1598,"y":635,"w":228,"h":152},"sourceSize":{"w":228,"h":152}},"game-ui-key-asset-37":{"frame":{"x":1828,"y":635,"w":156,"h":142},"sourceSize":{"w":156,"h":142}},"gameui-asset-27":{"frame":{"x":884,"y":884,"w":222,"h":149},"sourceSize":{"w":222,"h":149}},"gameui-asset-16":{"frame":{"x":1108,"y":884,"w":222,"h":149},"sourceSize":{"w":222,"h":149}},"game-ui-15":{"frame":{"x":1332,"y":884,"w":222,"h":149},"sourceSize":{"w":222,"h":149}},"game-ui-key-asset-43":{"frame":{"x":1556,"y":884,"w":156,"h":142},"sourceSize":{"w":156,"h":142}},"game-ui-key-asset-41":{"frame":{"x":1714,"y":884,"w":156,"h":142},"sourceSize":{"w":156,"h":142}},"game-ui-key-asset-39":{"frame":{"x":1872,"y":884,"w":156,"h":142},"sourceSize":{"w":156,"h":142}},"game-ui-key-asset-33":{"frame":{"x":884,"y":1035,"w":156,"h":142},"sourceSize":{"w":156,"h":142}}},"meta":{"app":"PixiAnimate","scale":1,"image":"game_ui_atlas_4.png","size":{"w":2048,"h":2048}}}