{"frames":{"start-placeholder-bike-guy.png":{"frame":{"x":2,"y":2,"w":997,"h":413},"rotated":false,"trimmed":false,"spriteSourceSize":{"x":0,"y":0,"w":997,"h":413},"sourceSize":{"w":997,"h":413},"pivot":{"x":0.5,"y":0.5}},"start-placeholder-explorer-guy-background.png":{"frame":{"x":2,"y":419,"w":175,"h":477},"rotated":false,"trimmed":false,"spriteSourceSize":{"x":0,"y":0,"w":175,"h":477},"sourceSize":{"w":175,"h":477},"pivot":{"x":0.5,"y":0.5}},"start-placeholder-effective-shopper-vehicle.png":{"frame":{"x":181,"y":419,"w":476,"h":310},"rotated":false,"trimmed":false,"spriteSourceSize":{"x":0,"y":0,"w":476,"h":310},"sourceSize":{"w":476,"h":310},"pivot":{"x":0.5,"y":0.5}},"start-placeholder-helicopter-guy-background.png":{"frame":{"x":661,"y":419,"w":261,"h":444},"rotated":false,"trimmed":false,"spriteSourceSize":{"x":0,"y":0,"w":261,"h":444},"sourceSize":{"w":261,"h":444},"pivot":{"x":0.5,"y":0.5}},"start-placeholder-effective-shopper-foreground.png":{"frame":{"x":2,"y":900,"w":232,"h":413},"rotated":false,"trimmed":false,"spriteSourceSize":{"x":0,"y":0,"w":232,"h":413},"sourceSize":{"w":232,"h":413},"pivot":{"x":0.5,"y":0.5}}},"meta":{"app":"http://github.com/odrick/free-tex-packer-core","version":"0.1.9","image":"t.png","format":"RGBA8888","size":{"w":2048,"h":2048},"scale":1}}