{
    "hierarchy": {
        "name": "Canvas",
        "children": [
            {
                "name": "container",
                "children": [
                    {
                        "name": "close"
                    },
                    {
                        "name": "title"
                    },
                    {
                        "name": "container1",
                        "children": [
                            {
                                "name": "standar_acts_text"
                            },
                            {
                                "name": "standar_acts_bar_bg",
                                "children": [
                                    {
                                        "name": "standar_acts_bar"
                                    }
                                ]
                            },
                            {
                                "name": "standar_acts_percentage"
                            },
                            {
                                "name": "act1"
                            },
                            {
                                "name": "act2"
                            },
                            {
                                "name": "act3"
                            },
                            {
                                "name": "act4"
                            },
                            {
                                "name": "act5"
                            },
                            {
                                "name": "act6"
                            },
                            {
                                "name": "act7"
                            },
                            {
                                "name": "act8"
                            },
                            {
                                "name": "act9"
                            },
                            {
                                "name": "act10"
                            },
                            {
                                "name": "hardcore_text"
                            },
                            {
                                "name": "hardcore_bar_bg",
                                "children": [
                                    {
                                        "name": "hardcore_bar"
                                    }
                                ]
                            },
                            {
                                "name": "hardcore_percentage"
                            },
                            {
                                "name": "star1"
                            },
                            {
                                "name": "star2"
                            },
                            {
                                "name": "star3"
                            },
                            {
                                "name": "star4"
                            },
                            {
                                "name": "star5"
                            },
                            {
                                "name": "star6"
                            },
                            {
                                "name": "star7"
                            },
                            {
                                "name": "star8"
                            },
                            {
                                "name": "star9"
                            },
                            {
                                "name": "star10"
                            },
                            {
                                "name": "hardcore1"
                            },
                            {
                                "name": "hardcore2"
                            },
                            {
                                "name": "hardcore3"
                            },
                            {
                                "name": "hardcore4"
                            },
                            {
                                "name": "hardcore5"
                            },
                            {
                                "name": "hardcore6"
                            },
                            {
                                "name": "hardcore7"
                            },
                            {
                                "name": "hardcore8"
                            },
                            {
                                "name": "hardcore9"
                            }
                        ]
                    },
                    {
                        "name": "container2",
                        "children": [
                            {
                                "name": "standar_acts_text"
                            },
                            {
                                "name": "standar_acts_bar_bg",
                                "children": [
                                    {
                                        "name": "standar_acts_bar"
                                    }
                                ]
                            },
                            {
                                "name": "standar_acts_percentage"
                            },
                            {
                                "name": "stuff1"
                            },
                            {
                                "name": "stuff2"
                            },
                            {
                                "name": "stuff3"
                            },
                            {
                                "name": "stuff4"
                            },
                            {
                                "name": "stuff5"
                            },
                            {
                                "name": "hardcore_text"
                            },
                            {
                                "name": "hardcore_bar_bg",
                                "children": [
                                    {
                                        "name": "hardcore_bar"
                                    }
                                ]
                            },
                            {
                                "name": "hardcore_percentage"
                            },
                            {
                                "name": "completion1"
                            },
                            {
                                "name": "completion2"
                            },
                            {
                                "name": "completion3"
                            },
                            {
                                "name": "completion4"
                            },
                            {
                                "name": "completion5"
                            }
                        ]
                    },
                    {
                        "name": "1_2"
                    },
                    {
                        "name": "2_2"
                    },
                    {
                        "name": "description"
                    },
                    {
                        "name": "back_arrow"
                    },
                    {
                        "name": "next_arrow"
                    }
                ]
            }
        ]
    },
    "properties": {
        "Canvas": {
            "design": {
                "width": 960,
                "height": 640
            },
            "type": "canvas"
        },
        "container": {
            "file": "trop_container.png",
            "image": "SIMPLE",
            "type": "sprite",
            "alignment": {
                "type": "CENTER",
                "offset": {
                    "x": 4,
                    "y": 2
                }
            }
        },
        "container/close": {
            "file": "trop_close.png",
            "image": "SIMPLE",
            "position": {
                "x": 263.2,
                "y": -266.4
            },
            "type": "button"
        },
        "container/title": {
            "font": {
                "name": "milocha",
                "fontSize": 44
            },
            "text": "Trophies",
            "align": "center",
            "position": {
                "x": 22.6,
                "y": -265.8
            },
            "type": "text"
        },
        "container/container1": {
            "position": {
                "x": 0,
                "y": 0
            },
            "type": "container"
        },
        "container/container1/standar_acts_text": {
            "font": {
                "name": "milocha",
                "fontSize": 28
            },
            "text": "Standar Acts",
            "align": "center",
            "position": {
                "x": -257.7,
                "y": -201.7
            },
            "anchor": {
                "x": 0,
                "y": 0.5
            },
            "type": "text"
        },
        "container/container1/standar_acts_bar_bg": {
            "file": "trop_bar_bg.png",
            "image": "SIMPLE",
            "position": {
                "x": 99.3,
                "y": -200.5
            },
            "type": "sprite"
        },
        "container/container1/standar_acts_bar_bg/standar_acts_bar": {
            "file": "trop_bar.png",
            "image": "SIMPLE",
            "position": {
                "x": -89,
                "y": 0
            },
            "anchor": {
                "x": 0,
                "y": 0.5
            },
            "type": "sprite"
        },
        "container/container1/standar_acts_percentage": {
            "font": {
                "name": "milocha",
                "fontSize": 21
            },
            "text": "100%",
            "align": "center",
            "position": {
                "x": 246.3,
                "y": -200.2
            },
            "anchor": {
                "x": 1,
                "y": 0.5
            },
            "type": "text"
        },
        "container/container1/act1": {
            "file": "trop_act1_lock.png",
            "image": "SIMPLE",
            "position": {
                "x": -184.9,
                "y": -133.9
            },
            "type": "sprite"
        },
        "container/container1/act2": {
            "file": "trop_act2_lock.png",
            "image": "SIMPLE",
            "position": {
                "x": -91.4,
                "y": -133.9
            },
            "type": "sprite"
        },
        "container/container1/act3": {
            "file": "trop_act3_lock.png",
            "image": "SIMPLE",
            "position": {
                "x": 2.2,
                "y": -133.9
            },
            "type": "sprite"
        },
        "container/container1/act4": {
            "file": "trop_act4_lock.png",
            "image": "SIMPLE",
            "position": {
                "x": 95.7,
                "y": -133.9
            },
            "type": "sprite"
        },
        "container/container1/act5": {
            "file": "trop_act5_lock.png",
            "image": "SIMPLE",
            "position": {
                "x": 189.2,
                "y": -133.9
            },
            "type": "sprite"
        },
        "container/container1/act6": {
            "file": "trop_act6_lock.png",
            "image": "SIMPLE",
            "position": {
                "x": -184.9,
                "y": -61.2
            },
            "type": "sprite"
        },
        "container/container1/act7": {
            "file": "trop_act7_lock.png",
            "image": "SIMPLE",
            "position": {
                "x": -91.4,
                "y": -61.2
            },
            "type": "sprite"
        },
        "container/container1/act8": {
            "file": "trop_act8_lock.png",
            "image": "SIMPLE",
            "position": {
                "x": 2.2,
                "y": -61.2
            },
            "type": "sprite"
        },
        "container/container1/act9": {
            "file": "trop_act9_lock.png",
            "image": "SIMPLE",
            "position": {
                "x": 95.7,
                "y": -61.2
            },
            "type": "sprite"
        },
        "container/container1/act10": {
            "file": "trop_act10_lock.png",
            "image": "SIMPLE",
            "position": {
                "x": 189.2,
                "y": -61.2
            },
            "type": "sprite"
        },
        "container/container1/hardcore_text": {
            "font": {
                "name": "milocha",
                "fontSize": 27
            },
            "text": "Hardcore",
            "align": "center",
            "position": {
                "x": -257.2,
                "y": 26.2
            },
            "anchor": {
                "x": 0,
                "y": 0.5
            },
            "type": "text"
        },
        "container/container1/hardcore_bar_bg": {
            "file": "trop_bar_bg.png",
            "image": "SIMPLE",
            "position": {
                "x": 99,
                "y": 27.7
            },
            "type": "sprite"
        },
        "container/container1/hardcore_bar_bg/hardcore_bar": {
            "file": "trop_bar.png",
            "image": "SIMPLE",
            "position": {
                "x": -89,
                "y": 0
            },
            "anchor": {
                "x": 0,
                "y": 0.5
            },
            "type": "sprite"
        },
        "container/container1/hardcore_percentage": {
            "font": {
                "name": "milocha",
                "fontSize": 21
            },
            "text": "100%",
            "align": "center",
            "position": {
                "x": 246.7,
                "y": 27.8
            },
            "anchor": {
                "x": 1,
                "y": 0.5
            },
            "type": "text"
        },
        "container/container1/star1": {
            "file": "trop_star1_lock.png",
            "image": "SIMPLE",
            "position": {
                "x": -223.8,
                "y": 102
            },
            "type": "sprite"
        },
        "container/container1/star2": {
            "file": "trop_star2_lock.png",
            "image": "SIMPLE",
            "position": {
                "x": -175,
                "y": 102
            },
            "type": "sprite"
        },
        "container/container1/star3": {
            "file": "trop_star3_lock.png",
            "image": "SIMPLE",
            "position": {
                "x": -126.3,
                "y": 102
            },
            "type": "sprite"
        },
        "container/container1/star4": {
            "file": "trop_star4_lock.png",
            "image": "SIMPLE",
            "position": {
                "x": -77.5,
                "y": 102
            },
            "type": "sprite"
        },
        "container/container1/star5": {
            "file": "trop_star5_lock.png",
            "image": "SIMPLE",
            "position": {
                "x": -28.7,
                "y": 102
            },
            "type": "sprite"
        },
        "container/container1/star6": {
            "file": "trop_star6_lock.png",
            "image": "SIMPLE",
            "position": {
                "x": 20,
                "y": 102
            },
            "type": "sprite"
        },
        "container/container1/star7": {
            "file": "trop_star7_lock.png",
            "image": "SIMPLE",
            "position": {
                "x": 68.8,
                "y": 102
            },
            "type": "sprite"
        },
        "container/container1/star8": {
            "file": "trop_star8_lock.png",
            "image": "SIMPLE",
            "position": {
                "x": 117.6,
                "y": 102
            },
            "type": "sprite"
        },
        "container/container1/star9": {
            "file": "trop_star9_lock.png",
            "image": "SIMPLE",
            "position": {
                "x": 166.3,
                "y": 102
            },
            "type": "sprite"
        },
        "container/container1/star10": {
            "file": "trop_star10_lock.png",
            "image": "SIMPLE",
            "position": {
                "x": 215.1,
                "y": 102
            },
            "type": "sprite"
        },
        "container/container1/hardcore1": {
            "file": "trop_hard_mode1_lock.png",
            "image": "SIMPLE",
            "position": {
                "x": -222.1,
                "y": 163.7
            },
            "type": "sprite"
        },
        "container/container1/hardcore2": {
            "file": "trop_hard_mode2_lock.png",
            "image": "SIMPLE",
            "position": {
                "x": -166.9,
                "y": 163.7
            },
            "type": "sprite"
        },
        "container/container1/hardcore3": {
            "file": "trop_hard_mode3_lock.png",
            "image": "SIMPLE",
            "position": {
                "x": -111.7,
                "y": 163.7
            },
            "type": "sprite"
        },
        "container/container1/hardcore4": {
            "file": "trop_hard_mode4_lock.png",
            "image": "SIMPLE",
            "position": {
                "x": -56.5,
                "y": 163.7
            },
            "type": "sprite"
        },
        "container/container1/hardcore5": {
            "file": "trop_hard_mode5_lock.png",
            "image": "SIMPLE",
            "position": {
                "x": -1.3,
                "y": 163.7
            },
            "type": "sprite"
        },
        "container/container1/hardcore6": {
            "file": "trop_hard_mode6_lock.png",
            "image": "SIMPLE",
            "position": {
                "x": 53.9,
                "y": 163.7
            },
            "type": "sprite"
        },
        "container/container1/hardcore7": {
            "file": "trop_hard_mode7_lock.png",
            "image": "SIMPLE",
            "position": {
                "x": 109.1,
                "y": 163.7
            },
            "type": "sprite"
        },
        "container/container1/hardcore8": {
            "file": "trop_hard_mode8_lock.png",
            "image": "SIMPLE",
            "position": {
                "x": 164.3,
                "y": 163.7
            },
            "type": "sprite"
        },
        "container/container1/hardcore9": {
            "file": "trop_hard_mode9_lock.png",
            "image": "SIMPLE",
            "position": {
                "x": 219.5,
                "y": 163.7
            },
            "type": "sprite"
        },
        "container/container2": {
            "position": {
                "x": 0,
                "y": 0
            },
            "type": "container"
        },
        "container/container2/standar_acts_text": {
            "font": {
                "name": "milocha",
                "fontSize": 28
            },
            "text": "Awsome Stuff",
            "align": "center",
            "position": {
                "x": -257.7,
                "y": -201.7
            },
            "anchor": {
                "x": 0,
                "y": 0.5
            },
            "type": "text"
        },
        "container/container2/standar_acts_bar_bg": {
            "file": "trop_bar_bg.png",
            "image": "SIMPLE",
            "position": {
                "x": 98.7,
                "y": -200
            },
            "type": "sprite"
        },
        "container/container2/standar_acts_bar_bg/standar_acts_bar": {
            "file": "trop_bar.png",
            "image": "SIMPLE",
            "position": {
                "x": -89,
                "y": 0
            },
            "anchor": {
                "x": 0,
                "y": 0.5
            },
            "type": "sprite"
        },
        "container/container2/standar_acts_percentage": {
            "font": {
                "name": "milocha",
                "fontSize": 21
            },
            "text": "100%",
            "align": "center",
            "position": {
                "x": 246.5,
                "y": -200.2
            },
            "anchor": {
                "x": 1,
                "y": 0.5
            },
            "type": "text"
        },
        "container/container2/stuff1": {
            "file": "trop_stuff1_lock.png",
            "image": "SIMPLE",
            "position": {
                "x": -152,
                "y": -135.3
            },
            "type": "sprite"
        },
        "container/container2/stuff2": {
            "file": "trop_stuff3_lock.png",
            "image": "SIMPLE",
            "position": {
                "x": 0,
                "y": -132
            },
            "type": "sprite"
        },
        "container/container2/stuff3": {
            "file": "trop_stuff4_lock.png",
            "image": "SIMPLE",
            "position": {
                "x": 152,
                "y": -131
            },
            "type": "sprite"
        },
        "container/container2/stuff4": {
            "file": "trop_stuff5_lock.png",
            "image": "SIMPLE",
            "position": {
                "x": -78,
                "y": -61.9
            },
            "type": "sprite"
        },
        "container/container2/stuff5": {
            "file": "trop_stuff6_lock.png",
            "image": "SIMPLE",
            "position": {
                "x": 78,
                "y": -59.9
            },
            "type": "sprite"
        },
        "container/container2/hardcore_text": {
            "font": {
                "name": "milocha",
                "fontSize": 27
            },
            "text": "Completion",
            "align": "center",
            "position": {
                "x": -257.2,
                "y": 26.2
            },
            "anchor": {
                "x": 0,
                "y": 0.5
            },
            "type": "text"
        },
        "container/container2/hardcore_bar_bg": {
            "file": "trop_bar_bg.png",
            "image": "SIMPLE",
            "position": {
                "x": 98.7,
                "y": 28
            },
            "type": "sprite"
        },
        "container/container2/hardcore_bar_bg/hardcore_bar": {
            "file": "trop_bar.png",
            "image": "SIMPLE",
            "position": {
                "x": -89,
                "y": 0
            },
            "anchor": {
                "x": 0,
                "y": 0.5
            },
            "type": "sprite"
        },
        "container/container2/hardcore_percentage": {
            "font": {
                "name": "milocha",
                "fontSize": 21
            },
            "text": "100%",
            "align": "center",
            "position": {
                "x": 246.2,
                "y": 27.8
            },
            "anchor": {
                "x": 1,
                "y": 0.5
            },
            "type": "text"
        },
        "container/container2/completion1": {
            "file": "trop_completion1_lock.png",
            "image": "SIMPLE",
            "position": {
                "x": -130.2,
                "y": 104.5
            },
            "type": "sprite"
        },
        "container/container2/completion2": {
            "file": "trop_completion2_lock.png",
            "image": "SIMPLE",
            "position": {
                "x": 0,
                "y": 104
            },
            "type": "sprite"
        },
        "container/container2/completion3": {
            "file": "trop_completion3_lock.png",
            "image": "SIMPLE",
            "position": {
                "x": -67.7,
                "y": 161.4
            },
            "type": "sprite"
        },
        "container/container2/completion4": {
            "file": "trop_completion4_lock.png",
            "image": "SIMPLE",
            "position": {
                "x": 68.7,
                "y": 163.3
            },
            "type": "sprite"
        },
        "container/container2/completion5": {
            "file": "trop_completion2_lock.png",
            "image": "SIMPLE",
            "position": {
                "x": 131.6,
                "y": 104
            },
            "type": "sprite"
        },
        "container/1_2": {
            "font": {
                "name": "milocha",
                "fontSize": 30
            },
            "text": "1",
            "align": "center",
            "position": {
                "x": -21.3,
                "y": 242
            },
            "type": "text"
        },
        "container/2_2": {
            "font": {
                "name": "milocha",
                "fontSize": 30
            },
            "text": "2",
            "align": "center",
            "position": {
                "x": 11.6,
                "y": 242
            },
            "type": "text"
        },
        "container/description": {
            "font": {
                "name": "milocha",
                "fontSize": 20
            },
            "text": "Act1 - Complete Act to any ranking",
            "align": "center",
            "position": {
                "x": -4.2,
                "y": 275.7
            },
            "type": "text"
        },
        "container/back_arrow": {
            "file": "trop_arrow_left.png",
            "image": "SIMPLE",
            "position": {
                "x": -278.8,
                "y": 239.8
            },
            "type": "button"
        },
        "container/next_arrow": {
            "file": "trop_arrow_right.png",
            "image": "SIMPLE",
            "position": {
                "x": 278.8,
                "y": 239.8
            },
            "type": "button"
        }
    }
}