{
    "name": "transition_in",
    "speed": 1,
    "mode": "normal",
    "data": {
        "base1": {
            "scaleX": [
                {
                    "frame": 0,
                    "value": 0
                },
                {
                    "frame": 67,
                    "value": 0
                },
                {
                    "frame": 400,
                    "value": 1
                }
            ]
        },
        "base2": {
            "scaleX": [
                {
                    "frame": 0,
                    "value": 0
                },
                {
                    "frame": 133,
                    "value": 0
                },
                {
                    "frame": 467,
                    "value": 1
                }
            ]
        },
        "base3": {
            "scaleX": [
                {
                    "frame": 0,
                    "value": 0
                },
                {
                    "frame": 200,
                    "value": 0
                },
                {
                    "frame": 533,
                    "value": 1
                }
            ]
        },
        "base4": {
            "scaleX": [
                {
                    "frame": 0,
                    "value": 0
                },
                {
                    "frame": 300,
                    "value": 0
                },
                {
                    "frame": 633,
                    "value": 1
                }
            ]
        },
        "base5": {
            "scaleX": [
                {
                    "frame": 0,
                    "value": 0
                },
                {
                    "frame": 400,
                    "value": 0
                },
                {
                    "frame": 733,
                    "value": 1
                }
            ]
        },
        "base6": {
            "scaleX": [
                {
                    "frame": 0,
                    "value": 0
                },
                {
                    "frame": 500,
                    "value": 0
                },
                {
                    "frame": 833,
                    "value": 1
                }
            ]
        },
        "base7": {
            "scaleX": [
                {
                    "frame": 0,
                    "value": 0
                },
                {
                    "frame": 333,
                    "value": 1
                }
            ]
        },
        "logo": {
            "scaleX": [
                {
                    "frame": 0,
                    "value": 0
                },
                {
                    "frame": 333,
                    "value": 0
                },
                {
                    "frame": 433,
                    "value": 1.2
                },
                {
                    "frame": 533,
                    "value": 1
                }
            ],
            "scaleY": [
                {
                    "frame": 0,
                    "value": 0
                },
                {
                    "frame": 333,
                    "value": 0
                },
                {
                    "frame": 433,
                    "value": 1.2
                },
                {
                    "frame": 533,
                    "value": 1
                }
            ]
        }
    }
}