{"frames":{"hill-asset-1":{"frame":{"x":1,"y":1,"w":1880,"h":859},"sourceSize":{"w":1880,"h":859}},"rb8-column-asset":{"frame":{"x":1883,"y":1,"w":37,"h":242},"sourceSize":{"w":37,"h":242}},"city-1-8":{"frame":{"x":1922,"y":1,"w":52,"h":230},"sourceSize":{"w":52,"h":230}},"city-1-2":{"frame":{"x":1976,"y":1,"w":60,"h":120},"sourceSize":{"w":60,"h":120}},"city-2-assets-6":{"frame":{"x":2038,"y":1,"w":2,"h":100},"sourceSize":{"w":2,"h":100}},"city-2-assets-4":{"frame":{"x":1976,"y":123,"w":40,"h":100},"sourceSize":{"w":40,"h":100}},"city-1-7":{"frame":{"x":2018,"y":123,"w":28,"h":57},"sourceSize":{"w":28,"h":57}},"city-1-6":{"frame":{"x":1883,"y":245,"w":126,"h":44},"sourceSize":{"w":126,"h":44}},"city-1-5":{"frame":{"x":2011,"y":245,"w":30,"h":44},"sourceSize":{"w":30,"h":44}},"city-2-assets-7":{"frame":{"x":1883,"y":291,"w":124,"h":8},"sourceSize":{"w":124,"h":8}},"city-2-assets-2":{"frame":{"x":1883,"y":301,"w":30,"h":100},"sourceSize":{"w":30,"h":100}},"city-2-assets-10":{"frame":{"x":1915,"y":301,"w":72,"h":100},"sourceSize":{"w":72,"h":100}},"city-2-assets-5":{"frame":{"x":1989,"y":301,"w":38,"h":68},"sourceSize":{"w":38,"h":68}},"city-1-3":{"frame":{"x":1,"y":862,"w":1472,"h":600},"sourceSize":{"w":1472,"h":600}},"city-2-assets-9":{"frame":{"x":1475,"y":862,"w":210,"h":249},"sourceSize":{"w":210,"h":249}},"cloud-assets-2":{"frame":{"x":1,"y":1464,"w":1248,"h":392},"sourceSize":{"w":1248,"h":392}},"city-1-9":{"frame":{"x":1251,"y":1464,"w":790,"h":280},"sourceSize":{"w":790,"h":280}},"city-1-4":{"frame":{"x":1251,"y":1746,"w":670,"h":190},"sourceSize":{"w":670,"h":190}}},"meta":{"app":"PixiAnimate","scale":1,"image":"backgrounds_atlas_1.png","size":{"w":2048,"h":2048}}}