{"frames":{"hill-asset-3":{"frame":{"x":1,"y":1,"w":1191,"h":537},"sourceSize":{"w":1191,"h":537}},"city-1-1":{"frame":{"x":1194,"y":1,"w":850,"h":300},"sourceSize":{"w":850,"h":300}},"city-1-asset-11":{"frame":{"x":1194,"y":303,"w":644,"h":190},"sourceSize":{"w":644,"h":190}},"hill-asset-4":{"frame":{"x":1,"y":540,"w":1165,"h":577},"sourceSize":{"w":1165,"h":577}},"cloud-assets":{"frame":{"x":1168,"y":540,"w":864,"h":444},"sourceSize":{"w":864,"h":444}},"city-2-assets-11":{"frame":{"x":1,"y":1119,"w":1040,"h":242},"sourceSize":{"w":1040,"h":242}},"city-1-10":{"frame":{"x":1,"y":1363,"w":937,"h":228},"sourceSize":{"w":937,"h":228}},"city-2-assets-8":{"frame":{"x":1,"y":1593,"w":712,"h":370},"sourceSize":{"w":712,"h":370}},"hill-asset-5":{"frame":{"x":1043,"y":1119,"w":900,"h":500},"sourceSize":{"w":900,"h":500}}},"meta":{"app":"PixiAnimate","scale":1,"image":"backgrounds_atlas_2.png","size":{"w":2048,"h":2048}}}