[{"type":"basicBlock","challengeStep":0,"x":829,"y":581,"width":500,"height":99},{"type":"buzzsaw","challengeStep":0,"x":790,"y":533,"width":101},{"type":"finishPortal","challengeStep":0,"x":1032,"y":494},{"type":"pushBlock","challengeStep":1,"x":970,"y":498,"width":70,"height":70},{"type":"basicBlock","challengeStep":1,"x":1277,"y":581,"width":400,"height":99},{"type":"basicBlock","challengeStep":1,"x":1378,"y":481,"width":200,"height":300},{"type":"buzzsawOnStick","challengeStep":1,"x":1133,"y":585,"rotation":5864},{"type":"finishPortal","challengeStep":1,"x":1394,"y":299},{"type":"glassBlock","challengeStep":2,"x":1528,"y":381,"width":100,"height":100},{"type":"glassBlock","challengeStep":2,"x":1528,"y":481,"width":100,"height":100},{"type":"glassBlock","challengeStep":2,"x":1529,"y":581,"width":100,"height":100},{"type":"glassBlock","challengeStep":2,"x":1529,"y":681,"width":100,"height":100},{"type":"glassBlock","challengeStep":2,"x":1529,"y":781,"width":100,"height":100},{"type":"basicBlock","challengeStep":2,"x":1629,"y":481,"width":99,"height":700},{"type":"buzzsawHorizontalFast","challengeStep":2,"x":1527,"y":384},{"type":"buzzsawHorizontalFast","challengeStep":2,"x":1527,"y":580},{"type":"basicBlock","challengeStep":2,"x":1328,"y":780,"width":300,"height":99},{"type":"finishPortal","challengeStep":2,"x":1329,"y":695},{"type":"fallingBlock","challengeStep":3,"x":1128,"y":782,"width":100,"height":100},{"type":"fallingBlock","challengeStep":3,"x":924,"y":851,"width":100,"height":100},{"type":"fallingBlock","challengeStep":3,"x":723,"y":785,"width":100,"height":100},{"type":"basicBlock","challengeStep":3,"x":533,"y":381,"width":99,"height":500},{"type":"basicBlock","challengeStep":3,"x":369,"y":787,"width":400,"height":99},{"type":"finishPortal","challengeStep":3,"x":321,"y":699},{"type":"circularCannon","challengeStep":4,"x":336,"y":615},{"type":"circularCannon","challengeStep":4,"x":329,"y":312},{"type":"shurikanDispenser","challengeStep":4,"x":240,"y":513},{"type":"shurikanDispenser","challengeStep":4,"x":238,"y":202},{"type":"finishPortal","challengeStep":4,"x":526,"y":96},{"type":"speedBlock","challengeStep":5,"x":1033,"y":156,"width":800,"height":50},{"type":"buzzsawOnStick","challengeStep":5,"x":772,"y":185,"rotation":3224},{"type":"buzzsawOnStick","challengeStep":5,"x":1171,"y":187,"rotation":3224},{"type":"finishPortal","challengeStep":5,"x":1626,"y":95},{"type":"basicBlock","challengeStep":5,"x":773,"y":185,"width":50,"height":50},{"type":"basicBlock","challengeStep":5,"x":1171,"y":187,"width":50,"height":50},{"type":"elevatorGeneratorDown","challengeStep":6,"x":1751,"y":-30},{"type":"basicBlock","challengeStep":6,"x":1528,"y":825,"width":120,"height":10},{"type":"spike10x","challengeStep":6,"x":1528,"y":811,"rotation":0},{"type":"basicBlock","challengeStep":6,"x":875,"y":953,"width":810,"height":99},{"type":"basicBlock","challengeStep":6,"x":519,"y":856,"width":99,"height":99},{"type":"basicBlock","challengeStep":6,"x":1232,"y":903,"width":110,"height":200},{"type":"spike30x","challengeStep":6,"x":716,"y":895,"rotation":0},{"type":"spike30x","challengeStep":6,"x":1008,"y":895,"rotation":0},{"type":"spike10x","challengeStep":6,"x":1204,"y":895,"rotation":0},{"type":"elevatorEliminator","challengeStep":6,"x":1757,"y":1080},{"type":"spike10x","challengeStep":6,"x":1729,"y":9,"rotation":-180},{"type":"spike10x","challengeStep":6,"x":1773,"y":8,"rotation":-180},{"type":"basicBlock","challengeStep":6,"x":1584,"y":1060,"width":200,"height":99},{"type":"basicBlock","challengeStep":6,"x":1871,"y":525,"width":99,"height":1170},{"type":"spike10x","challengeStep":6,"x":1724,"y":1043,"rotation":0},{"type":"spike10x","challengeStep":6,"x":1789,"y":1044,"rotation":0},{"type":"buzzsawOnStick","challengeStep":6,"x":1869,"y":262,"rotation":4504},{"type":"buzzsawOnStick","challengeStep":6,"x":1885,"y":709,"rotation":4504},{"type":"finishPortal","challengeStep":6,"x":1576,"y":978},{"type":"bounceBlock","challengeStep":7,"x":1082,"y":1202,"width":800,"height":20},{"type":"basicBlock","challengeStep":7,"x":1531,"y":1111,"width":99,"height":200},{"type":"basicBlock","challengeStep":7,"x":482,"y":1160,"width":400,"height":99},{"type":"bouncingBuzzsaw","challengeStep":7,"x":826,"y":1051,"width":50},{"type":"bouncingBuzzsaw","challengeStep":7,"x":976,"y":1075,"width":50},{"type":"bouncingBuzzsaw","challengeStep":7,"x":1123,"y":1048,"width":50},{"type":"bouncingBuzzsaw","challengeStep":7,"x":1276,"y":1072,"width":50},{"type":"basicBlock","challengeStep":7,"x":121,"y":386,"width":99,"height":900},{"type":"finishPortal","challengeStep":7,"x":374,"y":1072},{"type":"speedBlock","challengeStep":8,"x":32,"y":1161,"width":500,"height":100},{"type":"basicBlock","challengeStep":8,"x":-317,"y":1111,"width":200,"height":200},{"type":"buzzsawVerticalUp","challengeStep":8,"x":-89,"y":1054},{"type":"buzzsawVerticalUp","challengeStep":8,"x":170,"y":1050},{"type":"finishPortal","challengeStep":8,"x":-327,"y":971},{"type":"basicBlock","challengeStep":8,"x":1555,"y":263,"width":50,"height":30},{"type":"elevatorGeneratorUp","challengeStep":9,"x":-3,"y":806},{"type":"elevatorEliminator","challengeStep":9,"x":-5,"y":-260},{"type":"bounceBlock","challengeStep":9,"x":-156,"y":931,"width":50,"height":50},{"type":"spike10x","challengeStep":9,"x":-31,"y":-221,"rotation":-180},{"type":"spike10x","challengeStep":9,"x":22,"y":-222,"rotation":-180},{"type":"spike10x","challengeStep":9,"x":-25,"y":767,"rotation":0},{"type":"spike10x","challengeStep":9,"x":28,"y":769,"rotation":0},{"type":"classicLaser","challengeStep":9,"x":-155,"y":-89},{"type":"classicLaser","challengeStep":9,"x":-158,"y":162},{"type":"classicLaser","challengeStep":9,"x":-172,"y":427},{"type":"classicLaser","challengeStep":9,"x":-169,"y":677},{"type":"spike30x","challengeStep":9,"x":179,"y":84,"rotation":90},{"type":"finishPortal","challengeStep":9,"x":115,"y":-104},{"type":"shurikanSpawner","challengeStep":9,"x":863,"y":373,"rotation":90},{"type":"sparkBlock","challengeStep":10,"x":350,"y":-49,"width":100,"height":100},{"type":"sparkBlock","challengeStep":10,"x":551,"y":-49,"width":100,"height":100},{"type":"sparkBlock","challengeStep":10,"x":751,"y":-48,"width":100,"height":100},{"type":"basicBlock","challengeStep":10,"x":1000,"y":-52,"width":200,"height":99},{"type":"finishPortal","challengeStep":10,"x":994,"y":-135},{"type":"circularCannon","challengeStep":10,"x":358,"y":1015},{"type":"invisBlock","challengeStep":11,"x":1175,"y":-75,"width":50,"height":50},{"type":"invisBlock","challengeStep":11,"x":1275,"y":-26,"width":50,"height":50},{"type":"invisBlock","challengeStep":11,"x":1375,"y":-75,"width":50,"height":50},{"type":"invisBlock","challengeStep":11,"x":1474,"y":-25,"width":50,"height":50},{"type":"invisBlock","challengeStep":11,"x":1575,"y":-75,"width":50,"height":50},{"type":"classicLaser","challengeStep":11,"x":1375,"y":-250},{"type":"finishPortal","challengeStep":11,"x":1762,"y":-101},{"type":"iceBlock","challengeStep":12,"x":1947,"y":-10,"width":50,"height":100},{"type":"iceBlock","challengeStep":12,"x":2025,"y":-9,"width":50,"height":100},{"type":"iceBlock","challengeStep":12,"x":2125,"y":-10,"width":50,"height":100},{"type":"iceBlock","challengeStep":12,"x":2225,"y":-10,"width":50,"height":100},{"type":"iceBlock","challengeStep":12,"x":2326,"y":-10,"width":50,"height":100},{"type":"iceBlock","challengeStep":12,"x":2425,"y":-10,"width":50,"height":100},{"type":"bouncingBuzzsaw","challengeStep":12,"x":2028,"y":-225,"width":50},{"type":"bouncingBuzzsaw","challengeStep":12,"x":2226,"y":-226,"width":50},{"type":"bouncingBuzzsaw","challengeStep":12,"x":2426,"y":-228,"width":50},{"type":"basicBlock","challengeStep":12,"x":2220,"y":51,"width":600,"height":20},{"type":"spike30x","challengeStep":12,"x":2057,"y":33,"rotation":0},{"type":"spike30x","challengeStep":12,"x":2350,"y":34,"rotation":0},{"type":"basicBlock","challengeStep":12,"x":2556,"y":46,"width":120,"height":200},{"type":"finishPortal","challengeStep":12,"x":2556,"y":-86},{"type":"buzzsaw","challengeStep":12,"x":726,"y":614,"width":101},{"type":"buzzsaw","challengeStep":12,"x":497,"y":424,"width":101},{"type":"buzzsaw","challengeStep":12,"x":1390,"y":356,"width":101},{"type":"basicBlock","challengeStep":13,"x":2749,"y":-100,"width":99,"height":600},{"type":"basicBlock","challengeStep":13,"x":2409,"y":249,"width":780,"height":99},{"type":"timedKey","challengeStep":13,"x":2549,"y":-74},{"type":"basicBlock","challengeStep":13,"x":2019,"y":450,"width":200,"height":99},{"type":"lockBlock","challengeStep":13,"x":1969,"y":249,"width":100,"height":100},{"type":"bouncingBuzzsaw","challengeStep":13,"x":2123,"y":83,"width":50},{"type":"bouncingBuzzsaw","challengeStep":13,"x":2226,"y":84,"width":50},{"type":"bouncingBuzzsaw","challengeStep":13,"x":2327,"y":83,"width":50},{"type":"bouncingBuzzsaw","challengeStep":13,"x":2424,"y":84,"width":50},{"type":"finishPortal","challengeStep":13,"x":2075,"y":366},{"type":"buzzsawHorizontalFast","challengeStep":13,"x":1334,"y":538},{"type":"bounceBlock","challengeStep":13,"x":458,"y":154,"width":50,"height":45},{"type":"ziplinePole","challengeStep":14,"x":2089,"y":391},{"type":"basicBlock","challengeStep":14,"x":2955,"y":653,"width":300,"height":99},{"type":"ziplinePole","challengeStep":14,"x":2848,"y":570},{"type":"shurikanSpawner","challengeStep":14,"x":2231,"y":337,"rotation":90},{"type":"shurikanSpawner","challengeStep":14,"x":2467,"y":386,"rotation":90},{"type":"shurikanSpawner","challengeStep":14,"x":2627,"y":433,"rotation":90},{"type":"shurikanSpawner","challengeStep":14,"x":2776,"y":465,"rotation":90},{"type":"finishPortal","challengeStep":14,"x":2993,"y":569},{"type":"buzzsawVerticalDown","challengeStep":14,"x":953,"y":58},{"type":"laserPoint","challengeStep":15,"x":2106,"y":468},{"type":"laserPoint","challengeStep":15,"x":2823,"y":656},{"type":"hazardStrips","challengeStep":15,"x":2110,"y":401},{"type":"hazardStrips","challengeStep":15,"x":2804,"y":604},{"type":"swimmingPool","challengeStep":15,"x":2850,"y":1049,"width":700,"height":500},{"type":"basicBlock","challengeStep":15,"x":3250,"y":650,"width":99,"height":1500},{"type":"basicBlock","challengeStep":15,"x":2802,"y":1350,"width":800,"height":99},{"type":"basicBlock","challengeStep":15,"x":2453,"y":1003,"width":99,"height":600},{"type":"basicBlock","challengeStep":15,"x":2952,"y":948,"width":99,"height":500},{"type":"basicBlock","challengeStep":15,"x":2754,"y":1149,"width":300,"height":99},{"type":"basicBlock","challengeStep":15,"x":2650,"y":939,"width":300,"height":99},{"type":"breatheBlaster","challengeStep":15,"x":2545,"y":1271,"rotation":0},{"type":"basicBlock","challengeStep":15,"x":2352,"y":752,"width":300,"height":99},{"type":"buzzsaw","challengeStep":15,"x":2999,"y":948,"width":101},{"type":"buzzsaw","challengeStep":15,"x":3203,"y":1140,"width":101},{"type":"buzzsaw","challengeStep":15,"x":2802,"y":1205,"width":101},{"type":"buzzsaw","challengeStep":15,"x":2682,"y":1107,"width":101},{"type":"buzzsaw","challengeStep":15,"x":2911,"y":949,"width":101},{"type":"finishPortal","challengeStep":15,"x":2320,"y":666},{"type":"bounceBlock","challengeStep":15,"x":636,"y":451,"width":45,"height":45},{"type":"portal","challengeStep":16,"x":2268,"y":665},{"type":"portal","challengeStep":16,"x":2594,"y":-497},{"type":"basicBlock","challengeStep":16,"x":2549,"y":-401,"width":500,"height":99},{"type":"basicBlock","challengeStep":16,"x":3014,"y":-50,"width":500,"height":99},{"type":"basicBlock","challengeStep":16,"x":2750,"y":-648,"width":99,"height":400},{"type":"pole","challengeStep":16,"x":2223,"y":-521},{"type":"pole","challengeStep":16,"x":2073,"y":-578},{"type":"pole","challengeStep":16,"x":1922,"y":-629},{"type":"basicBlock","challengeStep":16,"x":1651,"y":-600,"width":300,"height":99},{"type":"finishPortal","challengeStep":16,"x":1719,"y":-688},{"type":"buzzsaw","challengeStep":16,"x":559,"y":323,"width":101},{"type":"buzzsawOnStick","challengeStep":17,"x":1623,"y":-599,"rotation":3352},{"type":"basicBlock","challengeStep":17,"x":1302,"y":-600,"width":400,"height":99},{"type":"buzzsawOnStick","challengeStep":17,"x":1276,"y":-609,"rotation":3352},{"type":"bouncingBuzzsaw","challengeStep":17,"x":1274,"y":-878,"width":50},{"type":"bouncingBuzzsaw","challengeStep":17,"x":1625,"y":-875,"width":50},{"type":"basicBlock","challengeStep":17,"x":849,"y":-603,"width":300,"height":99},{"type":"finishPortal","challengeStep":17,"x":848,"y":-686},{"type":"portal","challengeStep":17,"x":936,"y":708},{"type":"portal","challengeStep":17,"x":2051,"y":345},{"type":"basicBlock","challengeStep":17,"x":2948,"y":203,"width":300,"height":99},{"type":"speedBlock","challengeStep":18,"x":349,"y":-604,"width":700,"height":100},{"type":"basicBlock","challengeStep":18,"x":-51,"y":-604,"width":99,"height":99},{"type":"reaper","challengeStep":18,"x":335,"y":-603,"rotation":0,"width":130.01503759398497},{"type":"finishPortal","challengeStep":18,"x":-55,"y":-685},{"type":"basicBlock","challengeStep":19,"x":-551,"y":-1002,"width":200,"height":99},{"type":"bounceBlock","challengeStep":19,"x":-126,"y":-627,"width":50,"height":50},{"type":"pole","challengeStep":19,"x":-170,"y":-962},{"type":"pole","challengeStep":19,"x":-329,"y":-1025},{"type":"finishPortal","challengeStep":19,"x":-568,"y":-1084},{"type":"shurikanSpawner","challengeStep":19,"x":536,"y":631,"rotation":90},{"type":"solarBlock","challengeStep":19,"x":1383,"y":256,"width":100,"height":150},{"type":"classicLaser","challengeStep":20,"x":1051,"y":352},{"type":"shurikanSpawner","challengeStep":20,"x":702,"y":327,"rotation":-180},{"type":"bouncingBuzzsaw","challengeStep":21,"x":852,"y":-52,"width":50},{"type":"bouncingBuzzsaw","challengeStep":21,"x":1127,"y":-24,"width":50},{"type":"buzzsawVerticalDown","challengeStep":21,"x":1507,"y":170},{"type":"buzzsawOnStick","challengeStep":21,"x":546,"y":774,"rotation":680},{"type":"portal","challengeStep":21,"x":2992,"y":564},{"type":"portal","challengeStep":21,"x":2434,"y":661},{"type":"buzzsawVerticalUp","challengeStep":22,"x":512,"y":1055},{"type":"buzzsawOnStick","challengeStep":22,"x":1231,"y":778,"rotation":592},{"type":"classicLaser","challengeStep":23,"x":453,"y":-261},{"type":"buzzsawOnStick","challengeStep":23,"x":120,"y":320,"rotation":1064},{"type":"buzzsaw","challengeStep":23,"x":379,"y":-48,"width":101},{"type":"buzzsaw","challengeStep":23,"x":524,"y":-47,"width":101},{"type":"shurikanDispenser","challengeStep":24,"x":2650,"y":-177},{"type":"sparkBlock","challengeStep":24,"x":2051,"y":-301,"width":100,"height":100},{"type":"sparkBlock","challengeStep":24,"x":2204,"y":-349,"width":100,"height":100},{"type":"bounceBlock","challengeStep":24,"x":1762,"y":-83,"width":50,"height":50},{"type":"basicBlock","challengeStep":24,"x":1900,"y":-249,"width":99,"height":99},{"type":"solarBlock","challengeStep":24,"x":526,"y":683,"width":100,"height":100},{"type":"solarBlock","challengeStep":24,"x":1230,"y":678,"width":100,"height":100},{"type":"buzzsawHorizontalFast","challengeStep":25,"x":2702,"y":849},{"type":"buzzsaw","challengeStep":25,"x":1413,"y":-617,"width":101},{"type":"classicLaser","challengeStep":26,"x":2213,"y":-710},{"type":"classicLaser","challengeStep":26,"x":2013,"y":-732},{"type":"bouncingBuzzsaw","challengeStep":26,"x":999,"y":-325,"width":101},{"type":"buzzsawOnStick","challengeStep":27,"x":-178,"y":544,"rotation":2128},{"type":"basicBlock","challengeStep":27,"x":-175,"y":544,"width":50,"height":50},{"type":"bouncingBuzzsaw","challengeStep":27,"x":862,"y":-836,"width":101},{"type":"classicLaser","challengeStep":28,"x":-201,"y":-1137},{"type":"bouncingBuzzsaw","challengeStep":28,"x":-20,"y":-877,"width":101},{"type":"solarBlock","challengeStep":29,"x":607,"y":155,"width":50,"height":50},{"type":"lightSwitch","challengeStep":29,"x":790,"y":448},{"type":"spawnPoint","x":704,"y":485}]