[{"type":"classicLaser","x":1711,"y":1074},{"type":"basicBlock","x":576,"y":926,"width":50,"height":350},{"type":"spike10x","x":610,"y":801,"rotation":90},{"type":"elevatorGeneratorUp","x":2220,"y":721},{"type":"spike10x","x":2240,"y":684,"rotation":0},{"type":"spike10x","x":2174,"y":683,"rotation":0},{"type":"elevatorEliminator","x":2226,"y":120},{"type":"elevatorGeneratorDown","x":2526,"y":20},{"type":"elevatorGeneratorDown","x":3127,"y":-180},{"type":"elevatorEliminator","x":2827,"y":-80},{"type":"elevatorEliminator","x":2526,"y":620},{"type":"elevatorGeneratorUp","x":2827,"y":571},{"type":"elevatorEliminator","x":3126,"y":424},{"type":"spike10x","x":2205,"y":158,"rotation":-180},{"type":"spike10x","x":2249,"y":158,"rotation":-180},{"type":"spike10x","x":2505,"y":59,"rotation":-180},{"type":"spike10x","x":2549,"y":59,"rotation":-180},{"type":"spike10x","x":2808,"y":-42,"rotation":-180},{"type":"spike10x","x":2850,"y":-42,"rotation":-180},{"type":"spike10x","x":3107,"y":-143,"rotation":-180},{"type":"spike10x","x":3152,"y":-143,"rotation":-180},{"type":"hazardStrips","x":2286,"y":691},{"type":"hazardStrips","x":2450,"y":697},{"type":"laserPoint","x":2282,"y":734},{"type":"laserPoint","x":2460,"y":733},{"type":"basicBlock","x":2271,"y":741,"width":50,"height":99},{"type":"basicBlock","x":2476,"y":722,"width":50,"height":150},{"type":"spike10x","x":2503,"y":581,"rotation":0},{"type":"spike10x","x":2547,"y":581,"rotation":0},{"type":"spike10x","x":2807,"y":534,"rotation":0},{"type":"spike10x","x":2850,"y":532,"rotation":0},{"type":"spike10x","x":3105,"y":387,"rotation":0},{"type":"spike10x","x":3149,"y":387,"rotation":0},{"type":"bounceBlock","x":3284,"y":234,"width":50,"height":60},{"type":"bounceBlock","x":2025,"y":123,"width":50,"height":50},{"type":"checkpoint","x":3132,"y":-240},{"type":"buzzsawOnStick","x":2825,"y":-81,"rotation":680},{"type":"buzzsawOnStick","x":2526,"y":17,"rotation":680},{"type":"basicBlock","x":1900,"y":-124,"width":100,"height":50},{"type":"basicBlock","x":1972,"y":379,"width":50,"height":40},{"type":"solarBlock","x":1553,"y":248,"width":100,"height":100},{"type":"lightSwitch","x":1634,"y":234},{"type":"textFade","x":1609,"y":322,"rotation":0,"textNum":36},{"type":"solarBlock","x":1553,"y":148,"width":100,"height":100},{"type":"speedBlockLeft","x":1350,"y":349,"width":300,"height":100},{"type":"speedBlockLeft","x":852,"y":350,"width":500,"height":100},{"type":"star","x":1149,"y":383},{"type":"key","x":404,"y":449},{"type":"glassBlock","x":399,"y":350,"width":100,"height":100},{"type":"glassBlock","x":400,"y":550,"width":100,"height":100},{"type":"glassBlock","x":400,"y":750,"width":100,"height":100},{"type":"glassBlock","x":399,"y":949,"width":100,"height":100},{"type":"basicBlock","x":474,"y":698,"width":50,"height":800},{"type":"basicBlock","x":325,"y":500,"width":50,"height":1000},{"type":"basicBlock","x":349,"y":1122,"width":300,"height":50},{"type":"buzzsawOnStick","x":839,"y":351,"rotation":680},{"type":"bouncingBuzzsaw","x":1325,"y":123,"width":50},{"type":"bouncingBuzzsaw","x":824,"y":122,"width":50},{"type":"buzzsaw","x":326,"y":552,"width":101},{"type":"buzzsaw","x":473,"y":751,"width":101},{"type":"buzzsaw","x":327,"y":947,"width":101},{"type":"spike10x","x":358,"y":152,"rotation":90},{"type":"spike10x","x":359,"y":64,"rotation":90},{"type":"buzzsawOnStick","x":478,"y":1124,"rotation":680},{"type":"basicBlock","x":1842,"y":-299,"width":30,"height":400},{"type":"spike30x","x":1818,"y":-245,"rotation":-90},{"type":"spike10x","x":1818,"y":-427,"rotation":-90},{"type":"basicBlock","x":1935,"y":39,"width":30,"height":300},{"type":"basicBlock","x":1800,"y":252,"width":99,"height":99},{"type":"basicBlock","x":1649,"y":49,"width":400,"height":99},{"type":"basicBlock","x":1474,"y":-198,"width":50,"height":400},{"type":"basicBlock","x":1900,"y":-484,"width":100,"height":30},{"type":"spike10x","x":1877,"y":-507,"rotation":0},{"type":"spike10x","x":1897,"y":-506,"rotation":0},{"type":"spike10x","x":1818,"y":-448,"rotation":-90},{"type":"bounceBlock","x":1576,"y":-26,"width":50,"height":50},{"type":"basicBlock","x":1401,"y":-348,"width":99,"height":99},{"type":"ziplinePole","x":1367,"y":-424},{"type":"checkpoint","x":1451,"y":-429},{"type":"basicBlock","x":153,"y":-202,"width":200,"height":99},{"type":"spike30x","x":292,"y":148,"rotation":-90},{"type":"spike","x":308,"y":-7,"rotation":0},{"type":"spike","x":320,"y":-8,"rotation":0},{"type":"spike","x":332,"y":-8,"rotation":0},{"type":"spike","x":343,"y":-8,"rotation":0},{"type":"spike","x":357,"y":9,"rotation":90},{"type":"ziplinePole","x":221,"y":-281},{"type":"key","x":750,"y":-437},{"type":"buzzsawOnStick","x":389,"y":-324,"rotation":664},{"type":"buzzsawOnStick","x":748,"y":-372,"rotation":664},{"type":"bouncingBuzzsaw","x":1772,"y":-77,"width":50},{"type":"bouncingBuzzsaw","x":1677,"y":-77,"width":50},{"type":"basicBlock","x":1723,"y":350,"width":450,"height":100},{"type":"basicBlock","x":1901,"y":400,"width":99,"height":200},{"type":"portal","x":1530,"y":431},{"type":"portal","x":2200,"y":1019},{"type":"portal","x":1629,"y":426},{"type":"portal","x":1901,"y":-179},{"type":"portal","x":1728,"y":425},{"type":"portal","x":234,"y":1060},{"type":"portal","x":1829,"y":425},{"type":"portal","x":132,"y":-284},{"type":"key","x":2228,"y":58},{"type":"key","x":1309,"y":975},{"type":"lockBlock","x":1498,"y":749,"width":100,"height":100},{"type":"lockBlock","x":1799,"y":749,"width":100,"height":100},{"type":"lockBlock","x":1700,"y":749,"width":100,"height":100},{"type":"lockBlock","x":1599,"y":749,"width":100,"height":100},{"type":"finishPortal","x":1402,"y":767},{"type":"basicBlock","x":1475,"y":424,"width":50,"height":50},{"type":"basicBlock","x":1575,"y":425,"width":50,"height":50},{"type":"basicBlock","x":1675,"y":425,"width":50,"height":50},{"type":"basicBlock","x":1776,"y":415,"width":50,"height":50},{"type":"textFade","x":1676,"y":645,"rotation":0,"textNum":32},{"type":"textFade","x":1686,"y":499,"rotation":0,"textNum":31},{"type":"basicBlock","x":1999,"y":700,"width":300,"height":200},{"type":"basicBlock","x":1551,"y":648,"width":400,"height":99},{"type":"basicBlock","x":1304,"y":724,"width":99,"height":250},{"type":"basicBlock","x":1398,"y":824,"width":100,"height":50},{"type":"fallingBlock","x":1524,"y":825,"width":50,"height":50},{"type":"fallingBlock","x":1624,"y":825,"width":50,"height":50},{"type":"fallingBlock","x":1674,"y":825,"width":50,"height":50},{"type":"fallingBlock","x":1724,"y":825,"width":50,"height":50},{"type":"fallingBlock","x":1824,"y":825,"width":50,"height":50},{"type":"fallingBlock","x":1774,"y":825,"width":50,"height":50},{"type":"fallingBlock","x":1574,"y":825,"width":50,"height":50},{"type":"fallingBlock","x":1474,"y":825,"width":50,"height":50},{"type":"checkpoint","x":1701,"y":270},{"type":"checkpoint","x":1726,"y":564},{"type":"ziplinePole","x":1284,"y":569},{"type":"ziplinePole","x":598,"y":771},{"type":"ziplinePole","x":598,"y":769},{"type":"ziplinePole","x":2056,"y":1030},{"type":"basicBlock","x":2137,"y":1084,"width":200,"height":50},{"type":"basicBlock","x":1304,"y":898,"width":99,"height":99},{"type":"spike30x","x":1246,"y":798,"rotation":-90},{"type":"ziplinePole","x":596,"y":1066},{"type":"ziplinePole","x":1261,"y":911},{"type":"spike10x","x":542,"y":801,"rotation":-90},{"type":"spike","x":596,"y":744,"rotation":0},{"type":"spike","x":557,"y":744,"rotation":0},{"type":"spike","x":570,"y":744,"rotation":0},{"type":"spike","x":583,"y":744,"rotation":0},{"type":"spike30x","x":609,"y":952,"rotation":90},{"type":"spike30x","x":542,"y":952,"rotation":-90},{"type":"spike","x":557,"y":1109,"rotation":-180},{"type":"spike","x":595,"y":1110,"rotation":-180},{"type":"spike","x":568,"y":1110,"rotation":-180},{"type":"spike","x":582,"y":1110,"rotation":-180},{"type":"bounceBlock","x":1875,"y":1225,"width":50,"height":50},{"type":"buzzsaw","x":1170,"y":713,"width":101},{"type":"buzzsaw","x":681,"y":903,"width":101},{"type":"buzzsaw","x":795,"y":899,"width":101},{"type":"buzzsaw","x":1056,"y":715,"width":101},{"type":"basicBlock","x":1348,"y":1046,"width":10,"height":200},{"type":"basicBlock","x":1260,"y":1046,"width":10,"height":200},{"type":"spike30x","x":1246,"y":992,"rotation":-90},{"type":"spike30x","x":1362,"y":991,"rotation":90},{"type":"fallingBlock","x":1300,"y":1225,"width":100,"height":50},{"type":"fallingBlock","x":1775,"y":1225,"width":50,"height":50},{"type":"fallingBlock","x":1225,"y":1225,"width":50,"height":50},{"type":"fallingBlock","x":1675,"y":1225,"width":50,"height":50},{"type":"fallingBlock","x":1575,"y":1225,"width":50,"height":50},{"type":"fallingBlock","x":1475,"y":1225,"width":50,"height":50},{"type":"fallingBlock","x":1375,"y":1225,"width":50,"height":50},{"type":"fallingBlock","x":824,"y":1225,"width":50,"height":50},{"type":"fallingBlock","x":925,"y":1225,"width":50,"height":50},{"type":"fallingBlock","x":1024,"y":1225,"width":50,"height":50},{"type":"fallingBlock","x":1126,"y":1225,"width":50,"height":50},{"type":"basicBlock","x":702,"y":1224,"width":99,"height":50},{"type":"checkpoint","x":708,"y":1170},{"type":"spawnPoint","x":1630,"y":564}]