[{"type":"classicLaser","x":1781,"y":1071},{"type":"basicBlock","x":576,"y":926,"width":50,"height":350},{"type":"spike10x","x":610,"y":801,"rotation":90},{"type":"hazardStrips","x":2140,"y":700},{"type":"hazardStrips","x":3250,"y":700},{"type":"laserPoint","x":2084,"y":748},{"type":"laserPoint","x":3263,"y":750},{"type":"basicBlock","x":3275,"y":750,"width":50,"height":100},{"type":"bounceBlock","x":3284,"y":234,"width":50,"height":60},{"type":"bounceBlock","x":2025,"y":123,"width":50,"height":50},{"type":"checkpoint","x":3132,"y":-240},{"type":"buzzsawOnStick","x":2825,"y":-81,"rotation":1088},{"type":"buzzsawOnStick","x":2527,"y":24,"rotation":368},{"type":"basicBlock","x":1900,"y":-124,"width":100,"height":50},{"type":"basicBlock","x":1972,"y":379,"width":50,"height":40},{"type":"solarBlock","x":1553,"y":248,"width":100,"height":100},{"type":"lightSwitch","x":1634,"y":234},{"type":"textFade","x":1609,"y":322,"rotation":0,"textNum":36},{"type":"solarBlock","x":1553,"y":148,"width":100,"height":100},{"type":"speedBlockLeft","x":1350,"y":349,"width":300,"height":100},{"type":"speedBlockLeft","x":852,"y":350,"width":500,"height":100},{"type":"star","x":1149,"y":383},{"type":"key","x":404,"y":449},{"type":"glassBlock","x":399,"y":350,"width":100,"height":100},{"type":"glassBlock","x":400,"y":550,"width":100,"height":100},{"type":"glassBlock","x":400,"y":750,"width":100,"height":100},{"type":"glassBlock","x":399,"y":949,"width":100,"height":100},{"type":"basicBlock","x":474,"y":698,"width":50,"height":800},{"type":"basicBlock","x":325,"y":500,"width":50,"height":1000},{"type":"basicBlock","x":349,"y":1122,"width":300,"height":50},{"type":"buzzsawOnStick","x":829,"y":338,"rotation":8},{"type":"bouncingBuzzsaw","x":1376,"y":124,"width":50},{"type":"bouncingBuzzsaw","x":877,"y":121,"width":50},{"type":"buzzsaw","x":327,"y":947,"width":101},{"type":"spike10x","x":358,"y":152,"rotation":90},{"type":"spike10x","x":359,"y":64,"rotation":90},{"type":"buzzsawOnStick","x":478,"y":1124,"rotation":1088},{"type":"basicBlock","x":1842,"y":-299,"width":30,"height":400},{"type":"spike30x","x":1818,"y":-245,"rotation":-90},{"type":"spike10x","x":1818,"y":-427,"rotation":-90},{"type":"basicBlock","x":1935,"y":39,"width":30,"height":300},{"type":"basicBlock","x":1800,"y":252,"width":99,"height":99},{"type":"basicBlock","x":1649,"y":49,"width":400,"height":99},{"type":"basicBlock","x":1474,"y":-198,"width":50,"height":400},{"type":"basicBlock","x":1900,"y":-484,"width":100,"height":30},{"type":"spike10x","x":1877,"y":-507,"rotation":0},{"type":"spike10x","x":1897,"y":-506,"rotation":0},{"type":"spike10x","x":1818,"y":-448,"rotation":-90},{"type":"bounceBlock","x":1576,"y":-26,"width":50,"height":50},{"type":"basicBlock","x":1401,"y":-348,"width":99,"height":99},{"type":"ziplinePole","x":1367,"y":-424},{"type":"checkpoint","x":1451,"y":-429},{"type":"basicBlock","x":153,"y":-202,"width":200,"height":99},{"type":"spike30x","x":292,"y":148,"rotation":-90},{"type":"spike","x":308,"y":-7,"rotation":0},{"type":"spike","x":320,"y":-8,"rotation":0},{"type":"spike","x":332,"y":-8,"rotation":0},{"type":"spike","x":343,"y":-8,"rotation":0},{"type":"spike","x":357,"y":9,"rotation":90},{"type":"ziplinePole","x":221,"y":-281},{"type":"key","x":750,"y":-437},{"type":"buzzsawOnStick","x":389,"y":-324,"rotation":1072},{"type":"buzzsawOnStick","x":748,"y":-372,"rotation":1072},{"type":"bouncingBuzzsaw","x":1772,"y":-77,"width":50},{"type":"bouncingBuzzsaw","x":1677,"y":-77,"width":50},{"type":"basicBlock","x":1723,"y":350,"width":450,"height":100},{"type":"basicBlock","x":1901,"y":400,"width":99,"height":200},{"type":"portal","x":1530,"y":431},{"type":"portal","x":2200,"y":1019},{"type":"portal","x":1629,"y":426},{"type":"portal","x":1904,"y":-188},{"type":"portal","x":1728,"y":425},{"type":"portal","x":234,"y":1060},{"type":"portal","x":1829,"y":425},{"type":"portal","x":132,"y":-284},{"type":"key","x":2228,"y":58},{"type":"key","x":1309,"y":975},{"type":"lockBlock","x":1498,"y":749,"width":100,"height":100},{"type":"lockBlock","x":1799,"y":749,"width":100,"height":100},{"type":"lockBlock","x":1700,"y":749,"width":100,"height":100},{"type":"lockBlock","x":1599,"y":749,"width":100,"height":100},{"type":"finishPortal","x":1402,"y":767},{"type":"basicBlock","x":1475,"y":424,"width":50,"height":50},{"type":"basicBlock","x":1575,"y":425,"width":50,"height":50},{"type":"basicBlock","x":1675,"y":425,"width":50,"height":50},{"type":"basicBlock","x":1776,"y":415,"width":50,"height":50},{"type":"textFade","x":1676,"y":645,"rotation":0,"textNum":32},{"type":"textFade","x":1686,"y":499,"rotation":0,"textNum":31},{"type":"basicBlock","x":2000,"y":699,"width":300,"height":200},{"type":"basicBlock","x":1551,"y":648,"width":400,"height":99},{"type":"basicBlock","x":1304,"y":724,"width":99,"height":250},{"type":"basicBlock","x":1398,"y":824,"width":100,"height":50},{"type":"fallingBlock","x":1524,"y":825,"width":50,"height":50},{"type":"fallingBlock","x":1624,"y":825,"width":50,"height":50},{"type":"fallingBlock","x":1674,"y":825,"width":50,"height":50},{"type":"fallingBlock","x":1724,"y":825,"width":50,"height":50},{"type":"fallingBlock","x":1824,"y":825,"width":50,"height":50},{"type":"fallingBlock","x":1774,"y":825,"width":50,"height":50},{"type":"fallingBlock","x":1574,"y":825,"width":50,"height":50},{"type":"fallingBlock","x":1474,"y":825,"width":50,"height":50},{"type":"checkpoint","x":1701,"y":270},{"type":"checkpoint","x":1731,"y":569},{"type":"ziplinePole","x":1284,"y":569},{"type":"ziplinePole","x":598,"y":771},{"type":"ziplinePole","x":598,"y":769},{"type":"ziplinePole","x":2056,"y":1030},{"type":"basicBlock","x":2137,"y":1084,"width":200,"height":50},{"type":"basicBlock","x":1304,"y":898,"width":99,"height":99},{"type":"spike30x","x":1246,"y":798,"rotation":-90},{"type":"ziplinePole","x":596,"y":1066},{"type":"ziplinePole","x":1261,"y":911},{"type":"spike10x","x":542,"y":801,"rotation":-90},{"type":"spike","x":596,"y":744,"rotation":0},{"type":"spike","x":557,"y":744,"rotation":0},{"type":"spike","x":570,"y":744,"rotation":0},{"type":"spike","x":583,"y":744,"rotation":0},{"type":"spike30x","x":609,"y":952,"rotation":90},{"type":"spike30x","x":542,"y":952,"rotation":-90},{"type":"spike","x":557,"y":1109,"rotation":-180},{"type":"spike","x":595,"y":1110,"rotation":-180},{"type":"spike","x":568,"y":1110,"rotation":-180},{"type":"spike","x":582,"y":1110,"rotation":-180},{"type":"bounceBlock","x":1875,"y":1225,"width":50,"height":50},{"type":"buzzsaw","x":1170,"y":713,"width":101},{"type":"buzzsaw","x":681,"y":903,"width":101},{"type":"buzzsaw","x":795,"y":899,"width":101},{"type":"buzzsaw","x":1056,"y":715,"width":101},{"type":"basicBlock","x":1348,"y":1046,"width":10,"height":200},{"type":"basicBlock","x":1260,"y":1046,"width":10,"height":200},{"type":"spike30x","x":1246,"y":992,"rotation":-90},{"type":"spike30x","x":1362,"y":991,"rotation":90},{"type":"fallingBlock","x":1300,"y":1225,"width":100,"height":50},{"type":"fallingBlock","x":1775,"y":1276,"width":50,"height":50},{"type":"fallingBlock","x":1225,"y":1225,"width":50,"height":50},{"type":"fallingBlock","x":1675,"y":1225,"width":50,"height":50},{"type":"fallingBlock","x":1575,"y":1275,"width":50,"height":50},{"type":"fallingBlock","x":1475,"y":1225,"width":50,"height":50},{"type":"fallingBlock","x":1375,"y":1225,"width":50,"height":50},{"type":"fallingBlock","x":824,"y":1225,"width":50,"height":50},{"type":"fallingBlock","x":926,"y":1274,"width":50,"height":50},{"type":"fallingBlock","x":1024,"y":1225,"width":50,"height":50},{"type":"fallingBlock","x":1125,"y":1275,"width":50,"height":50},{"type":"basicBlock","x":702,"y":1224,"width":99,"height":50},{"type":"checkpoint","x":708,"y":1170},{"type":"buzzsawOnStick","x":1307,"y":917,"rotation":416},{"type":"classicLaser","x":924,"y":1093},{"type":"classicLaser","x":1129,"y":1074},{"type":"classicLaser","x":1564,"y":1068},{"type":"buzzsawVerticalUp","x":916,"y":730},{"type":"buzzsawVerticalUp","x":924,"y":887},{"type":"circularCannon","x":2287,"y":483},{"type":"fallingBlock","x":2775,"y":-76,"width":50,"height":50},{"type":"fallingBlock","x":2825,"y":-76,"width":50,"height":50},{"type":"fallingBlock","x":2875,"y":-76,"width":50,"height":50},{"type":"fallingBlock","x":2176,"y":125,"width":50,"height":50},{"type":"fallingBlock","x":2226,"y":125,"width":50,"height":50},{"type":"fallingBlock","x":2275,"y":125,"width":50,"height":50},{"type":"fallingBlock","x":2475,"y":25,"width":50,"height":50},{"type":"fallingBlock","x":2524,"y":25,"width":50,"height":50},{"type":"fallingBlock","x":2574,"y":26,"width":50,"height":50},{"type":"basicBlock","x":3127,"y":-176,"width":150,"height":50},{"type":"laserPoint","x":1939,"y":178},{"type":"laserPoint","x":2683,"y":177},{"type":"hazardStrips","x":2676,"y":100},{"type":"circularCannon","x":2585,"y":354},{"type":"circularCannon","x":2896,"y":514},{"type":"laserPoint","x":2679,"y":120},{"type":"laserPoint","x":3117,"y":115},{"type":"hazardStrips","x":3119,"y":72},{"type":"hazardStrips","x":1940,"y":89},{"type":"pole","x":3128,"y":381},{"type":"pole","x":3129,"y":329},{"type":"pole","x":3274,"y":324},{"type":"pole","x":3382,"y":276},{"type":"pole","x":3477,"y":220},{"type":"pole","x":3368,"y":175},{"type":"pole","x":3275,"y":378},{"type":"basicBlock","x":3124,"y":121,"width":10,"height":99},{"type":"basicBlock","x":2681,"y":150,"width":10,"height":99},{"type":"buzzsaw","x":3130,"y":548,"width":101},{"type":"buzzsaw","x":2610,"y":530,"width":101},{"type":"buzzsaw","x":2863,"y":249,"width":101},{"type":"buzzsaw","x":2291,"y":268,"width":101},{"type":"classicLaser","x":2682,"y":-191},{"type":"classicLaser","x":2375,"y":-91},{"type":"classicLaser","x":2122,"y":-13},{"type":"bouncingBuzzsaw","x":1474,"y":174,"width":50},{"type":"bouncingBuzzsaw","x":1278,"y":174,"width":50},{"type":"bouncingBuzzsaw","x":778,"y":172,"width":50},{"type":"bouncingBuzzsaw","x":971,"y":173,"width":50},{"type":"buzzsawOnStick","x":2070,"y":1085,"rotation":160},{"type":"buzzsawHorizontalFast","x":397,"y":551},{"type":"buzzsawHorizontalFast","x":396,"y":750},{"type":"buzzsawOnStick","x":1102,"y":-416,"rotation":144},{"type":"classicLaser","x":968,"y":-488},{"type":"classicLaser","x":500,"y":-441},{"type":"bouncingBuzzsaw","x":1726,"y":-326,"width":50},{"type":"shurikanSpawner","x":1767,"y":98,"rotation":90},{"type":"spawnPoint","x":1623,"y":568}]