[{"type":"basicBlock","x":-1151,"y":-351,"width":300,"height":99},{"type":"sparkBlock","x":-849,"y":-350,"width":100,"height":100},{"type":"textFade","x":-1146,"y":-350,"rotation":0,"textNum":35},{"type":"basicBlock","x":-1349,"y":-565,"width":300,"height":330},{"type":"sparkBlock","x":-624,"y":-351,"width":100,"height":100},{"type":"sparkBlock","x":-455,"y":-499,"width":100,"height":100},{"type":"sparkBlock","x":-850,"y":-550,"width":100,"height":100},{"type":"basicBlock","x":-1049,"y":-551,"width":99,"height":99},{"type":"checkpoint","x":-1309,"y":-763},{"type":"textFade","x":-1383,"y":-661,"rotation":0,"textNum":37},{"type":"swimmingPool","x":-1799,"y":-550,"width":600,"height":200},{"type":"sparkBlock","x":-1651,"y":-698,"width":100,"height":100},{"type":"sparkBlock","x":-1900,"y":-698,"width":100,"height":100},{"type":"star","x":-1900,"y":-609},{"type":"basicBlock","x":-1873,"y":-425,"width":750,"height":50},{"type":"basicBlock","x":-2173,"y":-562,"width":150,"height":240},{"type":"elevatorGeneratorUp","x":-2173,"y":-704},{"type":"spike10x","x":-2194,"y":-743,"rotation":0},{"type":"spike10x","x":-2150,"y":-743,"rotation":0},{"type":"elevatorEliminator","x":-2174,"y":-1280},{"type":"spike10x","x":-2195,"y":-1242,"rotation":-180},{"type":"spike10x","x":-2152,"y":-1242,"rotation":-180},{"type":"ziplinePole","x":-2103,"y":-1292},{"type":"ziplinePole","x":-868,"y":-1074},{"type":"basicBlock","x":-825,"y":-1247,"width":99,"height":500},{"type":"pole","x":-1979,"y":-1169},{"type":"pole","x":-1826,"y":-1223},{"type":"fallingBlock","x":-1075,"y":-875,"width":50,"height":50},{"type":"fallingBlock","x":-1025,"y":-875,"width":50,"height":50},{"type":"fallingBlock","x":-975,"y":-875,"width":50,"height":50},{"type":"fallingBlock","x":-925,"y":-875,"width":50,"height":50},{"type":"fallingBlock","x":-875,"y":-875,"width":50,"height":50},{"type":"fallingBlock","x":-825,"y":-875,"width":50,"height":50},{"type":"basicBlock","x":-750,"y":-851,"width":99,"height":99},{"type":"checkpoint","x":-750,"y":-927},{"type":"basicBlock","x":-652,"y":-1016,"width":99,"height":430},{"type":"swimmingPool","x":-448,"y":-1025,"width":350,"height":250},{"type":"basicBlock","x":-409,"y":-851,"width":420,"height":100},{"type":"basicBlock","x":-248,"y":-1065,"width":99,"height":330},{"type":"sparkBlock","x":-652,"y":-851,"width":100,"height":100},{"type":"basicBlock","x":-451,"y":-1350,"width":99,"height":400},{"type":"basicBlock","x":-600,"y":-1500,"width":200,"height":99},{"type":"portal","x":-445,"y":-1587},{"type":"portal","x":649,"y":-275},{"type":"checkpoint","x":-625,"y":-1589},{"type":"elevatorGeneratorDown","x":26,"y":-1520},{"type":"elevatorEliminator","x":23,"y":-174},{"type":"spike10x","x":1,"y":-210,"rotation":0},{"type":"spike10x","x":45,"y":-210,"rotation":0},{"type":"quadrantRight","x":-55,"y":-1177,"rotation":0,"width":180},{"type":"quadrantRight","x":108,"y":-914,"rotation":0,"width":180},{"type":"quadrantRight","x":-54,"y":-583,"rotation":0,"width":180},{"type":"bounceBlock","x":-1155,"y":172,"width":50,"height":50},{"type":"finishPortal","x":-1149,"y":-257},{"type":"basicBlock","x":-1252,"y":-104,"width":99,"height":400},{"type":"basicBlock","x":-1050,"y":-104,"width":99,"height":400},{"type":"spike30x","x":-994,"y":-233,"rotation":90},{"type":"spike30x","x":-997,"y":-50,"rotation":90},{"type":"speedBlockLeft","x":-1051,"y":-1499,"width":700,"height":100},{"type":"speedBlockLeft","x":-1803,"y":-1501,"width":500,"height":100},{"type":"circularCannon","x":-2154,"y":-1666},{"type":"fallingBlock","x":-1824,"y":-226,"width":50,"height":50},{"type":"basicBlock","x":-1249,"y":325,"width":99,"height":250},{"type":"circularCannon","x":-1788,"y":-1802},{"type":"circularCannon","x":-1372,"y":-1829},{"type":"circularCannon","x":-923,"y":-1847},{"type":"basicBlock","x":-533,"y":-1775,"width":250,"height":50},{"type":"basicBlock","x":-2147,"y":-199,"width":200,"height":99},{"type":"fallingBlock","x":-2022,"y":-223,"width":50,"height":50},{"type":"fallingBlock","x":-1725,"y":326,"width":50,"height":50},{"type":"fallingBlock","x":-1625,"y":-224,"width":50,"height":50},{"type":"fallingBlock","x":-1476,"y":-74,"width":50,"height":50},{"type":"fallingBlock","x":-1525,"y":326,"width":50,"height":50},{"type":"fallingBlock","x":-1777,"y":125,"width":50,"height":50},{"type":"fallingBlock","x":-1323,"y":274,"width":50,"height":50},{"type":"fallingBlock","x":-1627,"y":-74,"width":50,"height":50},{"type":"fallingBlock","x":-1876,"y":223,"width":50,"height":50},{"type":"iceBlock","x":349,"y":-189,"width":500,"height":100},{"type":"basicBlock","x":648,"y":-190,"width":99,"height":99},{"type":"quadrantRight","x":252,"y":-350,"rotation":0,"width":180},{"type":"quadrantRight","x":535,"y":-346,"rotation":0,"width":180},{"type":"buzzsaw","x":-1472,"y":-1517,"width":101},{"type":"shurikanDispenser","x":-1971,"y":-1925},{"type":"shurikanDispenser","x":-1569,"y":-2014},{"type":"shurikanDispenser","x":-1082,"y":-2028},{"type":"spike30x","x":-1309,"y":-253,"rotation":-90},{"type":"spike30x","x":-1309,"y":-58,"rotation":-90},{"type":"buzzsawOnStick","x":-1270,"y":-85,"rotation":336},{"type":"buzzsawOnStick","x":-1057,"y":-1506,"rotation":336},{"type":"buzzsawOnStick","x":-1845,"y":-1503,"rotation":336},{"type":"bouncingBuzzsaw","x":-1665,"y":-1684,"width":50},{"type":"bouncingBuzzsaw","x":-1218,"y":-1674,"width":50},{"type":"portal","x":-437,"y":-1847},{"type":"portal","x":-2195,"y":-294},{"type":"spike30x","x":-2256,"y":-558,"rotation":-90},{"type":"spike10x","x":-2255,"y":-199,"rotation":-90},{"type":"classicLaser","x":-1708,"y":-316},{"type":"classicLaser","x":-1996,"y":42},{"type":"classicLaser","x":-1582,"y":131},{"type":"classicLaser","x":-1440,"y":-234},{"type":"classicLaser","x":-1857,"y":334},{"type":"spike","x":-1107,"y":-578,"rotation":-90},{"type":"spike","x":-1106,"y":-554,"rotation":-90},{"type":"spike","x":-1105,"y":-533,"rotation":-90},{"type":"textFade","x":-1069,"y":-668,"rotation":-150,"textNum":15},{"type":"textFade","x":-842,"y":-450,"rotation":0,"textNum":15},{"type":"textFade","x":-2080,"y":-770,"rotation":-90,"textNum":15},{"type":"textFade","x":-2046,"y":-1071,"rotation":-45,"textNum":15},{"type":"textFade","x":-1635,"y":-1269,"rotation":15,"textNum":15},{"type":"textFade","x":-170,"y":-1232,"rotation":45,"textNum":15},{"type":"textFade","x":153,"y":-310,"rotation":0,"textNum":15},{"type":"textFade","x":-548,"y":-1208,"rotation":90,"textNum":15},{"type":"textFade","x":-798,"y":-1607,"rotation":-180,"textNum":15},{"type":"textFade","x":-1969,"y":-1729,"rotation":-30,"textNum":15},{"type":"textFade","x":-762,"y":-1843,"rotation":0,"textNum":15},{"type":"checkpoint","x":-2103,"y":-282},{"type":"textFade","x":-1935,"y":-237,"rotation":35,"textNum":15},{"type":"textFade","x":-1332,"y":194,"rotation":-35,"textNum":15},{"type":"checkpoint","x":-244,"y":-1245},{"type":"spike30x","x":-883,"y":-1143,"rotation":-90},{"type":"spike30x","x":-883,"y":-1283,"rotation":-90},{"type":"pole","x":-2035,"y":-818},{"type":"basicBlock","x":-631,"y":-550,"width":99,"height":99},{"type":"spawnPoint","x":-1128,"y":-411}]