[{"type":"basicBlock","x":845,"y":606,"width":500,"height":99},{"type":"elevatorGeneratorUp","x":1166,"y":625},{"type":"elevatorEliminator","x":1166,"y":6},{"type":"basicBlock","x":1487,"y":299,"width":150,"height":99},{"type":"swimmingPool","x":1994,"y":445,"width":600,"height":300},{"type":"checkpoint","x":1689,"y":192},{"type":"basicBlock","x":2097,"y":215,"width":99,"height":400},{"type":"basicBlock","x":1679,"y":430,"width":99,"height":420},{"type":"basicBlock","x":2002,"y":591,"width":550,"height":99},{"type":"basicBlock","x":2303,"y":522,"width":99,"height":600},{"type":"buzzsaw","x":2123,"y":542,"width":101},{"type":"buzzsaw","x":2097,"y":403,"width":101},{"type":"elevatorEliminator","x":2459,"y":1066},{"type":"buzzsaw","x":2455,"y":343,"width":101},{"type":"buzzsaw","x":2457,"y":616,"width":101},{"type":"basicBlock","x":2179,"y":-4,"width":400,"height":99},{"type":"basicBlock","x":2039,"y":1045,"width":600,"height":99},{"type":"checkpoint","x":2282,"y":962},{"type":"pushBlock","x":2109,"y":951,"width":90,"height":90},{"type":"basicBlock","x":1579,"y":955,"width":350,"height":280},{"type":"basicBlock","x":1196,"y":1045,"width":500,"height":99},{"type":"pushBlock","x":1369,"y":963,"width":70,"height":70},{"type":"basicBlock","x":1285,"y":585,"width":99,"height":680},{"type":"basicBlock","x":645,"y":207,"width":99,"height":700},{"type":"basicBlock","x":3754,"y":748,"width":99,"height":500},{"type":"basicBlock","x":4256,"y":1029,"width":800,"height":99},{"type":"basicBlock","x":3923,"y":977,"width":250,"height":99},{"type":"basicBlock","x":3918,"y":562,"width":99,"height":500},{"type":"basicBlock","x":4104,"y":958,"width":200,"height":200},{"type":"basicBlock","x":4409,"y":790,"width":250,"height":150},{"type":"buzzsaw","x":3804,"y":930,"width":101},{"type":"buzzsaw","x":4206,"y":984,"width":101},{"type":"buzzsaw","x":4637,"y":981,"width":101},{"type":"buzzsaw","x":4116,"y":748,"width":101},{"type":"buzzsaw","x":4403,"y":858,"width":101},{"type":"checkpoint","x":3760,"y":472},{"type":"textFade","x":1452,"y":1049,"rotation":0,"textNum":22},{"type":"spike30x","x":1154,"y":589,"rotation":0},{"type":"spike30x","x":2526,"y":15,"rotation":-180},{"type":"textFade","x":2107,"y":1038,"rotation":0,"textNum":21},{"type":"star","x":1494,"y":371},{"type":"spike10x","x":1145,"y":43,"rotation":-180},{"type":"spike10x","x":1189,"y":43,"rotation":-180},{"type":"textFade","x":1884,"y":399,"rotation":0,"textNum":20},{"type":"textFade","x":1325,"y":219,"rotation":0,"textNum":15},{"type":"textFade","x":1846,"y":220,"rotation":90,"textNum":15},{"type":"textFade","x":2520,"y":154,"rotation":90,"textNum":15},{"type":"textFade","x":2268,"y":920,"rotation":-180,"textNum":15},{"type":"basicBlock","x":673,"y":854,"width":300,"height":50},{"type":"elevatorGeneratorUp","x":875,"y":1126},{"type":"elevatorEliminator","x":860,"y":624},{"type":"bounceBlock","x":1439,"y":698,"width":50,"height":50},{"type":"spike10x","x":1341,"y":341,"rotation":90},{"type":"spike10x","x":1624,"y":346,"rotation":-90},{"type":"spike10x","x":899,"y":1089,"rotation":0},{"type":"spike10x","x":855,"y":1090,"rotation":0},{"type":"basicBlock","x":475,"y":779,"width":99,"height":200},{"type":"shurikanSpawner","x":1567,"y":701,"rotation":90},{"type":"finishPortal","x":1189,"y":-52},{"type":"ziplinePole","x":663,"y":-173},{"type":"ziplinePole","x":1119,"y":-57},{"type":"verticalUpBlock","x":325,"y":577,"width":50,"height":50},{"type":"verticalUpBlock","x":-75,"y":377,"width":50,"height":50},{"type":"verticalUpBlock","x":325,"y":177,"width":50,"height":50},{"type":"checkpoint","x":474,"y":649},{"type":"horizontalBlockFast","x":127,"y":475,"width":50,"height":50},{"type":"horizontalBlockFast","x":127,"y":275,"width":50,"height":50},{"type":"verticalDownBlock","x":474,"y":72,"width":50,"height":50},{"type":"classicLaser","x":651,"y":-317},{"type":"spike10x","x":1340,"y":426,"rotation":90},{"type":"spike10x","x":1624,"y":433,"rotation":-90},{"type":"textFade","x":1372,"y":769,"rotation":90,"textNum":15},{"type":"textFade","x":1004,"y":842,"rotation":-135,"textNum":15},{"type":"textFade","x":257,"y":615,"rotation":-90,"textNum":15},{"type":"textFade","x":405,"y":129,"rotation":-90,"textNum":15},{"type":"classicLaser","x":904,"y":-338},{"type":"buzzsawOnStick","x":1289,"y":344,"rotation":328},{"type":"buzzsaw","x":1739,"y":541,"width":101},{"type":"buzzsaw","x":2213,"y":542,"width":101},{"type":"buzzsaw","x":2262,"y":440,"width":101},{"type":"buzzsaw","x":1837,"y":539,"width":101},{"type":"buzzsaw","x":1932,"y":539,"width":101},{"type":"buzzsaw","x":2030,"y":539,"width":101},{"type":"bouncingBuzzsaw","x":1486,"y":75,"width":101},{"type":"shurikanDispenser","x":1593,"y":275},{"type":"elevatorGeneratorUp","x":2608,"y":1066},{"type":"elevatorEliminator","x":2601,"y":-23},{"type":"buzzsaw","x":2610,"y":106,"width":101},{"type":"elevatorGeneratorDown","x":2451,"y":-23},{"type":"spike30x","x":2535,"y":1028,"rotation":0},{"type":"spike30x","x":2359,"y":389,"rotation":90},{"type":"spike30x","x":2357,"y":668,"rotation":90},{"type":"buzzsaw","x":2605,"y":872,"width":101},{"type":"buzzsaw","x":2603,"y":530,"width":101},{"type":"buzzsaw","x":2451,"y":970,"width":101},{"type":"buzzsaw","x":2348,"y":443,"width":101},{"type":"buzzsaw","x":2348,"y":760,"width":101},{"type":"buzzsawOnStick","x":2004,"y":1044,"rotation":296},{"type":"buzzsawOnStick","x":1696,"y":847,"rotation":296},{"type":"buzzsaw","x":923,"y":-132,"width":50},{"type":"spike30x","x":1343,"y":512,"rotation":90},{"type":"shurikanDispenser","x":274,"y":123},{"type":"spike10x","x":1623,"y":530,"rotation":-90},{"type":"spike10x","x":1623,"y":585,"rotation":-90},{"type":"spike10x","x":1341,"y":841,"rotation":90},{"type":"basicBlock","x":-200,"y":-50,"width":99,"height":500},{"type":"basicBlock","x":-201,"y":555,"width":99,"height":300},{"type":"spike30x","x":-143,"y":553,"rotation":90},{"type":"spike10x","x":-201,"y":397,"rotation":0},{"type":"spike10x","x":-199,"y":713,"rotation":-180},{"type":"spike10x","x":-199,"y":205,"rotation":-180},{"type":"spike10x","x":-201,"y":-306,"rotation":0},{"type":"spike30x","x":-142,"y":-150,"rotation":90},{"type":"spike30x","x":-144,"y":55,"rotation":90},{"type":"basicBlock","x":99,"y":627,"width":99,"height":99},{"type":"spike10x","x":99,"y":569,"rotation":0},{"type":"spike10x","x":157,"y":625,"rotation":90},{"type":"spike10x","x":99,"y":685,"rotation":-180},{"type":"spike10x","x":41,"y":627,"rotation":-90},{"type":"basicBlock","x":72,"y":41,"width":99,"height":99},{"type":"spike10x","x":71,"y":99,"rotation":-180},{"type":"spike10x","x":14,"y":42,"rotation":-90},{"type":"spike10x","x":130,"y":42,"rotation":90},{"type":"spike10x","x":74,"y":-17,"rotation":0},{"type":"shurikanSpawner","x":1125,"y":870,"rotation":90},{"type":"spawnPoint","x":743,"y":528}]