[{"type":"basicBlock","x":501,"y":674,"width":400,"height":50},{"type":"invisBlock","x":751,"y":699,"width":100,"height":100},{"type":"invisBlock","x":951,"y":699,"width":100,"height":100},{"type":"invisBlockUp","x":1150,"y":600,"width":100,"height":100},{"type":"basicBlock","x":850,"y":500,"width":500,"height":99},{"type":"basicBlock","x":-224,"y":727,"width":250,"height":150},{"type":"ziplinePole","x":612,"y":418},{"type":"ziplinePole","x":-148,"y":626},{"type":"invisBlock","x":851,"y":699,"width":100,"height":100},{"type":"swimmingPool","x":-51,"y":1100,"width":1000,"height":500},{"type":"basicBlock","x":676,"y":769,"width":50,"height":160},{"type":"basicBlock","x":1799,"y":801,"width":99,"height":99},{"type":"hazardStrips","x":691,"y":748},{"type":"hazardStrips","x":1750,"y":752},{"type":"laserPoint","x":671,"y":795},{"type":"laserPoint","x":1785,"y":795},{"type":"basicBlock","x":-599,"y":850,"width":99,"height":1000},{"type":"textFade","x":-386,"y":1298,"rotation":0,"textNum":34},{"type":"basicBlock","x":499,"y":1060,"width":99,"height":580},{"type":"basicBlock","x":-51,"y":1399,"width":1200,"height":99},{"type":"basicBlock","x":-350.8566552901025,"y":951.8020477815701,"width":99,"height":600},{"type":"basicBlock","x":-254,"y":1201,"width":99,"height":99},{"type":"breatheBlaster","x":-512,"y":1319,"rotation":0},{"type":"basicBlock","x":-49,"y":1200,"width":99,"height":300},{"type":"basicBlock","x":-99,"y":1004,"width":200,"height":99},{"type":"basicBlock","x":164,"y":931,"width":99,"height":250},{"type":"basicBlock","x":198,"y":1198,"width":400,"height":99},{"type":"basicBlock","x":349,"y":1100,"width":99,"height":99},{"type":"breatheBlaster","x":47,"y":1122,"rotation":-90},{"type":"basicBlock","x":21,"y":825,"width":660,"height":50},{"type":"basicBlock","x":326,"y":760,"width":50,"height":180},{"type":"spike30x","x":155,"y":791,"rotation":0},{"type":"spike30x","x":-137,"y":791,"rotation":0},{"type":"spike10x","x":-90,"y":712,"rotation":90},{"type":"spike10x","x":294,"y":712,"rotation":-90},{"type":"checkpoint","x":-333,"y":617},{"type":"checkpoint","x":514,"y":749},{"type":"buzzsawHorizontalFast","x":-480,"y":1130},{"type":"buzzsawHorizontalFast","x":52,"y":1007},{"type":"buzzsawVerticalDown","x":189,"y":1299},{"type":"buzzsawOnStick","x":492,"y":1098,"rotation":552},{"type":"buzzsawHorizontalFast","x":341,"y":904},{"type":"buzzsawOnStick","x":-232,"y":809,"rotation":552},{"type":"basicBlock","x":697,"y":1000,"width":300,"height":99},{"type":"invisBlock","x":897,"y":1001,"width":100,"height":100},{"type":"invisBlock","x":1103,"y":948,"width":100,"height":100},{"type":"invisBlock","x":1301,"y":1000,"width":100,"height":100},{"type":"invisBlock","x":1499,"y":1000,"width":100,"height":100},{"type":"glassBlock","x":1799,"y":1001,"width":100,"height":100},{"type":"basicBlock","x":1698,"y":1251,"width":99,"height":600},{"type":"basicBlock","x":1897,"y":1051,"width":99,"height":600},{"type":"invisBlock","x":1798,"y":1501,"width":100,"height":100},{"type":"fallingBlock","x":2000,"y":1500,"width":100,"height":100},{"type":"fallingBlock","x":1400,"y":1625,"width":100,"height":50},{"type":"fallingBlock","x":1250,"y":1401,"width":100,"height":100},{"type":"basicBlock","x":720,"y":1277,"width":350,"height":50},{"type":"basicBlock","x":500,"y":1496,"width":99,"height":99},{"type":"basicBlock","x":721,"y":1520,"width":350,"height":50},{"type":"spike30x","x":748,"y":1310,"rotation":-180},{"type":"spike30x","x":749,"y":1486,"rotation":0},{"type":"spike10x","x":554,"y":1486,"rotation":0},{"type":"spike10x","x":553,"y":1310,"rotation":-180},{"type":"finishPortal","x":587,"y":1399},{"type":"pole","x":717,"y":1399},{"type":"pole","x":935,"y":1401},{"type":"fallingBlock","x":1050,"y":1450,"width":100,"height":100},{"type":"star","x":45,"y":1301},{"type":"spike30x","x":748,"y":1244,"rotation":0},{"type":"spike10x","x":553,"y":1243,"rotation":0},{"type":"spike","x":901,"y":1261,"rotation":90},{"type":"spike","x":901,"y":1275,"rotation":90},{"type":"spike","x":901,"y":1288,"rotation":90},{"type":"spike","x":901,"y":1505,"rotation":90},{"type":"spike","x":902,"y":1521,"rotation":90},{"type":"spike","x":903,"y":1535,"rotation":90},{"type":"classicLaser","x":1005,"y":805},{"type":"classicLaser","x":1399,"y":800},{"type":"glassBlock","x":1798,"y":1150,"width":100,"height":100},{"type":"glassBlock","x":1798,"y":1300,"width":100,"height":100},{"type":"buzzsawHorizontalFast","x":1797,"y":1073},{"type":"buzzsawHorizontalFast","x":1799,"y":1224},{"type":"classicLaser","x":1458,"y":1247},{"type":"classicLaser","x":1076,"y":1230},{"type":"hazardStrips","x":539,"y":1102},{"type":"hazardStrips","x":1649,"y":1100},{"type":"laserPoint","x":536,"y":1149},{"type":"laserPoint","x":1663,"y":1147},{"type":"checkpoint","x":1679,"y":920},{"type":"textFade","x":476,"y":567,"rotation":0,"textNum":5},{"type":"textFade","x":1224,"y":640,"rotation":-90,"textNum":5},{"type":"textFade","x":755,"y":379,"rotation":-180,"textNum":5},{"type":"textFade","x":-463,"y":561,"rotation":90,"textNum":5},{"type":"textFade","x":876,"y":902,"rotation":0,"textNum":5},{"type":"textFade","x":2157,"y":1763,"rotation":-180,"textNum":5},{"type":"textFade","x":1805,"y":875,"rotation":90,"textNum":5},{"type":"invisBlockDown","x":2200,"y":1600,"width":100,"height":100},{"type":"basicBlock","x":2351,"y":1597,"width":99,"height":600},{"type":"spike30x","x":2293,"y":1447,"rotation":-90},{"type":"spike30x","x":2293,"y":1744,"rotation":-90},{"type":"circularCannon","x":2007,"y":1756},{"type":"basicBlock","x":1873,"y":1575,"width":450,"height":50},{"type":"spike30x","x":1953,"y":1542,"rotation":0},{"type":"spike10x","x":1756,"y":1541,"rotation":0},{"type":"invisBlock","x":1649,"y":1850,"width":100,"height":100},{"type":"invisBlock","x":1549,"y":1850,"width":100,"height":100},{"type":"buzzsawOnStick","x":852,"y":477,"rotation":360},{"type":"invisBlock","x":1450,"y":1850,"width":100,"height":100},{"type":"invisBlock","x":1350,"y":1851,"width":100,"height":100},{"type":"spike10x","x":1351,"y":1793,"rotation":0},{"type":"verticalUpBlock","x":1250,"y":1750,"width":100,"height":100},{"type":"invisBlock","x":1599,"y":1550,"width":100,"height":100},{"type":"fallingBlock","x":1449,"y":1450,"width":100,"height":100},{"type":"checkpoint","x":1661,"y":1766},{"type":"textFade","x":1838,"y":1398,"rotation":0,"textNum":5},{"type":"textFade","x":2202,"y":1496,"rotation":90,"textNum":5},{"type":"solarBlock","x":650,"y":598,"width":100,"height":100},{"type":"lightSwitch","x":556,"y":602},{"type":"solarBlock","x":-475,"y":677,"width":150,"height":50},{"type":"lightSwitch","x":-517,"y":603},{"type":"solarBlock","x":706,"y":899,"width":100,"height":100},{"type":"lightSwitch","x":598,"y":901},{"type":"solarBlock","x":1799,"y":900,"width":100,"height":100},{"type":"lightSwitch","x":1729,"y":883},{"type":"solarBlock","x":1574,"y":1750,"width":50,"height":100},{"type":"solarBlock","x":1574,"y":1647,"width":50,"height":100},{"type":"lightSwitch","x":1621,"y":1725},{"type":"buzzsawOnStick","x":-601,"y":778,"rotation":264},{"type":"buzzsaw","x":183,"y":510,"width":101},{"type":"buzzsawVerticalDown","x":-51,"y":1006},{"type":"buzzsaw","x":1700,"y":1593,"width":101},{"type":"bouncingBuzzsaw","x":953,"y":298,"width":101},{"type":"bouncingBuzzsaw","x":750,"y":297,"width":101},{"type":"buzzsawOnStick","x":-122,"y":682,"rotation":216},{"type":"buzzsawOnStick","x":-281,"y":1199,"rotation":236},{"type":"buzzsawOnStick","x":268,"y":828,"rotation":216},{"type":"buzzsawVerticalDown","x":164,"y":1099},{"type":"buzzsawOnStick","x":1701,"y":1473,"rotation":216},{"type":"classicLaser","x":1143,"y":1587},{"type":"spawnPoint","x":429,"y":637}]