[{"type":"basicBlock","x":399,"y":500,"width":400,"height":99},{"type":"textFade","x":433,"y":322,"rotation":0,"textNum":40},{"type":"basicBlock","x":400,"y":200,"width":400,"height":99},{"type":"timedKey","x":527,"y":421},{"type":"lockBlock","x":525,"y":101,"width":100,"height":100},{"type":"basicBlock","x":594,"y":256,"width":50,"height":210},{"type":"checkpoint","x":327,"y":116},{"type":"basicBlock","x":750,"y":149,"width":99,"height":800},{"type":"buzzsaw","x":651,"y":501,"width":101},{"type":"shurikanDispenser","x":654,"y":9},{"type":"basicBlock","x":247,"y":350,"width":99,"height":400},{"type":"fallingBlock","x":148,"y":354,"width":100,"height":100},{"type":"basicBlock","x":250,"y":700,"width":100,"height":99},{"type":"basicBlock","x":50,"y":349,"width":99,"height":800},{"type":"basicBlock","x":149,"y":724,"width":150,"height":50},{"type":"spike10x","x":150,"y":690,"rotation":0},{"type":"bounceBlock","x":375,"y":725,"width":50,"height":50},{"type":"spike30x","x":442,"y":558,"rotation":-180},{"type":"bounceBlock","x":475,"y":725,"width":50,"height":50},{"type":"bounceBlock","x":575,"y":725,"width":50,"height":50},{"type":"bounceBlock","x":674,"y":725,"width":50,"height":50},{"type":"fallingBlock","x":724,"y":725,"width":50,"height":50},{"type":"fallingBlock","x":625,"y":725,"width":50,"height":50},{"type":"fallingBlock","x":325,"y":725,"width":50,"height":50},{"type":"fallingBlock","x":425,"y":725,"width":50,"height":50},{"type":"fallingBlock","x":525,"y":725,"width":50,"height":50},{"type":"solarBlock","x":275,"y":601,"width":50,"height":100},{"type":"lightSwitch","x":228,"y":582},{"type":"pole","x":817,"y":635},{"type":"elevatorGeneratorUp","x":926,"y":973},{"type":"elevatorEliminator","x":927,"y":-519},{"type":"checkpoint","x":777,"y":-286},{"type":"ziplinePole","x":724,"y":-277},{"type":"ziplinePole","x":53,"y":-85},{"type":"spike10x","x":900,"y":935,"rotation":0},{"type":"spike10x","x":953,"y":934,"rotation":0},{"type":"spike10x","x":901,"y":-481,"rotation":-180},{"type":"spike10x","x":954,"y":-481,"rotation":-180},{"type":"buzzsawOnStick","x":767,"y":-70,"rotation":440},{"type":"buzzsawOnStick","x":1057,"y":265,"rotation":424},{"type":"iceBlock","x":-397,"y":-2,"width":800,"height":100},{"type":"circularCannon","x":-946,"y":-2},{"type":"classicLaser","x":811,"y":543},{"type":"basicBlock","x":1057,"y":264,"width":50,"height":50},{"type":"basicBlock","x":602,"y":-28,"width":250,"height":50},{"type":"basicBlock","x":501,"y":-1,"width":50,"height":103},{"type":"spike30x","x":623,"y":-61,"rotation":0},{"type":"basicBlock","x":-399,"y":73,"width":800,"height":50},{"type":"spike30x","x":-652,"y":39,"rotation":0},{"type":"spike30x","x":-360,"y":40,"rotation":0},{"type":"spike30x","x":-66,"y":42,"rotation":0},{"type":"glassBlock","x":-750,"y":300,"width":100,"height":100},{"type":"glassBlock","x":-650,"y":300,"width":100,"height":100},{"type":"glassBlock","x":-550,"y":300,"width":100,"height":100},{"type":"glassBlock","x":-450,"y":300,"width":100,"height":100},{"type":"glassBlock","x":-350,"y":300,"width":100,"height":100},{"type":"buzzsawOnStick","x":-605,"y":3,"rotation":312},{"type":"sparkBlock","x":-195,"y":-105,"width":100,"height":100},{"type":"sparkBlock","x":-300,"y":-107,"width":100,"height":100},{"type":"sparkBlock","x":-406,"y":-107,"width":100,"height":100},{"type":"sparkBlock","x":-379,"y":-210,"width":100,"height":100},{"type":"sparkBlock","x":-274,"y":-212,"width":100,"height":100},{"type":"sparkBlock","x":-350,"y":-314,"width":100,"height":100},{"type":"glassBlock","x":-751,"y":500,"width":100,"height":100},{"type":"glassBlock","x":-651,"y":500,"width":100,"height":100},{"type":"glassBlock","x":-551,"y":500,"width":100,"height":100},{"type":"glassBlock","x":-451,"y":500,"width":100,"height":100},{"type":"glassBlock","x":-351,"y":500,"width":100,"height":100},{"type":"glassBlock","x":-751,"y":700,"width":100,"height":100},{"type":"glassBlock","x":-651,"y":700,"width":100,"height":100},{"type":"glassBlock","x":-551,"y":700,"width":100,"height":100},{"type":"glassBlock","x":-451,"y":700,"width":100,"height":100},{"type":"glassBlock","x":-351,"y":700,"width":100,"height":100},{"type":"basicBlock","x":-850,"y":549,"width":99,"height":600},{"type":"basicBlock","x":-228,"y":435,"width":150,"height":730},{"type":"spike30x","x":-908,"y":397,"rotation":-90},{"type":"spike30x","x":-907,"y":689,"rotation":-90},{"type":"portal","x":-41,"y":141},{"type":"portal","x":1130,"y":-590},{"type":"speedBlock","x":-99,"y":899,"width":400,"height":100},{"type":"buzzsaw","x":119,"y":799,"width":101},{"type":"buzzsaw","x":-756,"y":302,"width":101},{"type":"buzzsaw","x":-652,"y":302,"width":101},{"type":"buzzsaw","x":-555,"y":301,"width":101},{"type":"buzzsaw","x":-348,"y":302,"width":101},{"type":"buzzsaw","x":-754,"y":501,"width":101},{"type":"buzzsaw","x":-555,"y":501,"width":101},{"type":"buzzsaw","x":-449,"y":501,"width":101},{"type":"buzzsaw","x":-347,"y":503,"width":101},{"type":"buzzsaw","x":-756,"y":701,"width":101},{"type":"buzzsaw","x":-657,"y":701,"width":101},{"type":"buzzsaw","x":-552,"y":701,"width":101},{"type":"buzzsaw","x":-453,"y":701,"width":101},{"type":"buzzsawHorizontalFast","x":-446,"y":397},{"type":"buzzsawHorizontalFast","x":-349,"y":599},{"type":"buzzsawHorizontalFast","x":-655,"y":399},{"type":"basicBlock","x":-401,"y":899,"width":200,"height":99},{"type":"basicBlock","x":-452,"y":801,"width":99,"height":99},{"type":"elevatorEliminator","x":-26,"y":220},{"type":"elevatorGeneratorUp","x":-34,"y":978},{"type":"checkpoint","x":-834,"y":222},{"type":"basicBlock","x":1101,"y":-500,"width":200,"height":99},{"type":"timedKey","x":972,"y":-583},{"type":"basicBlock","x":-101,"y":-450,"width":200,"height":99},{"type":"lockBlock","x":-51,"y":-549,"width":100,"height":100},{"type":"basicBlock","x":-100,"y":-648,"width":200,"height":99},{"type":"finishPortal","x":-148,"y":-544},{"type":"ziplinePole","x":871,"y":-572},{"type":"ziplinePole","x":-10,"y":-463},{"type":"reaper","x":36,"y":452,"rotation":0,"width":176.3345864661654},{"type":"buzzsawOnStick","x":-219,"y":669,"rotation":200},{"type":"checkpoint","x":1026,"y":-581},{"type":"reaper","x":565,"y":-577,"rotation":0,"width":242.08646616541355},{"type":"textFade","x":655,"y":345,"rotation":-90,"textNum":5},{"type":"textFade","x":158,"y":143,"rotation":90,"textNum":5},{"type":"textFade","x":165,"y":612,"rotation":0,"textNum":5},{"type":"textFade","x":869,"y":644,"rotation":-90,"textNum":5},{"type":"textFade","x":827,"y":-339,"rotation":170,"textNum":5},{"type":"textFade","x":-879,"y":129,"rotation":45,"textNum":5},{"type":"textFade","x":-437,"y":173,"rotation":90,"textNum":5},{"type":"textFade","x":-83,"y":713,"rotation":-90,"textNum":5},{"type":"textFade","x":976,"y":-649,"rotation":-180,"textNum":5},{"type":"solarBlock","x":-579,"y":174,"width":150,"height":150},{"type":"lightSwitch","x":-721,"y":176},{"type":"spike10x","x":-209,"y":-449,"rotation":-90},{"type":"spike10x","x":-208,"y":-648,"rotation":-90},{"type":"star","x":1056,"y":222},{"type":"reaper","x":180,"y":-516,"rotation":0,"width":254.04135338345864},{"type":"spawnPoint","x":371,"y":400}]