[{"type":"basicBlock","x":-110,"y":29,"width":300.7,"height":100.05},{"type":"spike10x","x":186,"y":-29,"rotation":0},{"type":"basicBlock","x":900,"y":62,"width":220,"height":100.05},{"type":"textFade","x":402,"y":-391,"rotation":179.99913024902344,"textNum":15},{"type":"textFade","x":487,"y":228,"rotation":0,"textNum":15},{"type":"textFade","x":-311,"y":-262,"rotation":179.99913024902344,"textNum":16},{"type":"textFade","x":598,"y":-54,"rotation":-90.00175476074219,"textNum":17},{"type":"textFade","x":1145,"y":224,"rotation":-45,"textNum":15},{"type":"textFade","x":-978,"y":-172,"rotation":90,"textNum":15},{"type":"bounceBlock","x":-113,"y":302,"width":50,"height":50},{"type":"checkpoint","x":-188,"y":-250},{"type":"buzzsaw","x":-178,"y":76,"width":101},{"type":"basicBlock","x":735,"y":328,"width":1000,"height":100.05},{"type":"textFade","x":357.525,"y":318.475,"rotation":0,"textNum":10},{"type":"basicBlock","x":139,"y":169,"width":200,"height":380},{"type":"textFade","x":854,"y":324,"rotation":0,"textNum":11},{"type":"basicBlock","x":1250,"y":127,"width":100,"height":500},{"type":"textFade","x":-130,"y":-178,"rotation":0,"textNum":12},{"type":"checkpoint","x":957,"y":-24},{"type":"fallingBlock","x":-278,"y":-193,"width":50,"height":50},{"type":"fallingBlock","x":-328,"y":-193,"width":50,"height":50},{"type":"basicBlock","x":337,"y":575,"width":220,"height":100.05},{"type":"checkpoint","x":-222,"y":182},{"type":"textFade","x":899.0393700787401,"y":58.45669291338578,"rotation":0,"textNum":14},{"type":"bounceBlock","x":716,"y":44,"width":50,"height":50},{"type":"basicBlock","x":589,"y":-110,"width":100,"height":450},{"type":"basicBlock","x":-791,"y":43,"width":100,"height":100.05},{"type":"bounceBlock","x":-162,"y":302,"width":50,"height":50},{"type":"basicBlock","x":-812,"y":-168,"width":217.6,"height":100.05},{"type":"ziplinePole","x":587,"y":-361},{"type":"ziplinePole","x":-41,"y":-245},{"type":"buzzsawVerticalUp","x":-510,"y":-300},{"type":"textFade","x":393,"y":-431,"rotation":0,"textNum":18},{"type":"basicBlock","x":-269,"y":383,"width":171,"height":350},{"type":"textFade","x":-812,"y":-178,"rotation":0,"textNum":41},{"type":"fallingBlock","x":-378,"y":-193,"width":50,"height":50},{"type":"fallingBlock","x":-428,"y":-193,"width":50,"height":50},{"type":"fallingBlock","x":-478,"y":-193,"width":50,"height":50},{"type":"fallingBlock","x":-528,"y":-193,"width":50,"height":50},{"type":"fallingBlock","x":-578,"y":-193,"width":50,"height":50},{"type":"fallingBlock","x":-628,"y":-193,"width":50,"height":50},{"type":"fallingBlock","x":-678,"y":-193,"width":50,"height":50},{"type":"spike","x":466,"y":270,"rotation":0},{"type":"spike","x":478,"y":270,"rotation":0},{"type":"spike","x":490,"y":270,"rotation":0},{"type":"spike10x","x":675,"y":270,"rotation":0},{"type":"buzzsaw","x":961,"y":216,"width":101},{"type":"basicBlock","x":1059,"y":161,"width":99,"height":99},{"type":"textFade","x":1151,"y":129,"rotation":-135,"textNum":15},{"type":"buzzsawOnStick","x":334,"y":-267,"rotation":128},{"type":"buzzsaw","x":786,"y":67,"width":101},{"type":"buzzsaw","x":643,"y":70,"width":101},{"type":"bounceBlock","x":332,"y":9,"width":50,"height":50},{"type":"star","x":332,"y":-47},{"type":"basicBlock","x":-104,"y":-168,"width":300,"height":100},{"type":"spike10x","x":110,"y":-28,"rotation":0},{"type":"ziplinePole","x":-763,"y":-39},{"type":"ziplinePole","x":-267,"y":181},{"type":"buzzsaw","x":-91,"y":78,"width":101},{"type":"buzzsaw","x":-2,"y":78,"width":101},{"type":"bounceBlock","x":14,"y":301,"width":50,"height":50},{"type":"buzzsawOnStick","x":-656,"y":92,"rotation":128},{"type":"buzzsawOnStick","x":-364,"y":-29,"rotation":128},{"type":"horizontalBlock","x":-22,"y":549,"width":100,"height":50},{"type":"finishPortal","x":356,"y":491},{"type":"spike10x","x":-176,"y":508,"rotation":90},{"type":"spike10x","x":192,"y":367,"rotation":-180},{"type":"bounceBlock","x":178,"y":550,"width":100,"height":50},{"type":"spike10x","x":97,"y":367,"rotation":-180},{"type":"buzzsaw","x":-654,"y":-138,"width":101},{"type":"buzzsaw","x":-543,"y":-133,"width":101},{"type":"buzzsaw","x":-288,"y":-136,"width":101},{"type":"spike10x","x":286.97123519458546,"y":385.5160744500846,"rotation":-180},{"type":"bounceBlock","x":-977,"y":275,"width":50,"height":50},{"type":"spike10x","x":-159,"y":-27,"rotation":0},{"type":"spawnPoint","x":349.85,"y":260.45}]