[{"type":"pushBlock","x":176,"y":425,"width":50,"height":50},{"type":"buzzsawOnStick","x":351,"y":508,"rotation":776},{"type":"basicBlock","x":277,"y":500,"width":450,"height":99},{"type":"basicBlock","x":426,"y":650,"width":350,"height":99},{"type":"basicBlock","x":650,"y":450,"width":99,"height":500},{"type":"basicBlock","x":100,"y":698,"width":99,"height":300},{"type":"basicBlock","x":546,"y":799,"width":800,"height":99},{"type":"basicBlock","x":896,"y":665,"width":99,"height":170},{"type":"checkpoint","x":901,"y":551},{"type":"basicBlock","x":3,"y":373,"width":99,"height":350},{"type":"fallingBlock","x":526,"y":225,"width":50,"height":50},{"type":"fallingBlock","x":373,"y":226,"width":50,"height":50},{"type":"fallingBlock","x":226,"y":224,"width":50,"height":50},{"type":"fallingBlock","x":77,"y":224,"width":50,"height":50},{"type":"fallingBlock","x":278,"y":73,"width":50,"height":50},{"type":"fallingBlock","x":426,"y":75,"width":50,"height":50},{"type":"fallingBlock","x":576,"y":75,"width":50,"height":50},{"type":"bounceBlock","x":-23,"y":172,"width":50,"height":50},{"type":"buzzsawVerticalUp","x":525,"y":772},{"type":"elevatorGeneratorUp","x":702,"y":620},{"type":"elevatorEliminator","x":701,"y":72},{"type":"spike10x","x":726,"y":110,"rotation":-180},{"type":"spike10x","x":726,"y":583,"rotation":0},{"type":"spike10x","x":674,"y":110,"rotation":-180},{"type":"checkpoint","x":702,"y":9},{"type":"sparkBlock","x":900,"y":100,"width":100,"height":100},{"type":"sparkBlock","x":1051,"y":102,"width":100,"height":100},{"type":"buzzsawOnStick","x":898,"y":102,"rotation":336},{"type":"classicLaser","x":172,"y":-131},{"type":"classicLaser","x":318,"y":-129},{"type":"classicLaser","x":477,"y":-126},{"type":"buzzsawOnStick","x":-22,"y":226,"rotation":696},{"type":"circularCannon","x":1280,"y":107},{"type":"circularCannon","x":977,"y":-227},{"type":"buzzsawOnStick","x":1282,"y":111,"rotation":696},{"type":"timedKey","x":680,"y":-293},{"type":"speedBlock","x":374,"y":-224,"width":150,"height":50},{"type":"speedBlock","x":149,"y":-224,"width":100,"height":50},{"type":"basicBlock","x":0,"y":-450,"width":99,"height":200},{"type":"lockBlock","x":0,"y":-300,"width":100,"height":100},{"type":"bounceBlock","x":-76,"y":-225,"width":50,"height":50},{"type":"basicBlock","x":-1,"y":-225,"width":99,"height":50},{"type":"basicBlock","x":-249,"y":-501,"width":99,"height":600},{"type":"spike30x","x":-192,"y":-347,"rotation":90},{"type":"spike30x","x":-192,"y":-644,"rotation":90},{"type":"speedBlock","x":625,"y":-226,"width":150,"height":50},{"type":"checkpoint","x":5,"y":-581},{"type":"pole","x":131,"y":-624},{"type":"pole","x":277,"y":-676},{"type":"pole","x":424,"y":-729},{"type":"pole","x":574,"y":-776},{"type":"shurikanDispenser","x":201,"y":-774},{"type":"shurikanDispenser","x":502,"y":-913},{"type":"classicLaser","x":329,"y":-819},{"type":"fallingBlock","x":701,"y":-751,"width":100,"height":100},{"type":"basicBlock","x":800,"y":-751,"width":99,"height":99},{"type":"basicBlock","x":998,"y":-750,"width":99,"height":99},{"type":"basicBlock","x":1197,"y":-750,"width":99,"height":99},{"type":"fallingBlock","x":899,"y":-750,"width":100,"height":100},{"type":"fallingBlock","x":1098,"y":-750,"width":100,"height":100},{"type":"fallingBlock","x":1296,"y":-750,"width":100,"height":100},{"type":"glassBlock","x":1498,"y":-750,"width":100,"height":100},{"type":"basicBlock","x":1593,"y":-950,"width":99,"height":800},{"type":"bouncingBuzzsaw","x":798,"y":-1003,"width":101},{"type":"bouncingBuzzsaw","x":998,"y":-1000,"width":101},{"type":"bouncingBuzzsaw","x":1207,"y":-1002,"width":101},{"type":"invisBlock","x":1396,"y":-575,"width":100,"height":450},{"type":"invisBlock","x":1594,"y":-401,"width":100,"height":100},{"type":"checkpoint","x":1604,"y":-479},{"type":"finishPortal","x":-249,"y":-827},{"type":"spike30x","x":1535,"y":-1125,"rotation":-90},{"type":"star","x":1296,"y":-575},{"type":"basicBlock","x":1791,"y":-854,"width":99,"height":1000},{"type":"pole","x":1472,"y":-1421},{"type":"pole","x":1322,"y":-1473},{"type":"bounceBlock","x":1101,"y":-1422,"width":100,"height":50},{"type":"spike10x","x":1792,"y":-1361,"rotation":0},{"type":"buzzsawOnStick","x":1820,"y":-764,"rotation":32},{"type":"buzzsawOnStick","x":1819,"y":-1102,"rotation":40},{"type":"basicBlock","x":859,"y":-1903,"width":900,"height":99},{"type":"spike30x","x":560,"y":-1846,"rotation":-180},{"type":"spike30x","x":856,"y":-1846,"rotation":-180},{"type":"spike30x","x":1158,"y":-1845,"rotation":-180},{"type":"pole","x":874,"y":-1723},{"type":"circularCannon","x":611,"y":-1600},{"type":"circularCannon","x":-14,"y":-1061},{"type":"buzzsaw","x":304,"y":-1746,"width":101},{"type":"buzzsaw","x":118,"y":-1599,"width":101},{"type":"buzzsaw","x":-44,"y":-1438,"width":101},{"type":"buzzsaw","x":-228,"y":-1260,"width":101},{"type":"classicLaser","x":1459,"y":-1615},{"type":"textFade","x":575,"y":448,"rotation":90,"textNum":5},{"type":"textFade","x":771,"y":457,"rotation":-90,"textNum":5},{"type":"textFade","x":586,"y":158,"rotation":-180,"textNum":5},{"type":"textFade","x":7,"y":-8,"rotation":0,"textNum":5},{"type":"textFade","x":1257,"y":-33,"rotation":-90,"textNum":5},{"type":"textFade","x":1170,"y":-324,"rotation":-180,"textNum":5},{"type":"textFade","x":-117,"y":-358,"rotation":-90,"textNum":5},{"type":"textFade","x":104,"y":-652,"rotation":-30,"textNum":5},{"type":"textFade","x":638,"y":-886,"rotation":0,"textNum":5},{"type":"textFade","x":1491,"y":-870,"rotation":90,"textNum":5},{"type":"textFade","x":1692,"y":-454,"rotation":-90,"textNum":5},{"type":"textFade","x":1597,"y":-1412,"rotation":-160,"textNum":5},{"type":"textFade","x":472,"y":-1596,"rotation":150,"textNum":5},{"type":"textFade","x":13,"y":-1185,"rotation":150,"textNum":5},{"type":"buzzsaw","x":593,"y":-1382,"width":101},{"type":"buzzsaw","x":274,"y":-1082,"width":101},{"type":"buzzsaw","x":428,"y":-1218,"width":101},{"type":"classicLaser","x":376,"y":292},{"type":"classicLaser","x":-129,"y":23},{"type":"shurikanDispenser","x":1148,"y":-359},{"type":"shurikanDispenser","x":840,"y":-380},{"type":"classicLaser","x":628,"y":-430},{"type":"classicLaser","x":372,"y":-431},{"type":"classicLaser","x":157,"y":-423},{"type":"buzzsawHorizontalFast","x":-110,"y":-452},{"type":"shurikanDispenser","x":170,"y":-1475},{"type":"shurikanDispenser","x":-136,"y":-1172},{"type":"buzzsawOnStick","x":614,"y":-1600,"rotation":264},{"type":"buzzsawOnStick","x":1004,"y":-749,"rotation":264},{"type":"buzzsawHorizontalFast","x":903,"y":642},{"type":"spike30x","x":702,"y":390,"rotation":90},{"type":"pole","x":227,"y":-1369},{"type":"circularCannon","x":1277,"y":-221},{"type":"spawnPoint","x":106,"y":437}]