[{"type":"basicBlock","x":845,"y":606,"width":500,"height":99},{"type":"elevatorGeneratorUp","x":1166,"y":625},{"type":"elevatorEliminator","x":1166,"y":6},{"type":"basicBlock","x":1487,"y":299,"width":150,"height":99},{"type":"swimmingPool","x":1994,"y":445,"width":600,"height":300},{"type":"checkpoint","x":1694,"y":192},{"type":"buzzsawVerticalDown","x":1486,"y":144},{"type":"basicBlock","x":2097,"y":215,"width":99,"height":400},{"type":"basicBlock","x":1681,"y":431,"width":99,"height":420},{"type":"basicBlock","x":2002,"y":591,"width":550,"height":99},{"type":"basicBlock","x":2303,"y":522,"width":99,"height":600},{"type":"buzzsaw","x":2108,"y":548,"width":101},{"type":"buzzsaw","x":2099,"y":402,"width":101},{"type":"elevatorGeneratorDown","x":2452,"y":-23},{"type":"elevatorEliminator","x":2459,"y":1066},{"type":"buzzsaw","x":2403,"y":344,"width":101},{"type":"buzzsaw","x":2499,"y":680,"width":101},{"type":"spike10x","x":2438,"y":1030,"rotation":0},{"type":"basicBlock","x":2179,"y":-4,"width":400,"height":99},{"type":"basicBlock","x":2039,"y":1045,"width":600,"height":99},{"type":"checkpoint","x":2282,"y":962},{"type":"pushBlock","x":2109,"y":951,"width":90,"height":90},{"type":"basicBlock","x":1579,"y":955,"width":350,"height":280},{"type":"basicBlock","x":1196,"y":1045,"width":500,"height":99},{"type":"pushBlock","x":1369,"y":963,"width":70,"height":70},{"type":"basicBlock","x":1285,"y":585,"width":99,"height":680},{"type":"basicBlock","x":645,"y":207,"width":99,"height":700},{"type":"basicBlock","x":3754,"y":748,"width":99,"height":500},{"type":"basicBlock","x":4256,"y":1029,"width":800,"height":99},{"type":"basicBlock","x":3923,"y":977,"width":250,"height":99},{"type":"basicBlock","x":3918,"y":562,"width":99,"height":500},{"type":"basicBlock","x":4104,"y":958,"width":200,"height":200},{"type":"basicBlock","x":4409,"y":790,"width":250,"height":150},{"type":"buzzsaw","x":3804,"y":930,"width":101},{"type":"buzzsaw","x":4206,"y":984,"width":101},{"type":"buzzsaw","x":4637,"y":981,"width":101},{"type":"buzzsaw","x":4116,"y":748,"width":101},{"type":"buzzsaw","x":4403,"y":858,"width":101},{"type":"checkpoint","x":3760,"y":472},{"type":"textFade","x":1452,"y":1049,"rotation":0,"textNum":22},{"type":"spike30x","x":1154,"y":589,"rotation":0},{"type":"spike30x","x":2355,"y":13,"rotation":-180},{"type":"textFade","x":2107,"y":1038,"rotation":0,"textNum":21},{"type":"star","x":1494,"y":371},{"type":"spike10x","x":1145,"y":43,"rotation":-180},{"type":"spike10x","x":1189,"y":43,"rotation":-180},{"type":"textFade","x":1891,"y":395,"rotation":0,"textNum":20},{"type":"spike10x","x":2482,"y":1030,"rotation":0},{"type":"textFade","x":1362,"y":207,"rotation":0,"textNum":15},{"type":"textFade","x":1846,"y":220,"rotation":90,"textNum":15},{"type":"textFade","x":2520,"y":154,"rotation":90,"textNum":15},{"type":"textFade","x":2268,"y":920,"rotation":-180,"textNum":15},{"type":"basicBlock","x":673,"y":854,"width":300,"height":50},{"type":"elevatorGeneratorUp","x":875,"y":1126},{"type":"elevatorEliminator","x":860,"y":624},{"type":"bounceBlock","x":1439,"y":698,"width":50,"height":50},{"type":"spike10x","x":1341,"y":341,"rotation":90},{"type":"spike10x","x":1624,"y":346,"rotation":-90},{"type":"spike10x","x":899,"y":1089,"rotation":0},{"type":"spike10x","x":855,"y":1090,"rotation":0},{"type":"basicBlock","x":475,"y":779,"width":99,"height":200},{"type":"shurikanSpawner","x":1567,"y":701,"rotation":90},{"type":"finishPortal","x":1189,"y":-52},{"type":"ziplinePole","x":663,"y":-173},{"type":"ziplinePole","x":1119,"y":-57},{"type":"verticalUpBlock","x":325,"y":577,"width":50,"height":50},{"type":"verticalUpBlock","x":-75,"y":377,"width":50,"height":50},{"type":"verticalUpBlock","x":325,"y":177,"width":50,"height":50},{"type":"checkpoint","x":474,"y":649},{"type":"horizontalBlockFast","x":127,"y":475,"width":50,"height":50},{"type":"horizontalBlockFast","x":127,"y":275,"width":50,"height":50},{"type":"verticalDownBlock","x":474,"y":72,"width":50,"height":50},{"type":"spike10x","x":1340,"y":426,"rotation":90},{"type":"spike10x","x":1624,"y":433,"rotation":-90},{"type":"textFade","x":1372,"y":769,"rotation":90,"textNum":15},{"type":"textFade","x":1004,"y":842,"rotation":-135,"textNum":15},{"type":"textFade","x":257,"y":615,"rotation":-90,"textNum":15},{"type":"textFade","x":405,"y":129,"rotation":-90,"textNum":15},{"type":"classicLaser","x":1021,"y":-195},{"type":"buzzsaw","x":2340,"y":1054,"width":101},{"type":"spike30x","x":1340,"y":512,"rotation":90},{"type":"spike10x","x":1623,"y":529,"rotation":-90},{"type":"spike10x","x":1624,"y":582,"rotation":-90},{"type":"spike10x","x":1341,"y":836,"rotation":90},{"type":"basicBlock","x":-250,"y":327,"width":99,"height":800},{"type":"spike30x","x":-193,"y":580,"rotation":90},{"type":"spike30x","x":-193,"y":284,"rotation":90},{"type":"spike30x","x":-195,"y":79,"rotation":90},{"type":"basicBlock","x":103,"y":698,"width":99,"height":99},{"type":"spike10x","x":103,"y":640,"rotation":0},{"type":"spike10x","x":161,"y":699,"rotation":90},{"type":"spike10x","x":103,"y":756,"rotation":-180},{"type":"spike10x","x":46,"y":698,"rotation":-90},{"type":"spike10x","x":-250,"y":736,"rotation":-180},{"type":"spike10x","x":-250,"y":-80,"rotation":0},{"type":"basicBlock","x":45,"y":100,"width":99,"height":99},{"type":"spike10x","x":46,"y":158,"rotation":-180},{"type":"spike10x","x":-12,"y":101,"rotation":-90},{"type":"spike10x","x":103,"y":99,"rotation":90},{"type":"spike10x","x":46,"y":43,"rotation":0},{"type":"spawnPoint","x":789,"y":531}]