[{"type":"spike10x","x":1538,"y":738,"rotation":0},{"type":"spike10x","x":1592,"y":737,"rotation":0},{"type":"spike30x","x":147,"y":-38,"rotation":-180},{"type":"basicBlock","x":95,"y":-97,"width":400,"height":100.05},{"type":"checkpoint","x":1443,"y":222},{"type":"checkpoint","x":103,"y":428},{"type":"basicBlock","x":387,"y":-306,"width":40,"height":40},{"type":"textFade","x":82,"y":55,"rotation":0,"textNum":17},{"type":"bounceBlock","x":21,"y":434,"width":50,"height":50},{"type":"basicBlock","x":693,"y":730,"width":200,"height":100.05},{"type":"textFade","x":688,"y":714,"rotation":0,"textNum":17},{"type":"basicBlock","x":444,"y":630,"width":300,"height":300},{"type":"pole","x":1266,"y":169},{"type":"textFade","x":1277,"y":107,"rotation":0,"textNum":23},{"type":"textFade","x":1268,"y":220,"rotation":0,"textNum":24},{"type":"basicBlock","x":11,"y":509,"width":300,"height":100.05},{"type":"pole","x":27,"y":72},{"type":"textFade","x":-91,"y":169,"rotation":0,"textNum":25},{"type":"iceBlock","x":1093,"y":754,"width":600,"height":150.05},{"type":"basicBlock","x":1443,"y":705,"width":100,"height":200},{"type":"textFade","x":883,"y":716,"rotation":0,"textNum":26},{"type":"textFade","x":1444,"y":163,"rotation":-180,"textNum":17},{"type":"basicBlock","x":-89,"y":203,"width":100,"height":700},{"type":"glassBlock","x":1790,"y":108,"width":100,"height":100.05},{"type":"textFade","x":1890,"y":-20,"rotation":0,"textNum":27},{"type":"glassBlock","x":1789,"y":313,"width":100,"height":100.05},{"type":"glassBlock","x":1790,"y":555,"width":100,"height":100.05},{"type":"textFade","x":436,"y":440,"rotation":-180,"textNum":17},{"type":"basicBlock","x":571,"y":164,"width":785.3,"height":50},{"type":"pole","x":233,"y":67},{"type":"pole","x":410,"y":26},{"type":"fallingBlock","x":-164,"y":-122,"width":50,"height":50},{"type":"fallingBlock","x":-314,"y":-122,"width":50,"height":50},{"type":"fallingBlock","x":-214,"y":-122,"width":50,"height":50},{"type":"fallingBlock","x":-264,"y":-122,"width":50,"height":50},{"type":"buzzsawOnStick","x":387,"y":-307,"rotation":126},{"type":"star","x":-230,"y":78},{"type":"basicBlock","x":1886,"y":-299,"width":269.1,"height":100.05},{"type":"pushBlock","x":2193,"y":656,"width":100,"height":100},{"type":"elevatorGeneratorUp","x":1567,"y":775},{"type":"elevatorEliminator","x":1566,"y":88},{"type":"bouncingBuzzsaw","x":877,"y":523,"width":50},{"type":"bouncingBuzzsaw","x":976,"y":473,"width":50},{"type":"bouncingBuzzsaw","x":1074,"y":523,"width":50},{"type":"bouncingBuzzsaw","x":1174,"y":475,"width":50},{"type":"bouncingBuzzsaw","x":1275,"y":525,"width":50},{"type":"ziplinePole","x":541,"y":452},{"type":"basicBlock","x":1444,"y":297,"width":99,"height":99},{"type":"basicBlock","x":1051,"y":342,"width":99,"height":99},{"type":"ziplinePole","x":1030,"y":265},{"type":"spike10x","x":1546,"y":127,"rotation":-180},{"type":"spike10x","x":1590,"y":126,"rotation":-180},{"type":"buzzsaw","x":222,"y":479,"width":101},{"type":"spike30x","x":816,"y":130,"rotation":0},{"type":"fallingBlock","x":-225,"y":125,"width":50,"height":50},{"type":"bounceBlock","x":-375,"y":124,"width":50,"height":50},{"type":"basicBlock","x":1889,"y":153,"width":99,"height":1000},{"type":"spike10x","x":-25,"y":-38,"rotation":-180},{"type":"bouncingBuzzsaw","x":-79,"y":-277,"width":50},{"type":"bouncingBuzzsaw","x":25,"y":-324,"width":50},{"type":"bouncingBuzzsaw","x":126,"y":-277,"width":50},{"type":"glassBlock","x":1790,"y":758,"width":100,"height":100},{"type":"basicBlock","x":1991,"y":807,"width":300,"height":200},{"type":"bounceBlock","x":2666,"y":832,"width":50,"height":50},{"type":"basicBlock","x":2117,"y":581,"width":50,"height":50},{"type":"glassBlock","x":2190,"y":757,"width":100,"height":100},{"type":"buzzsaw","x":1730,"y":312,"width":101},{"type":"buzzsaw","x":1857,"y":555,"width":101},{"type":"basicBlock","x":2291,"y":507,"width":100,"height":400},{"type":"pole","x":2024,"y":575},{"type":"iceBlock","x":2441,"y":857,"width":400,"height":100},{"type":"shurikanSpawner","x":2577,"y":707,"rotation":90},{"type":"shurikanSpawner","x":2359,"y":716,"rotation":90},{"type":"buzzsawOnStick","x":2470,"y":848,"rotation":160},{"type":"bounceBlock","x":2823,"y":73,"width":50,"height":50},{"type":"pole","x":1623,"y":-419},{"type":"pole","x":1775,"y":-476},{"type":"pole","x":1926,"y":-526},{"type":"basicBlock","x":1475,"y":-576,"width":50,"height":50},{"type":"finishPortal","x":66,"y":-512},{"type":"textFade","x":884,"y":-243,"rotation":15,"textNum":17},{"type":"textFade","x":1814,"y":-16,"rotation":90,"textNum":17},{"type":"textFade","x":2196,"y":513,"rotation":90,"textNum":17},{"type":"textFade","x":2724,"y":713,"rotation":-119.99999999999999,"textNum":17},{"type":"textFade","x":1583,"y":-502,"rotation":-119.99999999999999,"textNum":17},{"type":"basicBlock","x":127,"y":-471,"width":300,"height":30},{"type":"ziplinePole","x":250,"y":-516},{"type":"ziplinePole","x":1476,"y":-637},{"type":"buzzsaw","x":815,"y":-596,"width":50},{"type":"buzzsawOnStick","x":641,"y":-579,"rotation":160},{"type":"checkpoint","x":1901,"y":-373},{"type":"buzzsawOnStick","x":996,"y":-616,"rotation":160},{"type":"buzzsaw","x":1177,"y":-633,"width":50},{"type":"buzzsaw","x":460,"y":-561,"width":50},{"type":"basicBlock","x":-46,"y":-708,"width":50,"height":500},{"type":"buzzsaw","x":1009,"y":-421,"width":101},{"type":"buzzsaw","x":1319,"y":-425,"width":101},{"type":"buzzsaw","x":652,"y":-425,"width":101},{"type":"textFade","x":1345,"y":-685,"rotation":175,"textNum":17},{"type":"textFade","x":901,"y":243,"rotation":160,"textNum":17},{"type":"textFade","x":1473,"y":543,"rotation":-90,"textNum":17},{"type":"textFade","x":730,"y":9,"rotation":-50,"textNum":17},{"type":"bounceBlock","x":2825,"y":574,"width":50,"height":50},{"type":"bounceBlock","x":2626,"y":275,"width":50,"height":50},{"type":"basicBlock","x":1690,"y":433,"width":99,"height":750},{"type":"ziplinePole","x":392,"y":-349},{"type":"ziplinePole","x":1524,"y":33},{"type":"spike30x","x":329,"y":132,"rotation":0},{"type":"spike30x","x":589,"y":131,"rotation":0},{"type":"bounceBlock","x":650,"y":114,"width":50,"height":50},{"type":"checkpoint","x":1601,"y":28},{"type":"buzzsaw","x":925,"y":682,"width":50},{"type":"buzzsaw","x":1025,"y":682,"width":50},{"type":"buzzsaw","x":1125,"y":682,"width":50},{"type":"buzzsaw","x":1225,"y":682,"width":50},{"type":"buzzsawOnStick","x":1692,"y":455,"rotation":64},{"type":"classicLaser","x":1047,"y":120},{"type":"buzzsaw","x":222,"y":311,"width":101},{"type":"classicLaser","x":122,"y":154},{"type":"classicLaser","x":355,"y":-88},{"type":"buzzsawOnStick","x":696,"y":-270,"rotation":48},{"type":"buzzsawOnStick","x":1252,"y":-84,"rotation":48},{"type":"buzzsaw","x":1060,"y":-153,"width":50},{"type":"buzzsaw","x":1850,"y":311,"width":101},{"type":"buzzsaw","x":1736,"y":553,"width":101},{"type":"buzzsawOnStick","x":1890,"y":202,"rotation":48},{"type":"spike10x","x":2038,"y":699,"rotation":0},{"type":"spike10x","x":2091,"y":699,"rotation":0},{"type":"glassBlock","x":2190,"y":857,"width":100,"height":100},{"type":"classicLaser","x":2563,"y":481},{"type":"classicLaser","x":2857,"y":283},{"type":"bounceBlock","x":2527,"y":-75,"width":50,"height":50},{"type":"bounceBlock","x":2242,"y":-160,"width":50,"height":50},{"type":"classicLaser","x":2763,"y":-270},{"type":"classicLaser","x":2446,"y":-466},{"type":"spike10x","x":2290,"y":299,"rotation":0},{"type":"pole","x":1773,"y":-576},{"type":"pole","x":1620,"y":-624},{"type":"buzzsaw","x":1545,"y":-604,"width":50},{"type":"shurikanDispenser","x":1675,"y":-549},{"type":"shurikanDispenser","x":1875,"y":-692},{"type":"classicLaser","x":986,"y":-753},{"type":"classicLaser","x":629,"y":-727},{"type":"buzzsaw","x":190,"y":-479,"width":50},{"type":"checkpoint","x":1480,"y":-625},{"type":"spawnPoint","x":628,"y":662}]