[{"type":"basicBlock","x":-1151,"y":-351,"width":300,"height":99},{"type":"sparkBlock","x":-849,"y":-350,"width":100,"height":100},{"type":"textFade","x":-1146,"y":-350,"rotation":0,"textNum":35},{"type":"basicBlock","x":-1349,"y":-564,"width":300,"height":330},{"type":"sparkBlock","x":-624,"y":-351,"width":100,"height":100},{"type":"sparkBlock","x":-455,"y":-499,"width":100,"height":100},{"type":"sparkBlock","x":-628,"y":-550,"width":100,"height":100},{"type":"sparkBlock","x":-850,"y":-550,"width":100,"height":100},{"type":"basicBlock","x":-1049,"y":-551,"width":99,"height":99},{"type":"checkpoint","x":-1309,"y":-750},{"type":"textFade","x":-1383,"y":-661,"rotation":0,"textNum":37},{"type":"swimmingPool","x":-1799,"y":-550,"width":600,"height":200},{"type":"sparkBlock","x":-1751,"y":-702,"width":100,"height":100},{"type":"star","x":-1756,"y":-632},{"type":"basicBlock","x":-1873,"y":-425,"width":750,"height":50},{"type":"basicBlock","x":-2173,"y":-565,"width":150,"height":230},{"type":"elevatorGeneratorUp","x":-2173,"y":-700},{"type":"spike10x","x":-2201,"y":-738,"rotation":0},{"type":"spike10x","x":-2147,"y":-739,"rotation":0},{"type":"elevatorEliminator","x":-2174,"y":-1280},{"type":"spike10x","x":-2195,"y":-1242,"rotation":-180},{"type":"spike10x","x":-2152,"y":-1242,"rotation":-180},{"type":"ziplinePole","x":-2103,"y":-1292},{"type":"ziplinePole","x":-868,"y":-1074},{"type":"basicBlock","x":-824,"y":-1249,"width":99,"height":500},{"type":"pole","x":-1979,"y":-1169},{"type":"pole","x":-1826,"y":-1223},{"type":"fallingBlock","x":-1075,"y":-875,"width":50,"height":50},{"type":"fallingBlock","x":-1025,"y":-875,"width":50,"height":50},{"type":"fallingBlock","x":-975,"y":-875,"width":50,"height":50},{"type":"fallingBlock","x":-925,"y":-875,"width":50,"height":50},{"type":"fallingBlock","x":-875,"y":-875,"width":50,"height":50},{"type":"fallingBlock","x":-825,"y":-875,"width":50,"height":50},{"type":"basicBlock","x":-750,"y":-851,"width":99,"height":99},{"type":"checkpoint","x":-750,"y":-927},{"type":"basicBlock","x":-652,"y":-1016,"width":99,"height":430},{"type":"swimmingPool","x":-448,"y":-1025,"width":350,"height":250},{"type":"basicBlock","x":-409,"y":-851,"width":420,"height":100},{"type":"basicBlock","x":-248,"y":-1066,"width":99,"height":330},{"type":"sparkBlock","x":-652,"y":-851,"width":100,"height":100},{"type":"basicBlock","x":-451,"y":-1340,"width":99,"height":420},{"type":"basicBlock","x":-600,"y":-1500,"width":200,"height":99},{"type":"portal","x":-445,"y":-1587},{"type":"portal","x":649,"y":-275},{"type":"checkpoint","x":-625,"y":-1589},{"type":"elevatorGeneratorDown","x":26,"y":-1520},{"type":"elevatorEliminator","x":23,"y":-174},{"type":"spike10x","x":1,"y":-210,"rotation":0},{"type":"spike10x","x":45,"y":-210,"rotation":0},{"type":"quadrantRight","x":-54,"y":-1153,"rotation":0,"width":180},{"type":"quadrantRight","x":109,"y":-769,"rotation":0,"width":180},{"type":"quadrantRight","x":31,"y":-535,"rotation":0,"width":180},{"type":"bounceBlock","x":-1155,"y":172,"width":50,"height":50},{"type":"finishPortal","x":-1149,"y":-257},{"type":"basicBlock","x":-1252,"y":-104,"width":99,"height":400},{"type":"basicBlock","x":-1050,"y":-104,"width":99,"height":400},{"type":"spike30x","x":-994,"y":-233,"rotation":90},{"type":"spike30x","x":-997,"y":-50,"rotation":90},{"type":"speedBlockLeft","x":-1051,"y":-1499,"width":700,"height":100},{"type":"speedBlockLeft","x":-1803,"y":-1501,"width":500,"height":100},{"type":"circularCannon","x":-2154,"y":-1666},{"type":"fallingBlock","x":-1824,"y":-226,"width":50,"height":50},{"type":"basicBlock","x":-1249,"y":325,"width":99,"height":250},{"type":"circularCannon","x":-1475,"y":-1834},{"type":"basicBlock","x":-533,"y":-1775,"width":250,"height":50},{"type":"basicBlock","x":-2147,"y":-199,"width":200,"height":99},{"type":"fallingBlock","x":-2022,"y":-223,"width":50,"height":50},{"type":"fallingBlock","x":-1725,"y":326,"width":50,"height":50},{"type":"fallingBlock","x":-1525,"y":326,"width":50,"height":50},{"type":"fallingBlock","x":-1777,"y":125,"width":50,"height":50},{"type":"fallingBlock","x":-1323,"y":274,"width":50,"height":50},{"type":"fallingBlock","x":-1627,"y":-74,"width":50,"height":50},{"type":"iceBlock","x":349,"y":-189,"width":500,"height":100},{"type":"basicBlock","x":648,"y":-190,"width":99,"height":99},{"type":"quadrantRight","x":252,"y":-350,"rotation":0,"width":180},{"type":"quadrantRight","x":535,"y":-346,"rotation":0,"width":180},{"type":"quadrantLeft","x":388,"y":-251,"rotation":0,"width":180},{"type":"buzzsaw","x":-1472,"y":-1517,"width":101},{"type":"shurikanDispenser","x":-1971,"y":-1925},{"type":"shurikanDispenser","x":-1569,"y":-2014},{"type":"shurikanDispenser","x":-1082,"y":-2028},{"type":"spike30x","x":-1309,"y":-253,"rotation":-90},{"type":"spike30x","x":-1309,"y":-58,"rotation":-90},{"type":"buzzsawOnStick","x":-1270,"y":-85,"rotation":280},{"type":"buzzsawOnStick","x":-1057,"y":-1506,"rotation":280},{"type":"buzzsawOnStick","x":-1845,"y":-1503,"rotation":280},{"type":"bouncingBuzzsaw","x":-1675,"y":-1676,"width":50},{"type":"bouncingBuzzsaw","x":-1222,"y":-1678,"width":50},{"type":"portal","x":-437,"y":-1847},{"type":"portal","x":-2195,"y":-294},{"type":"spike30x","x":-2256,"y":-558,"rotation":-90},{"type":"spike10x","x":-2255,"y":-199,"rotation":-90},{"type":"classicLaser","x":-1708,"y":-316},{"type":"classicLaser","x":-2025,"y":-20},{"type":"classicLaser","x":-1582,"y":131},{"type":"classicLaser","x":-1440,"y":-234},{"type":"classicLaser","x":-1857,"y":334},{"type":"spike","x":-1107,"y":-578,"rotation":-90},{"type":"spike","x":-1106,"y":-554,"rotation":-90},{"type":"spike","x":-1105,"y":-533,"rotation":-90},{"type":"textFade","x":-1069,"y":-668,"rotation":-150,"textNum":15},{"type":"textFade","x":-842,"y":-450,"rotation":0,"textNum":15},{"type":"textFade","x":-2080,"y":-770,"rotation":-90,"textNum":15},{"type":"textFade","x":-2046,"y":-1071,"rotation":-45,"textNum":15},{"type":"textFade","x":-1635,"y":-1269,"rotation":15,"textNum":15},{"type":"textFade","x":-170,"y":-1232,"rotation":45,"textNum":15},{"type":"textFade","x":153,"y":-310,"rotation":0,"textNum":15},{"type":"textFade","x":-548,"y":-1208,"rotation":90,"textNum":15},{"type":"textFade","x":-798,"y":-1607,"rotation":-180,"textNum":15},{"type":"textFade","x":-1969,"y":-1729,"rotation":-30,"textNum":15},{"type":"textFade","x":-762,"y":-1843,"rotation":0,"textNum":15},{"type":"checkpoint","x":-2103,"y":-282},{"type":"textFade","x":-1935,"y":-237,"rotation":35,"textNum":15},{"type":"textFade","x":-1332,"y":194,"rotation":-35,"textNum":15},{"type":"buzzsawOnStick","x":-848,"y":-345,"rotation":264},{"type":"buzzsawVerticalDown","x":-739,"y":-649},{"type":"classicLaser","x":-487,"y":-670},{"type":"basicBlock","x":-2015,"y":-727,"width":50,"height":50},{"type":"classicLaser","x":-1622,"y":-531},{"type":"classicLaser","x":-2015,"y":-966},{"type":"classicLaser","x":-2335,"y":-1116},{"type":"buzzsaw","x":-1505,"y":-1212,"width":101},{"type":"buzzsaw","x":-1065,"y":-1134,"width":101},{"type":"buzzsaw","x":-2008,"y":-1299,"width":101},{"type":"quadrantLeft","x":26,"y":-1381,"rotation":0,"width":180},{"type":"quadrantLeft","x":26,"y":-969,"rotation":0,"width":180},{"type":"spike10x","x":-192,"y":-976,"rotation":90},{"type":"buzzsawOnStick","x":-16,"y":-174,"rotation":216},{"type":"bouncingBuzzsaw","x":-826,"y":-1675,"width":50},{"type":"bouncingBuzzsaw","x":-1974,"y":-1775,"width":50},{"type":"pole","x":-1928,"y":-1836},{"type":"pole","x":-1024,"y":-1875},{"type":"pole","x":-878,"y":-1923},{"type":"pole","x":-1777,"y":-1882},{"type":"pole","x":-1121,"y":-1826},{"type":"pole","x":-1232,"y":-1879},{"type":"buzzsawOnStick","x":-1247,"y":276,"rotation":184},{"type":"classicLaser","x":-1904,"y":138},{"type":"checkpoint","x":-242,"y":-1253},{"type":"spike30x","x":-882,"y":-1146,"rotation":-90},{"type":"spike30x","x":-882,"y":-1297,"rotation":-90},{"type":"spawnPoint","x":-1162,"y":-418}]