{"frames":{"NPC-932.png":{"frame":{"x":2,"y":2,"w":276,"h":286},"rotated":false,"trimmed":false,"spriteSourceSize":{"x":0,"y":0,"w":276,"h":286},"sourceSize":{"w":276,"h":286},"pivot":{"x":0.5,"y":0.5}},"NPC-931.png":{"frame":{"x":282,"y":2,"w":262,"h":241},"rotated":false,"trimmed":false,"spriteSourceSize":{"x":0,"y":0,"w":262,"h":241},"sourceSize":{"w":262,"h":241},"pivot":{"x":0.5,"y":0.5}},"NPC-893.png":{"frame":{"x":2,"y":292,"w":93,"h":259},"rotated":false,"trimmed":false,"spriteSourceSize":{"x":0,"y":0,"w":93,"h":259},"sourceSize":{"w":93,"h":259},"pivot":{"x":0.5,"y":0.5}},"NPC-895.png":{"frame":{"x":99,"y":292,"w":93,"h":258},"rotated":false,"trimmed":false,"spriteSourceSize":{"x":0,"y":0,"w":93,"h":258},"sourceSize":{"w":93,"h":258},"pivot":{"x":0.5,"y":0.5}},"NPC-918.png":{"frame":{"x":196,"y":292,"w":180,"h":258},"rotated":false,"trimmed":false,"spriteSourceSize":{"x":0,"y":0,"w":180,"h":258},"sourceSize":{"w":180,"h":258},"pivot":{"x":0.5,"y":0.5}},"NPC-892.png":{"frame":{"x":380,"y":247,"w":82,"h":255},"rotated":false,"trimmed":false,"spriteSourceSize":{"x":0,"y":0,"w":82,"h":255},"sourceSize":{"w":82,"h":255},"pivot":{"x":0.5,"y":0.5}},"NPC-894.png":{"frame":{"x":548,"y":2,"w":82,"h":254},"rotated":false,"trimmed":false,"spriteSourceSize":{"x":0,"y":0,"w":82,"h":254},"sourceSize":{"w":82,"h":254},"pivot":{"x":0.5,"y":0.5}},"NPC-939.png":{"frame":{"x":2,"y":555,"w":253,"h":192},"rotated":false,"trimmed":false,"spriteSourceSize":{"x":0,"y":0,"w":253,"h":192},"sourceSize":{"w":253,"h":192},"pivot":{"x":0.5,"y":0.5}},"NPC-940.png":{"frame":{"x":634,"y":2,"w":253,"h":208},"rotated":false,"trimmed":false,"spriteSourceSize":{"x":0,"y":0,"w":253,"h":208},"sourceSize":{"w":253,"h":208},"pivot":{"x":0.5,"y":0.5}},"NPC-864.png":{"frame":{"x":634,"y":214,"w":90,"h":252},"rotated":false,"trimmed":false,"spriteSourceSize":{"x":0,"y":0,"w":90,"h":252},"sourceSize":{"w":90,"h":252},"pivot":{"x":0.5,"y":0.5}},"NPC-949.png":{"frame":{"x":466,"y":470,"w":183,"h":252},"rotated":false,"trimmed":false,"spriteSourceSize":{"x":0,"y":0,"w":183,"h":252},"sourceSize":{"w":183,"h":252},"pivot":{"x":0.5,"y":0.5}},"NPC-917.png":{"frame":{"x":653,"y":470,"w":167,"h":249},"rotated":false,"trimmed":false,"spriteSourceSize":{"x":0,"y":0,"w":167,"h":249},"sourceSize":{"w":167,"h":249},"pivot":{"x":0.5,"y":0.5}},"NPC-948.png":{"frame":{"x":2,"y":751,"w":167,"h":248},"rotated":false,"trimmed":false,"spriteSourceSize":{"x":0,"y":0,"w":167,"h":248},"sourceSize":{"w":167,"h":248},"pivot":{"x":0.5,"y":0.5}},"NPC-920.png":{"frame":{"x":173,"y":751,"w":180,"h":247},"rotated":false,"trimmed":false,"spriteSourceSize":{"x":0,"y":0,"w":180,"h":247},"sourceSize":{"w":180,"h":247},"pivot":{"x":0.5,"y":0.5}},"NPC-919.png":{"frame":{"x":357,"y":726,"w":167,"h":238},"rotated":false,"trimmed":false,"spriteSourceSize":{"x":0,"y":0,"w":167,"h":238},"sourceSize":{"w":167,"h":238},"pivot":{"x":0.5,"y":0.5}},"NPC-951.png":{"frame":{"x":528,"y":726,"w":183,"h":236},"rotated":false,"trimmed":false,"spriteSourceSize":{"x":0,"y":0,"w":183,"h":236},"sourceSize":{"w":183,"h":236},"pivot":{"x":0.5,"y":0.5}},"NPC-950.png":{"frame":{"x":715,"y":723,"w":167,"h":232},"rotated":false,"trimmed":false,"spriteSourceSize":{"x":0,"y":0,"w":167,"h":232},"sourceSize":{"w":167,"h":232},"pivot":{"x":0.5,"y":0.5}},"NPC-881.png":{"frame":{"x":728,"y":214,"w":109,"h":221},"rotated":false,"trimmed":false,"spriteSourceSize":{"x":0,"y":0,"w":109,"h":221},"sourceSize":{"w":109,"h":221},"pivot":{"x":0.5,"y":0.5}},"NPC-882.png":{"frame":{"x":891,"y":2,"w":117,"h":221},"rotated":false,"trimmed":false,"spriteSourceSize":{"x":0,"y":0,"w":117,"h":221},"sourceSize":{"w":117,"h":221},"pivot":{"x":0.5,"y":0.5}},"NPC-935.png":{"frame":{"x":841,"y":227,"w":146,"h":217},"rotated":false,"trimmed":false,"spriteSourceSize":{"x":0,"y":0,"w":146,"h":217},"sourceSize":{"w":146,"h":217},"pivot":{"x":0.5,"y":0.5}},"NPC-896.png":{"frame":{"x":466,"y":247,"w":73,"h":209},"rotated":false,"trimmed":false,"spriteSourceSize":{"x":0,"y":0,"w":73,"h":209},"sourceSize":{"w":73,"h":209},"pivot":{"x":0.5,"y":0.5}},"NPC-938.png":{"frame":{"x":259,"y":554,"w":203,"h":107},"rotated":false,"trimmed":true,"spriteSourceSize":{"x":0,"y":0,"w":203,"h":107},"sourceSize":{"w":204,"h":107},"pivot":{"x":0.5,"y":0.5}},"NPC-865.png":{"frame":{"x":543,"y":260,"w":70,"h":201},"rotated":false,"trimmed":false,"spriteSourceSize":{"x":0,"y":0,"w":70,"h":201},"sourceSize":{"w":70,"h":201},"pivot":{"x":0.5,"y":0.5}},"NPC-897.png":{"frame":{"x":886,"y":448,"w":75,"h":200},"rotated":false,"trimmed":false,"spriteSourceSize":{"x":0,"y":0,"w":75,"h":200},"sourceSize":{"w":75,"h":200},"pivot":{"x":0.5,"y":0.5}},"NPC-936.png":{"frame":{"x":2,"y":1003,"w":195,"h":166},"rotated":false,"trimmed":false,"spriteSourceSize":{"x":0,"y":0,"w":195,"h":166},"sourceSize":{"w":195,"h":166},"pivot":{"x":0.5,"y":0.5}},"NPC-898.png":{"frame":{"x":357,"y":968,"w":75,"h":192},"rotated":false,"trimmed":true,"spriteSourceSize":{"x":0,"y":0,"w":75,"h":192},"sourceSize":{"w":75,"h":209},"pivot":{"x":0.5,"y":0.5}},"NPC-937.png":{"frame":{"x":436,"y":968,"w":151,"h":185},"rotated":false,"trimmed":false,"spriteSourceSize":{"x":0,"y":0,"w":151,"h":185},"sourceSize":{"w":151,"h":185},"pivot":{"x":0.5,"y":0.5}},"NPC-867.png":{"frame":{"x":591,"y":966,"w":86,"h":184},"rotated":false,"trimmed":false,"spriteSourceSize":{"x":0,"y":0,"w":86,"h":184},"sourceSize":{"w":86,"h":184},"pivot":{"x":0.5,"y":0.5}},"NPC-899.png":{"frame":{"x":681,"y":966,"w":78,"h":183},"rotated":false,"trimmed":true,"spriteSourceSize":{"x":0,"y":0,"w":78,"h":183},"sourceSize":{"w":78,"h":200},"pivot":{"x":0.5,"y":0.5}},"NPC-866.png":{"frame":{"x":886,"y":652,"w":99,"h":179},"rotated":false,"trimmed":false,"spriteSourceSize":{"x":0,"y":0,"w":99,"h":179},"sourceSize":{"w":99,"h":179},"pivot":{"x":0.5,"y":0.5}},"NPC-901.png":{"frame":{"x":824,"y":448,"w":58,"h":168},"rotated":false,"trimmed":false,"spriteSourceSize":{"x":0,"y":0,"w":58,"h":168},"sourceSize":{"w":58,"h":168},"pivot":{"x":0.5,"y":0.5}},"NPC-868.png":{"frame":{"x":201,"y":1002,"w":92,"h":167},"rotated":false,"trimmed":false,"spriteSourceSize":{"x":0,"y":0,"w":92,"h":167},"sourceSize":{"w":92,"h":167},"pivot":{"x":0.5,"y":0.5}},"NPC-909.png":{"frame":{"x":886,"y":835,"w":92,"h":167},"rotated":false,"trimmed":false,"spriteSourceSize":{"x":0,"y":0,"w":92,"h":167},"sourceSize":{"w":92,"h":167},"pivot":{"x":0.5,"y":0.5}},"NPC-912.png":{"frame":{"x":763,"y":959,"w":92,"h":167},"rotated":false,"trimmed":false,"spriteSourceSize":{"x":0,"y":0,"w":92,"h":167},"sourceSize":{"w":92,"h":167},"pivot":{"x":0.5,"y":0.5}},"NPC-927.png":{"frame":{"x":1012,"y":2,"w":156,"h":167},"rotated":false,"trimmed":false,"spriteSourceSize":{"x":0,"y":0,"w":156,"h":167},"sourceSize":{"w":156,"h":167},"pivot":{"x":0.5,"y":0.5}},"NPC-924.png":{"frame":{"x":965,"y":448,"w":106,"h":164},"rotated":false,"trimmed":false,"spriteSourceSize":{"x":0,"y":0,"w":106,"h":164},"sourceSize":{"w":106,"h":164},"pivot":{"x":0.5,"y":0.5}},"NPC-908.png":{"frame":{"x":859,"y":1006,"w":89,"h":162},"rotated":false,"trimmed":false,"spriteSourceSize":{"x":0,"y":0,"w":89,"h":162},"sourceSize":{"w":89,"h":162},"pivot":{"x":0.5,"y":0.5}},"NPC-910.png":{"frame":{"x":952,"y":1006,"w":89,"h":162},"rotated":false,"trimmed":false,"spriteSourceSize":{"x":0,"y":0,"w":89,"h":162},"sourceSize":{"w":89,"h":162},"pivot":{"x":0.5,"y":0.5}},"NPC-926.png":{"frame":{"x":982,"y":835,"w":147,"h":159},"rotated":false,"trimmed":false,"spriteSourceSize":{"x":0,"y":0,"w":147,"h":159},"sourceSize":{"w":147,"h":159},"pivot":{"x":0.5,"y":0.5}},"NPC-929.png":{"frame":{"x":1012,"y":173,"w":152,"h":158},"rotated":false,"trimmed":false,"spriteSourceSize":{"x":0,"y":0,"w":152,"h":158},"sourceSize":{"w":152,"h":158},"pivot":{"x":0.5,"y":0.5}},"NPC-900.png":{"frame":{"x":1045,"y":998,"w":58,"h":157},"rotated":false,"trimmed":false,"spriteSourceSize":{"x":0,"y":0,"w":58,"h":157},"sourceSize":{"w":58,"h":157},"pivot":{"x":0.5,"y":0.5}},"NPC-928.png":{"frame":{"x":989,"y":616,"w":157,"h":131},"rotated":false,"trimmed":false,"spriteSourceSize":{"x":0,"y":0,"w":157,"h":131},"sourceSize":{"w":157,"h":131},"pivot":{"x":0.5,"y":0.5}},"NPC-955.png":{"frame":{"x":1172,"y":2,"w":99,"h":156},"rotated":false,"trimmed":false,"spriteSourceSize":{"x":0,"y":0,"w":99,"h":156},"sourceSize":{"w":99,"h":156},"pivot":{"x":0.5,"y":0.5}},"NPC-903.png":{"frame":{"x":1107,"y":998,"w":58,"h":154},"rotated":false,"trimmed":false,"spriteSourceSize":{"x":0,"y":0,"w":58,"h":154},"sourceSize":{"w":58,"h":154},"pivot":{"x":0.5,"y":0.5}},"NPC-923.png":{"frame":{"x":1150,"y":335,"w":105,"h":151},"rotated":false,"trimmed":false,"spriteSourceSize":{"x":0,"y":0,"w":105,"h":151},"sourceSize":{"w":105,"h":151},"pivot":{"x":0.5,"y":0.5}},"NPC-930.png":{"frame":{"x":1150,"y":490,"w":109,"h":148},"rotated":false,"trimmed":false,"spriteSourceSize":{"x":0,"y":0,"w":109,"h":148},"sourceSize":{"w":109,"h":148},"pivot":{"x":0.5,"y":0.5}},"NPC-954.png":{"frame":{"x":1150,"y":642,"w":105,"h":148},"rotated":false,"trimmed":false,"spriteSourceSize":{"x":0,"y":0,"w":105,"h":148},"sourceSize":{"w":105,"h":148},"pivot":{"x":0.5,"y":0.5}},"NPC-902.png":{"frame":{"x":1075,"y":335,"w":58,"h":144},"rotated":false,"trimmed":false,"spriteSourceSize":{"x":0,"y":0,"w":58,"h":144},"sourceSize":{"w":58,"h":144},"pivot":{"x":0.5,"y":0.5}},"NPC-922.png":{"frame":{"x":1133,"y":794,"w":106,"h":144},"rotated":false,"trimmed":true,"spriteSourceSize":{"x":0,"y":0,"w":106,"h":144},"sourceSize":{"w":106,"h":147},"pivot":{"x":0.5,"y":0.5}},"NPC-953.png":{"frame":{"x":1172,"y":162,"w":99,"h":141},"rotated":false,"trimmed":true,"spriteSourceSize":{"x":0,"y":0,"w":99,"h":141},"sourceSize":{"w":99,"h":142},"pivot":{"x":0.5,"y":0.5}},"NPC-906.png":{"frame":{"x":297,"y":1002,"w":52,"h":137},"rotated":false,"trimmed":false,"spriteSourceSize":{"x":0,"y":0,"w":52,"h":137},"sourceSize":{"w":52,"h":137},"pivot":{"x":0.5,"y":0.5}},"NPC-907.png":{"frame":{"x":1169,"y":942,"w":61,"h":137},"rotated":false,"trimmed":false,"spriteSourceSize":{"x":0,"y":0,"w":61,"h":137},"sourceSize":{"w":61,"h":137},"pivot":{"x":0.5,"y":0.5}},"NPC-947.png":{"frame":{"x":2,"y":1173,"w":135,"h":111},"rotated":false,"trimmed":false,"spriteSourceSize":{"x":0,"y":0,"w":135,"h":111},"sourceSize":{"w":135,"h":111},"pivot":{"x":0.5,"y":0.5}},"NPC-915.png":{"frame":{"x":763,"y":1130,"w":64,"h":134},"rotated":false,"trimmed":false,"spriteSourceSize":{"x":0,"y":0,"w":64,"h":134},"sourceSize":{"w":64,"h":134},"pivot":{"x":0.5,"y":0.5}},"NPC-952.png":{"frame":{"x":1275,"y":2,"w":105,"h":133},"rotated":false,"trimmed":true,"spriteSourceSize":{"x":0,"y":0,"w":105,"h":133},"sourceSize":{"w":105,"h":134},"pivot":{"x":0.5,"y":0.5}},"NPC-880.png":{"frame":{"x":1243,"y":794,"w":132,"h":82},"rotated":false,"trimmed":false,"spriteSourceSize":{"x":0,"y":0,"w":132,"h":82},"sourceSize":{"w":132,"h":82},"pivot":{"x":0.5,"y":0.5}},"NPC-921.png":{"frame":{"x":1275,"y":139,"w":105,"h":132},"rotated":false,"trimmed":true,"spriteSourceSize":{"x":0,"y":0,"w":105,"h":132},"sourceSize":{"w":105,"h":134},"pivot":{"x":0.5,"y":0.5}},"NPC-916.png":{"frame":{"x":1045,"y":1159,"w":61,"h":125},"rotated":false,"trimmed":false,"spriteSourceSize":{"x":0,"y":0,"w":61,"h":125},"sourceSize":{"w":61,"h":125},"pivot":{"x":0.5,"y":0.5}},"NPC-877.png":{"frame":{"x":297,"y":1164,"w":69,"h":120},"rotated":false,"trimmed":false,"spriteSourceSize":{"x":0,"y":0,"w":69,"h":120},"sourceSize":{"w":69,"h":120},"pivot":{"x":0.5,"y":0.5}},"NPC-925.png":{"frame":{"x":1259,"y":307,"w":120,"h":45},"rotated":false,"trimmed":false,"spriteSourceSize":{"x":0,"y":0,"w":120,"h":45},"sourceSize":{"w":120,"h":45},"pivot":{"x":0.5,"y":0.5}},"NPC-869.png":{"frame":{"x":1263,"y":356,"w":117,"h":63},"rotated":false,"trimmed":false,"spriteSourceSize":{"x":0,"y":0,"w":117,"h":63},"sourceSize":{"w":117,"h":63},"pivot":{"x":0.5,"y":0.5}},"NPC-933.png":{"frame":{"x":1259,"y":423,"w":117,"h":63},"rotated":false,"trimmed":false,"spriteSourceSize":{"x":0,"y":0,"w":117,"h":63},"sourceSize":{"w":117,"h":63},"pivot":{"x":0.5,"y":0.5}},"NPC-946.png":{"frame":{"x":370,"y":1164,"w":106,"h":115},"rotated":false,"trimmed":false,"spriteSourceSize":{"x":0,"y":0,"w":106,"h":115},"sourceSize":{"w":106,"h":115},"pivot":{"x":0.5,"y":0.5}},"NPC-876.png":{"frame":{"x":141,"y":1173,"w":93,"h":109},"rotated":false,"trimmed":false,"spriteSourceSize":{"x":0,"y":0,"w":93,"h":109},"sourceSize":{"w":93,"h":109},"pivot":{"x":0.5,"y":0.5}},"NPC-889.png":{"frame":{"x":831,"y":1172,"w":91,"h":107},"rotated":false,"trimmed":false,"spriteSourceSize":{"x":0,"y":0,"w":91,"h":107},"sourceSize":{"w":91,"h":107},"pivot":{"x":0.5,"y":0.5}},"NPC-875.png":{"frame":{"x":926,"y":1172,"w":102,"h":105},"rotated":false,"trimmed":false,"spriteSourceSize":{"x":0,"y":0,"w":102,"h":105},"sourceSize":{"w":102,"h":105},"pivot":{"x":0.5,"y":0.5}},"NPC-874.png":{"frame":{"x":1263,"y":490,"w":102,"h":100},"rotated":false,"trimmed":false,"spriteSourceSize":{"x":0,"y":0,"w":102,"h":100},"sourceSize":{"w":102,"h":100},"pivot":{"x":0.5,"y":0.5}},"NPC-878.png":{"frame":{"x":480,"y":1157,"w":83,"h":97},"rotated":false,"trimmed":false,"spriteSourceSize":{"x":0,"y":0,"w":83,"h":97},"sourceSize":{"w":83,"h":97},"pivot":{"x":0.5,"y":0.5}},"NPC-879.png":{"frame":{"x":681,"y":1153,"w":78,"h":97},"rotated":false,"trimmed":false,"spriteSourceSize":{"x":0,"y":0,"w":78,"h":97},"sourceSize":{"w":78,"h":97},"pivot":{"x":0.5,"y":0.5}},"NPC-873.png":{"frame":{"x":991,"y":335,"w":78,"h":96},"rotated":false,"trimmed":false,"spriteSourceSize":{"x":0,"y":0,"w":78,"h":96},"sourceSize":{"w":78,"h":96},"pivot":{"x":0.5,"y":0.5}},"NPC-870.png":{"frame":{"x":591,"y":1154,"w":84,"h":93},"rotated":false,"trimmed":false,"spriteSourceSize":{"x":0,"y":0,"w":84,"h":93},"sourceSize":{"w":84,"h":93},"pivot":{"x":0.5,"y":0.5}},"NPC-883.png":{"frame":{"x":259,"y":665,"w":82,"h":82},"rotated":false,"trimmed":false,"spriteSourceSize":{"x":0,"y":0,"w":82,"h":82},"sourceSize":{"w":82,"h":82},"pivot":{"x":0.5,"y":0.5}},"NPC-890.png":{"frame":{"x":989,"y":751,"w":82,"h":78},"rotated":false,"trimmed":false,"spriteSourceSize":{"x":0,"y":0,"w":82,"h":78},"sourceSize":{"w":82,"h":78},"pivot":{"x":0.5,"y":0.5}},"NPC-941.png":{"frame":{"x":345,"y":665,"w":79,"h":49},"rotated":false,"trimmed":false,"spriteSourceSize":{"x":0,"y":0,"w":79,"h":49},"sourceSize":{"w":79,"h":49},"pivot":{"x":0.5,"y":0.5}},"NPC-872.png":{"frame":{"x":1075,"y":483,"w":70,"h":76},"rotated":false,"trimmed":false,"spriteSourceSize":{"x":0,"y":0,"w":70,"h":76},"sourceSize":{"w":70,"h":76},"pivot":{"x":0.5,"y":0.5}},"NPC-871.png":{"frame":{"x":1263,"y":594,"w":71,"h":73},"rotated":false,"trimmed":false,"spriteSourceSize":{"x":0,"y":0,"w":71,"h":73},"sourceSize":{"w":71,"h":73},"pivot":{"x":0.5,"y":0.5}},"NPC-885.png":{"frame":{"x":1075,"y":563,"w":71,"h":46},"rotated":false,"trimmed":false,"spriteSourceSize":{"x":0,"y":0,"w":71,"h":46},"sourceSize":{"w":71,"h":46},"pivot":{"x":0.5,"y":0.5}},"NPC-943.png":{"frame":{"x":1259,"y":671,"w":59,"h":67},"rotated":false,"trimmed":false,"spriteSourceSize":{"x":0,"y":0,"w":59,"h":67},"sourceSize":{"w":59,"h":67},"pivot":{"x":0.5,"y":0.5}},"NPC-905.png":{"frame":{"x":1075,"y":751,"w":47,"h":66},"rotated":false,"trimmed":false,"spriteSourceSize":{"x":0,"y":0,"w":47,"h":66},"sourceSize":{"w":47,"h":66},"pivot":{"x":0.5,"y":0.5}},"NPC-944.png":{"frame":{"x":1243,"y":880,"w":65,"h":50},"rotated":false,"trimmed":false,"spriteSourceSize":{"x":0,"y":0,"w":65,"h":50},"sourceSize":{"w":65,"h":50},"pivot":{"x":0.5,"y":0.5}},"NPC-942.png":{"frame":{"x":238,"y":1173,"w":55,"h":64},"rotated":false,"trimmed":false,"spriteSourceSize":{"x":0,"y":0,"w":55,"h":64},"sourceSize":{"w":55,"h":64},"pivot":{"x":0.5,"y":0.5}},"NPC-945.png":{"frame":{"x":1312,"y":880,"w":64,"h":56},"rotated":false,"trimmed":false,"spriteSourceSize":{"x":0,"y":0,"w":64,"h":56},"sourceSize":{"w":64,"h":56},"pivot":{"x":0.5,"y":0.5}},"NPC-914.png":{"frame":{"x":824,"y":620,"w":49,"h":60},"rotated":false,"trimmed":false,"spriteSourceSize":{"x":0,"y":0,"w":49,"h":60},"sourceSize":{"w":49,"h":60},"pivot":{"x":0.5,"y":0.5}},"NPC-886.png":{"frame":{"x":1322,"y":671,"w":44,"h":59},"rotated":false,"trimmed":false,"spriteSourceSize":{"x":0,"y":0,"w":44,"h":59},"sourceSize":{"w":44,"h":59},"pivot":{"x":0.5,"y":0.5}},"NPC-887.png":{"frame":{"x":1243,"y":934,"w":52,"h":58},"rotated":false,"trimmed":false,"spriteSourceSize":{"x":0,"y":0,"w":52,"h":58},"sourceSize":{"w":52,"h":58},"pivot":{"x":0.5,"y":0.5}},"NPC-888.png":{"frame":{"x":1322,"y":734,"w":52,"h":52},"rotated":false,"trimmed":false,"spriteSourceSize":{"x":0,"y":0,"w":52,"h":52},"sourceSize":{"w":52,"h":52},"pivot":{"x":0.5,"y":0.5}},"NPC-891.png":{"frame":{"x":282,"y":247,"w":50,"h":37},"rotated":false,"trimmed":false,"spriteSourceSize":{"x":0,"y":0,"w":50,"h":37},"sourceSize":{"w":50,"h":37},"pivot":{"x":0.5,"y":0.5}},"NPC-913.png":{"frame":{"x":1259,"y":742,"w":44,"h":48},"rotated":false,"trimmed":false,"spriteSourceSize":{"x":0,"y":0,"w":44,"h":48},"sourceSize":{"w":44,"h":48},"pivot":{"x":0.5,"y":0.5}},"NPC-904.png":{"frame":{"x":1338,"y":594,"w":41,"h":45},"rotated":false,"trimmed":false,"spriteSourceSize":{"x":0,"y":0,"w":41,"h":45},"sourceSize":{"w":41,"h":45},"pivot":{"x":0.5,"y":0.5}},"NPC-884.png":{"frame":{"x":238,"y":1241,"w":44,"h":38},"rotated":false,"trimmed":false,"spriteSourceSize":{"x":0,"y":0,"w":44,"h":38},"sourceSize":{"w":44,"h":38},"pivot":{"x":0.5,"y":0.5}}},"meta":{"app":"http://github.com/odrick/free-tex-packer-core","version":"0.1.9","image":"j.png","format":"RGBA8888","size":{"w":2048,"h":2048},"scale":1}}